成都合院二期,2室2厅1厨1卫,85.89㎡,gaoxinxi1,中楼层 (共18层),东南,120万,13972元/平米,2015年
橙郡一期,2室2厅1厨1卫,83.97㎡,gaoxinxi1,中楼层 (共17层),南,146万,17388元/平米,2007年
万景峰一期,3室2厅1厨2卫,85.85㎡,gaoxinxi1,中楼层 (共33层),西南,115万,13396元/平米,2012年
橙郡二期,2室2厅1厨1卫,79.9㎡,gaoxinxi1,中楼层 (共17层),南,136万,17022元/平米,2007年
熙岸,3室2厅1厨2卫,139.18㎡,gaoxinxi1,低楼层 (共6层),南,288万,20693元/平米,2009年
橙郡一期,3室2厅1厨2卫,121.48㎡,gaoxinxi1,高楼层 (共17层),南,220万,18110元/平米,2007年
成都合院二期,3室2厅1厨2卫,126.91㎡,gaoxinxi1,中楼层 (共18层),东北,148万,11662元/平米,2015年
成都合院二期,3室2厅1厨2卫,124.79㎡,gaoxinxi1,中楼层 (共18层),西南 东北,248万,19874元/平米,2015年
橙郡二期,2室1厅1厨1卫,86㎡,gaoxinxi1,低楼层 (共17层),西南,150万,17442元/平米,2007年
橙郡一期,2室1厅1厨1卫,90.12㎡,gaoxinxi1,中楼层 (共17层),南,155万,17200元/平米,2007年
万景峰一期,4室2厅1厨1卫,86.51㎡,gaoxinxi1,低楼层 (共33层),西北,125万,14450元/平米,2012年
橙郡一期,3室2厅1厨2卫,125.63㎡,gaoxinxi1,中楼层 (共17层),东南,217.2万,17289元/平米,2007年
万景峰一期,3室2厅1厨2卫,90.08㎡,gaoxinxi1,低楼层 (共33层),南,135万,14987元/平米,2012年
万景峰二期,2室0厅2厨2卫,39.23㎡,gaoxinxi1,中楼层 (共17层),东南,38万,9687元/平米,2012年
橙郡三期,3室2厅1厨1卫,92㎡,gaoxinxi1,高楼层 (共17层),东,170万,18479元/平米,2007年
中房学府海棠一期,2室2厅1厨2卫,85.01㎡,gaoxinxi1,低楼层 (共27层),东南,90万,10587元/平米,2013年
万景峰一期,3室1厅1厨2卫,86㎡,gaoxinxi1,中楼层 (共33层),南,120万,13954元/平米,2012年
林庭叠院,4室2厅1厨2卫,151.44㎡,gaoxinxi1,低楼层 (共9层),东南,395万,26083元/平米,2006年
成都合院二期,2室2厅1厨1卫,86.56㎡,gaoxinxi1,高楼层 (共18层),西南,160万,18485元/平米,2015年
保利香槟国际,3室2厅1厨2卫,113.43㎡,gaoxinxi1,中楼层 (共16层),东北,225万,19837元/平米,2012年
芙华金色海伦,3室2厅1厨1卫,92.4㎡,gaoxinxi1,低楼层 (共10层),西北,122万,13204元/平米,2010年
橙郡三期,2室2厅1厨1卫,84.34㎡,gaoxinxi1,高楼层 (共17层),东北,160万,18971元/平米,2007年
万景峰一期,3室2厅1厨1卫,86.62㎡,gaoxinxi1,高楼层 (共33层),西南,120万,13854元/平米,2012年
保利香槟国际,3室2厅1厨2卫,97.35㎡,gaoxinxi1,高楼层 (共16层),东南,184万,18901元/平米,2012年
万景峰二期,2室0厅2厨2卫,38.51㎡,gaoxinxi1,高楼层 (共17层),西南,37万,9608元/平米,2012年
上锦颐园,3室2厅1厨1卫,89.06㎡,gaoxinxi1,低楼层 (共27层),西南,91万,10218元/平米,2008年
上锦颐园佳境,2室1厅1厨1卫,85.9㎡,gaoxinxi1,低楼层 (共26层),西南,82万,9546元/平米,2011年
橙郡一期,2室2厅1厨1卫,83.97㎡,gaoxinxi1,低楼层 (共17层),南,157万,18698元/平米,2007年
万景峰一期,3室1厅1厨2卫,85.96㎡,gaoxinxi1,中楼层 (共33层),南,110万,12797元/平米,2012年
橙郡一期,2室2厅1厨1卫,89.78㎡,gaoxinxi1,中楼层 (共17层),南,200万,22277元/平米,2007年
万景峰一期,4室2厅1厨1卫,86.51㎡,gaoxinxi1,高楼层 (共33层),东北,120万,13872元/平米,2012年
万景峰一期,3室2厅1厨2卫,77.8㎡,gaoxinxi1,高楼层 (共33层),西北,150万,19281元/平米,2012年
橙郡一期,3室2厅1厨2卫,121.52㎡,gaoxinxi1,低楼层 (共17层),北,220万,18105元/平米,2007年
上锦颐园,3室2厅1厨1卫,88.11㎡,gaoxinxi1,低楼层 (共27层),东南,100万,11350元/平米,2008年
万景峰二期,3室2厅1厨1卫,75.2㎡,gaoxinxi1,高楼层 (共33层),东 东北,110万,14628元/平米,2012年
成都合院一期,3室2厅1厨2卫,106.55㎡,gaoxinxi1,低楼层 (共18层),东北,155万,14548元/平米,2012年
橙郡一期,3室1厅1厨2卫,122㎡,gaoxinxi1,高楼层 (共17层),南,225万,18443元/平米,2007年
万景峰一期,3室2厅1厨2卫,84.5㎡,gaoxinxi1,低楼层 (共33层),东南,120万,14202元/平米,2012年
橙郡三期,3室2厅1厨1卫,89.26㎡,gaoxinxi1,低楼层 (共17层),东北,163万,18262元/平米,2007年
碧林,3室2厅1厨2卫,140.38㎡,gaoxinxi1,低楼层 (共6层),南,265万,18878元/平米,2007年
上锦颐园,2室1厅1厨1卫,89㎡,gaoxinxi1,中楼层 (共25层),东南,75万,8427元/平米,2008年
保利香槟国际,2室1厅1厨1卫,85.96㎡,gaoxinxi1,高楼层 (共16层),西南,170万,19777元/平米,2012年
熙岸,3室2厅1厨2卫,121.1㎡,gaoxinxi1,中楼层 (共6层),西南,285万,23535元/平米,2009年
龙湖时代天街,4室2厅1厨2卫,147.85㎡,gaoxinxi1,高楼层 (共30层),西南,258万,17451元/平米,2015年
万景峰一期,4室2厅1厨2卫,108.98㎡,gaoxinxi1,中楼层 (共33层),东,160万,14682元/平米,2012年
万景峰二期,2室0厅2厨2卫,39.19㎡,gaoxinxi1,中楼层 (共17层),东南,38万,9697元/平米,2012年
上锦颐园佳境,3室2厅1厨1卫,96㎡,gaoxinxi1,高楼层 (共26层),南,138万,14375元/平米,2011年
上锦颐园,2室2厅1厨1卫,89.26㎡,gaoxinxi1,中楼层 (共24层),东南,110万,12324元/平米,2008年
上锦颐园,1室1厅1厨1卫,64㎡,gaoxinxi1,低楼层 (共25层),东南,64万,10000元/平米,2008年
上锦颐园,1室1厅1厨1卫,64㎡,gaoxinxi1,中楼层 (共25层),东南,65万,10157元/平米,2008年
保利香槟国际,1室1厅1厨1卫,41.9㎡,gaoxinxi1,高楼层 (共10层),东南,57.5万,13724元/平米,2012年
上锦颐园,1室1厅1厨1卫,64.1㎡,gaoxinxi1,中楼层 (共25层),南,60万,9361元/平米,2008年
龙湖时代天街,2室2厅1厨1卫,76.69㎡,gaoxinxi1,高楼层 (共29层),东南,110万,14344元/平米,2017年
万景峰一期,4室2厅1厨1卫,88.87㎡,gaoxinxi1,高楼层 (共33层),西北 北,120万,13503元/平米,2012年
万景峰二期,2室0厅2厨2卫,43㎡,gaoxinxi1,高楼层 (共17层),西南,36万,8373元/平米,2012年
万景峰二期,2室0厅2厨0卫,43.19㎡,gaoxinxi1,高楼层 (共17层),东南,38万,8799元/平米,2012年
龙湖时代天街,3室2厅1厨1卫,105㎡,gaoxinxi1,低楼层 (共30层),西南,150万,14286元/平米,2015年
上锦颐园,3室2厅1厨1卫,84.28㎡,gaoxinxi1,中楼层 (共24层),东南,98万,11628元/平米,2008年
万景峰二期,3室2厅1厨2卫,81.6㎡,gaoxinxi1,低楼层 (共33层),南 北,118万,14461元/平米,2012年
万景峰二期,3室1厅1厨1卫,75.54㎡,gaoxinxi1,中楼层 (共33层),东南,105万,13900元/平米,2012年
芙华金色海伦,4室2厅1厨2卫,108.45㎡,gaoxinxi1,高楼层 (共10层),东南,190万,17520元/平米,2010年
万景峰二期,3室2厅1厨1卫,75.55㎡,gaoxinxi1,高楼层 (共33层),南,188万,24885元/平米,2012年
万景峰二期,2室0厅1厨2卫,41.87㎡,gaoxinxi1,高楼层 (共17层),东南,42万,10032元/平米,2012年
万景峰一期,4室2厅1厨1卫,86.69㎡,gaoxinxi1,低楼层 (共33层),东南,118万,13612元/平米,2012年
保利香槟国际,3室2厅1厨1卫,120.51㎡,gaoxinxi1,中楼层 (共16层),东北,235万,19501元/平米,2012年
碧林,3室2厅1厨2卫,140.45㎡,gaoxinxi1,低楼层 (共6层),南,263万,18726元/平米,2007年
橙郡一期,2室2厅1厨1卫,89.78㎡,gaoxinxi1,中楼层 (共17层),东南,150万,16708元/平米,2007年
万景峰二期,2室0厅2厨2卫,41.87㎡,gaoxinxi1,中楼层 (共17层),东南,40万,9554元/平米,2012年
万景峰一期,5室2厅1厨2卫,108.34㎡,gaoxinxi1,高楼层 (共33层),西,155万,14307元/平米,2012年
上锦颐园,4室2厅1厨1卫,87.95㎡,gaoxinxi1,低楼层 (共27层),东南,110万,12508元/平米,2008年
万景峰二期,2室0厅2厨2卫,42.41㎡,gaoxinxi1,中楼层 (共17层),东南,38万,8961元/平米,2012年
橙郡二期,3室2厅1厨1卫,89.48㎡,gaoxinxi1,高楼层 (共17层),东北,168万,18776元/平米,2007年
蓝岸B区,3室2厅1厨2卫,136.31㎡,gaoxinxi1,中楼层 (共6层),东,350万,25677元/平米,2007年
上锦颐园,4室2厅1厨1卫,87.16㎡,gaoxinxi1,中楼层 (共24层),东南,110万,12621元/平米,2008年
万景峰二期,3室2厅1厨1卫,75.49㎡,gaoxinxi1,低楼层 (共33层),西北,110万,14572元/平米,2012年
万景峰二期,2室0厅2厨2卫,38.63㎡,gaoxinxi1,高楼层 (共17层),东南,39万,10096元/平米,2012年
碧林,4室2厅1厨2卫,162.83㎡,gaoxinxi1,高楼层 (共6层),东南,290万,17810元/平米,2007年
上锦颐园佳境,2室1厅1厨1卫,75.57㎡,gaoxinxi1,高楼层 (共26层),西南,75万,9925元/平米,2012年
橙郡一期,3室2厅1厨2卫,122㎡,gaoxinxi1,高楼层 (共17层),南,230万,18853元/平米,2007年
万景峰二期,2室0厅2厨2卫,44㎡,gaoxinxi1,中楼层 (共17层),东南,40万,9091元/平米,2012年
保利香槟国际,3室2厅1厨2卫,133㎡,gaoxinxi1,中楼层 (共16层),东南,295万,22181元/平米,2012年
万景峰一期,4室2厅1厨2卫,108.96㎡,gaoxinxi1,高楼层 (共33层),东南,180万,16520元/平米,2012年
上锦颐园,3室2厅1厨1卫,89㎡,gaoxinxi1,低楼层 (共27层),东南,114万,12809元/平米,2008年
上锦颐园佳境,2室1厅1厨1卫,88.81㎡,gaoxinxi1,高楼层 (共26层),东南,89万,10022元/平米,2012年
上锦颐园,3室2厅1厨2卫,132.15㎡,gaoxinxi1,低楼层 (共6层),东南,120万,9081元/平米,2008年
上锦颐园,3室2厅1厨1卫,89.26㎡,gaoxinxi1,低楼层 (共24层),东南,95万,10644元/平米,2008年
保利香槟国际,1室0厅0厨1卫,41.9㎡,gaoxinxi1,高楼层 (共9层),东北,55万,13127元/平米,2012年
央墅圣卡西亚,4室3厅1厨4卫,415.29㎡,gaoxinxi1,低楼层 (共3层),南,1100万,26488元/平米,2011年
橙郡一期,3室2厅1厨2卫,128.99㎡,gaoxinxi1,中楼层 (共17层),东南,215万,16668元/平米,2007年
橙郡三期,3室2厅1厨1卫,87.38㎡,gaoxinxi1,中楼层 (共17层),西南,208万,23805元/平米,2007年
上锦颐园,2室2厅1厨1卫,88.03㎡,gaoxinxi1,低楼层 (共27层),东南,95万,10792元/平米,2008年
上锦颐园佳境,2室2厅1厨1卫,80.2㎡,gaoxinxi1,中楼层 (共26层),北,98万,12220元/平米,2011年
林庭叠院,3室2厅1厨2卫,140.92㎡,gaoxinxi1,低楼层 (共9层),西南 东北,280万,19870元/平米,2006年
橙郡二期,2室2厅1厨1卫,79.7㎡,gaoxinxi1,中楼层 (共17层),南,154万,19323元/平米,2007年
金辉悦府,2室1厅1厨1卫,72.33㎡,gaoxinxi1,低楼层 (共18层),西北,95万,13135元/平米,2015年
万景峰二期,2室2厅2厨2卫,41.87㎡,gaoxinxi1,中楼层 (共17层),西北,46万,10987元/平米,2012年
橙郡二期,2室1厅1厨1卫,80㎡,gaoxinxi1,中楼层 (共17层),东北,140万,17500元/平米,2007年
上锦颐园佳境,2室2厅1厨1卫,84.85㎡,gaoxinxi1,低楼层 (共26层),西南 北,80万,9429元/平米,2011年
万景峰二期,2室0厅2厨2卫,42㎡,gaoxinxi1,高楼层 (共17层),东南,41万,9762元/平米,2012年
金辉悦府,3室2厅1厨1卫,89.41㎡,gaoxinxi1,低楼层 (共18层),东南,99万,11073元/平米,2015年
橙郡三期,2室1厅1厨1卫,83.85㎡,gaoxinxi1,低楼层 (共17层),南,150万,17890元/平米,2007年
上锦颐园佳境,2室1厅1厨1卫,88.29㎡,gaoxinxi1,中楼层 (共26层),东南,100万,11327元/平米,2011年
万景峰二期,1室1厅1厨2卫,38.63㎡,gaoxinxi1,中楼层 (共17层),东南,37万,9579元/平米,2012年
上锦颐园佳境,3室2厅1厨1卫,91.46㎡,gaoxinxi1,低楼层 (共26层),东南,99.8万,10912元/平米,2011年
上锦颐园,2室2厅1厨1卫,88.05㎡,gaoxinxi1,低楼层 (共27层),东南,87万,9881元/平米,2008年
上锦颐园佳境,3室2厅1厨2卫,125.8㎡,gaoxinxi1,低楼层 (共26层),西南,150万,11924元/平米,2012年
芙华金色海伦,4室2厅1厨2卫,121.01㎡,gaoxinxi1,中楼层 (共10层),西南,168万,13884元/平米,2010年
上锦颐园,2室2厅1厨1卫,88.54㎡,gaoxinxi1,中楼层 (共24层),东南,132万,14909元/平米,2008年
万景峰一期,3室2厅1厨2卫,85.36㎡,gaoxinxi1,高楼层 (共33层),东南 南,118万,13824元/平米,2012年
芙华金色海伦,4室2厅1厨2卫,135.6㎡,gaoxinxi1,中楼层 (共10层),南,200万,14750元/平米,2010年
上锦颐园佳境,1室1厅1厨1卫,71.6㎡,gaoxinxi1,中楼层 (共26层),南,70万,9777元/平米,2012年
龙城高新天地,1室1厅1厨1卫,49.01㎡,gaoxinxi1,高楼层 (共15层),东,50万,10202元/平米,2015年
橙郡一期,4室2厅1厨2卫,130.23㎡,gaoxinxi1,低楼层 (共17层),南,220万,16894元/平米,2007年
上锦颐园,3室1厅1厨2卫,138.43㎡,gaoxinxi1,高楼层 (共27层),东南,140万,10114元/平米,2008年
芙华金色海伦,4室2厅1厨2卫,121.2㎡,gaoxinxi1,中楼层 (共10层),东南,160万,13202元/平米,2010年
万景峰二期,3室1厅2厨2卫,81㎡,gaoxinxi1,高楼层 (共33层),东南,122万,15062元/平米,2012年
上锦颐园,3室2厅1厨1卫,89.73㎡,gaoxinxi1,高楼层 (共27层),西南,100万,11145元/平米,2008年
上锦颐园,1室1厅1厨1卫,64.1㎡,gaoxinxi1,低楼层 (共25层),西北,64万,9985元/平米,2008年
橙郡二期,3室2厅1厨1卫,88.24㎡,gaoxinxi1,低楼层 (共17层),西南,189万,21419元/平米,2007年
万景峰一期,3室2厅1厨1卫,86.62㎡,gaoxinxi1,中楼层 (共33层),西北,123万,14200元/平米,2012年
上锦颐园,3室2厅1厨1卫,89.41㎡,gaoxinxi1,低楼层 (共27层),南,110万,12303元/平米,2008年
万景峰一期,3室1厅1厨1卫,82.17㎡,gaoxinxi1,低楼层 (共33层),东南,115万,13996元/平米,2012年
上锦颐园,3室2厅1厨1卫,93.42㎡,gaoxinxi1,高楼层 (共27层),东南,110万,11775元/平米,2008年
林溪美墅,6室2厅1厨4卫,248.46㎡,gaoxinxi1,低楼层 (共3层),东南,730万,29381元/平米,2008年
碧林,3室2厅1厨2卫,142.19㎡,gaoxinxi1,中楼层 (共6层),东南,280万,19692元/平米,2007年
上锦颐园,3室2厅1厨1卫,89㎡,gaoxinxi1,低楼层 (共24层),东南,125万,14045元/平米,2008年
上锦颐园,1室1厅1厨1卫,64㎡,gaoxinxi1,中楼层 (共25层),西南,70万,10938元/平米,2008年
万景峰二期,3室1厅1厨1卫,75.5㎡,gaoxinxi1,高楼层 (共33层),西南,115万,15232元/平米,2012年
芙华金色海伦,2室2厅1厨1卫,67.16㎡,gaoxinxi1,中楼层 (共11层),西南,75万,11168元/平米,2010年
恒大帝景,3室2厅1厨2卫,128.24㎡,gaoxinxi1,中楼层 (共29层),东南,135万,10528元/平米,2016年
恒大帝景,2室2厅1厨1卫,89.17㎡,gaoxinxi1,低楼层 (共30层),东南,103万,11551元/平米,2014年
万景峰一期,4室2厅1厨1卫,86.72㎡,gaoxinxi1,中楼层 (共33层),东南,116万,13377元/平米,2012年
上锦颐园佳境,2室2厅1厨1卫,85.88㎡,gaoxinxi1,低楼层 (共26层),西南,108万,12576元/平米,2012年
万景峰二期,3室1厅1厨1卫,78.4㎡,gaoxinxi1,低楼层 (共33层),南,113万,14414元/平米,2012年
上锦颐园,4室1厅1厨1卫,87㎡,gaoxinxi1,低楼层 (共27层),西南,115万,13219元/平米,2008年
橙郡二期,2室2厅1厨1卫,80㎡,gaoxinxi1,中楼层 (共17层),东,145万,18125元/平米,2007年
上锦颐园,3室2厅1厨1卫,89㎡,gaoxinxi1,中楼层 (共27层),东南,104万,11686元/平米,2008年
上锦颐园,4室1厅1厨1卫,87㎡,gaoxinxi1,高楼层 (共24层),南,110万,12644元/平米,2008年
万景峰二期,3室1厅1厨1卫,75㎡,gaoxinxi1,低楼层 (共33层),东南,120万,16000元/平米,2012年
蓝岸B区,3室2厅1厨2卫,143.55㎡,gaoxinxi1,中楼层 (共5层),南,270万,18809元/平米,2007年
龙湖时代天街,2室2厅1厨1卫,77.03㎡,gaoxinxi1,低楼层 (共28层),东南,120万,15579元/平米,未知年建/
橙郡二期,2室2厅1厨1卫,79.9㎡,gaoxinxi1,中楼层 (共17层),东南,140万,17522元/平米,2007年
橙郡三期,3室2厅1厨1卫,86.39㎡,gaoxinxi1,低楼层 (共17层),南,162万,18753元/平米,2007年
橙郡三期,3室2厅1厨1卫,89㎡,gaoxinxi1,低楼层 (共17层),东,170万,19102元/平米,2007年
恒大帝景,3室2厅1厨2卫,128.32㎡,gaoxinxi1,中楼层 (共29层),东,122万,9508元/平米,2016年
上锦颐园,3室1厅1厨1卫,89㎡,gaoxinxi1,中楼层 (共24层),东南,100万,11236元/平米,2008年
橙郡三期,2室2厅1厨1卫,84.13㎡,gaoxinxi1,低楼层 (共17层),北,155万,18424元/平米,2007年
龙湖时代天街,2室2厅1厨1卫,76.69㎡,gaoxinxi1,低楼层 (共29层),东南,117万,15257元/平米,2017年
上锦颐园佳境,2室1厅1厨1卫,85.84㎡,gaoxinxi1,高楼层 (共26层),西南,91万,10602元/平米,2011年
上锦颐园,3室1厅1厨1卫,87㎡,gaoxinxi1,低楼层 (共27层),西南,105万,12069元/平米,2008年
恒大帝景,1室1厅1厨1卫,50.16㎡,gaoxinxi1,低楼层 (共29层),西,51万,10168元/平米,2016年
上锦颐园,3室1厅1厨1卫,87㎡,gaoxinxi1,低楼层 (共27层),西南,105万,12069元/平米,2008年
林庭叠院,3室2厅1厨2卫,123.25㎡,gaoxinxi1,低楼层 (共9层),南,265万,21502元/平米,2006年
恒大帝景,3室2厅1厨2卫,128.04㎡,gaoxinxi1,中楼层 (共30层),东北,150万,11716元/平米,2014年
龙湖时代天街,3室2厅1厨1卫,105.15㎡,gaoxinxi1,低楼层 (共30层),西南,150万,14266元/平米,2015年
龙湖时代天街,3室1厅1厨1卫,105.15㎡,gaoxinxi1,低楼层 (共30层),东,165万,15692元/平米,2015年
恒大帝景,1室1厅1厨1卫,47.58㎡,gaoxinxi1,中楼层 (共32层),南,38万,7987元/平米,2014年
万景峰二期,2室2厅2厨2卫,38.64㎡,gaoxinxi1,中楼层 (共17层),东南,35万,9058元/平米,2012年
中房学府海棠一期,1室1厅1厨1卫,58.08㎡,gaoxinxi1,高楼层 (共10层),西北,59万,10159元/平米,未知年建/
保利香槟国际,1室1厅1厨1卫,45.95㎡,gaoxinxi1,中楼层 (共9层),西,64万,13929元/平米,2012年
保利香槟国际,1室1厅1厨1卫,45.95㎡,gaoxinxi1,中楼层 (共9层),西,64万,13929元/平米,2012年
保利香槟国际,1室1厅1厨1卫,45.95㎡,gaoxinxi1,中楼层 (共9层),西,64万,13929元/平米,2012年
保利香槟国际,1室1厅1厨1卫,45.95㎡,gaoxinxi1,中楼层 (共9层),西,64万,13929元/平米,2012年
保利香槟国际,1室1厅1厨1卫,45.95㎡,gaoxinxi1,中楼层 (共9层),西,64万,13929元/平米,2012年
保利香槟国际,1室1厅1厨1卫,45.95㎡,gaoxinxi1,中楼层 (共9层),西,64万,13929元/平米,2012年
上锦颐园佳境,2室1厅1厨1卫,87㎡,gaoxinxi1,中楼层 (共26层),东北,100万,11495元/平米,2011年
上锦颐园佳境,3室1厅1厨1卫,91.49㎡,gaoxinxi1,中楼层 (共26层),东南,140万,15303元/平米,2011年
芙华金色海伦,3室2厅1厨2卫,110.05㎡,gaoxinxi1,中楼层 (共10层),南,128万,11632元/平米,2010年
上锦颐园,3室2厅1厨1卫,89.7㎡,gaoxinxi1,低楼层 (共27层),东南,100万,11149元/平米,2008年
上锦颐园佳境,2室1厅1厨1卫,89.3㎡,gaoxinxi1,高楼层 (共26层),东南,100万,11199元/平米,2011年
橙郡三期,2室2厅1厨1卫,84.11㎡,gaoxinxi1,低楼层 (共17层),南,155万,18429元/平米,2007年
蓝岸B区,3室2厅1厨2卫,128.78㎡,gaoxinxi1,中楼层 (共6层),南 北,280万,21743元/平米,2007年
上锦颐园,2室2厅1厨1卫,89.41㎡,gaoxinxi1,低楼层 (共27层),东北,85万,9507元/平米,2008年
芙华金色海伦,3室2厅1厨2卫,109㎡,gaoxinxi1,中楼层 (共10层),南,140万,12845元/平米,2010年
保利香槟国际,2室1厅1厨1卫,84.5㎡,gaoxinxi1,高楼层 (共16层),西北,160万,18935元/平米,2012年
龙湖时代天街,2室2厅1厨1卫,76.69㎡,gaoxinxi1,低楼层 (共29层),东南,110万,14344元/平米,2017年
保利香槟国际,2室2厅1厨1卫,84.67㎡,gaoxinxi1,低楼层 (共16层),西北,170万,20078元/平米,2012年
龙湖时代天街,3室2厅1厨1卫,89.56㎡,gaoxinxi1,中楼层 (共29层),东南,142万,15856元/平米,2017年
蓝岸B区,3室2厅1厨2卫,116.4㎡,gaoxinxi1,低楼层 (共6层),西南,310万,26633元/平米,2007年
上锦颐园,3室2厅1厨1卫,89㎡,gaoxinxi1,高楼层 (共27层),东南,100万,11236元/平米,2008年
保利香槟国际,2室2厅1厨1卫,84.67㎡,gaoxinxi1,低楼层 (共16层),西北,170万,20078元/平米,2012年
金辉悦府,2室1厅1厨1卫,71.72㎡,gaoxinxi1,中楼层 (共18层),西南,90万,12549元/平米,2015年
新希望皇冠国际,2室2厅1厨1卫,76.69㎡,gaoxinxi1,中楼层 (共10层),南,155万,20212元/平米,2015年
金辉悦府,2室2厅1厨1卫,72.55㎡,gaoxinxi1,低楼层 (共18层),东北,102万,14060元/平米,2015年
央墅蓝卡斯特,5室2厅1厨3卫,358.29㎡,gaoxinxi1,低楼层 (共3层),东南,700万,19538元/平米,未知年建
上锦颐园佳境,2室2厅1厨1卫,87.13㎡,gaoxinxi1,低楼层 (共26层),西北,108万,12396元/平米,2011年
芙华金色海伦,3室2厅1厨2卫,109㎡,gaoxinxi1,中楼层 (共10层),西南,135万,12386元/平米,2010年
万景峰二期,3室2厅1厨1卫,75.41㎡,gaoxinxi1,高楼层 (共33层),南,110万,14587元/平米,2012年
碧林,3室2厅1厨2卫,142㎡,gaoxinxi1,中楼层 (共6层),南,276万,19437元/平米,2007年
橙郡一期,3室2厅1厨2卫,121.52㎡,gaoxinxi1,中楼层 (共17层),东南,220万,18105元/平米,2007年
芙华金色海伦,5室2厅1厨2卫,147.42㎡,gaoxinxi1,高楼层 (共10层),东南,190万,12889元/平米,2010年
上锦颐园佳境,1室1厅1厨1卫,66.02㎡,gaoxinxi1,低楼层 (共25层),西南,68万,10300元/平米,2012年
万景峰一期,4室2厅1厨1卫,86.91㎡,gaoxinxi1,低楼层 (共33层),东,110万,12657元/平米,2012年
芙华金色海伦,2室1厅1厨1卫,64.75㎡,gaoxinxi1,中楼层 (共11层),东南,70万,10811元/平米,2010年
上锦颐园,3室2厅1厨1卫,89.36㎡,gaoxinxi1,低楼层 (共27层),西南,110万,12310元/平米,2008年
万景峰二期,2室0厅2厨2卫,38.64㎡,gaoxinxi1,中楼层 (共17层),西北,40万,10352元/平米,2012年
恒大帝景,2室2厅1厨1卫,89.8㎡,gaoxinxi1,中楼层 (共24层),东南,98万,10914元/平米,2016年
上锦颐园佳境,2室1厅1厨1卫,86㎡,gaoxinxi1,高楼层 (共26层),西南,95万,11047元/平米,2011年
橙郡二期,2室2厅1厨1卫,79.6㎡,gaoxinxi1,低楼层 (共17层),西南,150万,18845元/平米,2007年
恒大帝景,3室2厅1厨2卫,112.09㎡,gaoxinxi1,低楼层 (共29层),东南,120万,10706元/平米,2016年
上锦颐园,2室1厅1厨1卫,89.61㎡,gaoxinxi1,中楼层 (共24层),东,95万,10602元/平米,2008年
上锦颐园,3室2厅1厨1卫,89.69㎡,gaoxinxi1,中楼层 (共27层),西,118万,13157元/平米,2008年
上锦颐园,2室1厅1厨1卫,89.31㎡,gaoxinxi1,中楼层 (共27层),东南,108万,12093元/平米,2008年
保利香槟国际,4室1厅1厨2卫,133.34㎡,gaoxinxi1,低楼层 (共16层),东北,300万,22499元/平米,2012年
峰墅一期,5室2厅1厨3卫,324.01㎡,gaoxinxi1,低楼层 (共1层),南,700万,21605元/平米,2009年
金辉悦府,3室1厅1厨2卫,53㎡,gaoxinxi1,中楼层 (共10层),南,55万,10378元/平米,2015年
恒大帝景,3室2厅1厨2卫,112.09㎡,gaoxinxi1,低楼层 (共29层),东北,120万,10706元/平米,2016年
上锦颐园,5室2厅1厨3卫,180㎡,gaoxinxi1,高楼层 (共5层),南,240万,13334元/平米,2008年
保利香槟国际,3室2厅1厨2卫,113.65㎡,gaoxinxi1,中楼层 (共16层),东北,220万,19358元/平米,2012年
清源环街169号,1室1厅1厨1卫,42.81㎡,gaoxinxi1,高楼层 (共6层),东北,33.5万,7826元/平米,未知年建/
清源环街169号,1室1厅1厨1卫,42.81㎡,gaoxinxi1,高楼层 (共6层),东北,33.5万,7826元/平米,未知年建/
万景峰二期,4室2厅1厨1卫,91.93㎡,gaoxinxi1,中楼层 (共33层),东,150万,16317元/平米,2012年
蓝岸A区,3室2厅1厨2卫,132.54㎡,gaoxinxi1,中楼层 (共5层),东南,310万,23390元/平米,2007年
橙郡二期,2室2厅1厨1卫,86.36㎡,gaoxinxi1,中楼层 (共17层),南,152万,17601元/平米,2007年
芙华金色海伦,3室1厅1厨1卫,92.32㎡,gaoxinxi1,低楼层 (共10层),东南,116万,12565元/平米,2010年
上锦颐园佳境,3室2厅1厨1卫,89.64㎡,gaoxinxi1,高楼层 (共26层),西北,106万,11826元/平米,2011年
万景峰一期,3室2厅1厨2卫,86㎡,gaoxinxi1,低楼层 (共33层),南,130万,15117元/平米,2012年
万景峰一期,3室2厅1厨2卫,85.83㎡,gaoxinxi1,中楼层 (共33层),北,130万,15147元/平米,2012年
万景峰一期,3室2厅1厨1卫,79.6㎡,gaoxinxi1,高楼层 (共33层),东,115万,14448元/平米,2012年
万景峰一期,3室2厅1厨2卫,87.19㎡,gaoxinxi1,高楼层 (共33层),东南,125万,14337元/平米,2012年
龙城高新天地,1室1厅1厨1卫,38.49㎡,gaoxinxi1,低楼层 (共19层),西北,26万,6756元/平米,2015年
上锦颐园,3室2厅1厨2卫,138㎡,gaoxinxi1,中楼层 (共24层),东南,130万,9421元/平米,2008年
金辉悦府,3室2厅1厨2卫,94.82㎡,gaoxinxi1,低楼层 (共18层),东南,125万,13183元/平米,2015年
龙湖时代天街,3室2厅1厨1卫,105㎡,gaoxinxi1,中楼层 (共30层),东南,150万,14286元/平米,2015年
保利香槟国际,2室2厅1厨1卫,84.58㎡,gaoxinxi1,低楼层 (共16层),西北,150万,17735元/平米,2012年
芙华金色海伦,4室2厅1厨2卫,135.6㎡,gaoxinxi1,高楼层 (共10层),东南,180万,13275元/平米,2010年
上锦颐园,3室2厅1厨1卫,89㎡,gaoxinxi1,中楼层 (共24层),西南,100万,11236元/平米,2008年
金辉悦府,3室2厅1厨1卫,85.51㎡,gaoxinxi1,低楼层 (共18层),南,114万,13332元/平米,2015年
恒大帝景,1室1厅1厨1卫,49.05㎡,gaoxinxi1,高楼层 (共29层),南,56万,11417元/平米,2016年
橙郡二期,2室2厅1厨1卫,85.17㎡,gaoxinxi1,高楼层 (共17层),西南,160万,18786元/平米,2007年
上锦颐园佳境,3室1厅1厨1卫,92.1㎡,gaoxinxi1,高楼层 (共26层),东南,100万,10858元/平米,2012年
上锦颐园佳境,3室2厅1厨1卫,91㎡,gaoxinxi1,低楼层 (共26层),东,98万,10770元/平米,2011年
上锦颐园佳境,3室2厅1厨1卫,91.32㎡,gaoxinxi1,中楼层 (共26层),东北,100万,10951元/平米,2011年
万景峰一期,4室2厅1厨2卫,118㎡,gaoxinxi1,中楼层 (共33层),南,170万,14407元/平米,2012年
保利香槟国际,2室0厅1厨1卫,46.4㎡,gaoxinxi1,高楼层 (共6层),东北,60万,12932元/平米,2012年
万景峰二期,2室0厅2厨2卫,38.64㎡,gaoxinxi1,中楼层 (共17层),南,37万,9576元/平米,2012年
恒大帝景,3室2厅1厨2卫,109.9㎡,gaoxinxi1,高楼层 (共29层),东南,138万,12557元/平米,2016年
碧林,3室2厅1厨2卫,142.34㎡,gaoxinxi1,低楼层 (共6层),南,270万,18969元/平米,2007年
上锦颐园佳境,2室2厅1厨1卫,89.93㎡,gaoxinxi1,低楼层 (共26层),南,95万,10564元/平米,2012年
上锦颐园佳境,2室2厅1厨1卫,85.96㎡,gaoxinxi1,高楼层 (共26层),东南,100万,11634元/平米,2012年
上锦颐园,3室1厅1厨1卫,90.15㎡,gaoxinxi1,中楼层 (共27层),西南,95万,10538元/平米,2008年
橙郡一期,3室2厅1厨2卫,121.48㎡,gaoxinxi1,低楼层 (共17层),东南,225万,18522元/平米,2007年
橙郡一期,3室2厅1厨2卫,122.55㎡,gaoxinxi1,高楼层 (共17层),东,262万,21380元/平米,2007年
橙郡一期,3室2厅1厨2卫,122.1㎡,gaoxinxi1,低楼层 (共17层),西南,230万,18838元/平米,2007年
橙郡二期,3室2厅1厨2卫,61.49㎡,gaoxinxi1,地下室 (共0层),南,20万,3253元/平米,未知年建
龙城高新天地,1室1厅1厨1卫,39㎡,gaoxinxi1,中楼层 (共19层),东,31万,7949元/平米,2015年
上锦颐园,3室2厅1厨2卫,138.42㎡,gaoxinxi1,中楼层 (共27层),东南,163万,11776元/平米,2008年
芙华金色海伦,3室2厅1厨2卫,119.66㎡,gaoxinxi1,低楼层 (共10层),东南,140万,11700元/平米,2010年
恒大帝景,2室2厅1厨1卫,78.94㎡,gaoxinxi1,低楼层 (共29层),东南,75万,9501元/平米,2016年
橙郡二期,3室2厅1厨1卫,85.54㎡,gaoxinxi1,中楼层 (共17层),西北,180万,21043元/平米,2007年
万景峰一期,3室2厅1厨1卫,78㎡,gaoxinxi1,中楼层 (共33层),东,110万,14103元/平米,2012年
万景峰一期,3室2厅1厨2卫,85.84㎡,gaoxinxi1,低楼层 (共33层),东,135万,15727元/平米,2012年
橙郡一期,3室2厅1厨2卫,113.56㎡,gaoxinxi1,低楼层 (共17层),北,270万,23776元/平米,2007年
龙城高新天地,1室1厅1厨1卫,36.32㎡,gaoxinxi1,低楼层 (共19层),东南,27.8万,7655元/平米,2015年
上锦颐园佳境,3室1厅1厨1卫,88.92㎡,gaoxinxi1,低楼层 (共26层),南,106.7万,12000元/平米,2011年
上锦颐园,4室2厅1厨2卫,138.5㎡,gaoxinxi1,低楼层 (共24层),东南,160万,11553元/平米,2008年
橙郡一期,3室2厅1厨2卫,122.22㎡,gaoxinxi1,低楼层 (共17层),南,220万,18001元/平米,2007年
上锦颐园,4室2厅1厨1卫,90.06㎡,gaoxinxi1,低楼层 (共27层),西北,130万,14435元/平米,2008年
芙华金色海伦,4室2厅1厨2卫,123.43㎡,gaoxinxi1,低楼层 (共10层),东,180万,14584元/平米,2010年
保利香槟国际,2室0厅1厨2卫,63.86㎡,gaoxinxi1,高楼层 (共6层),西南,83万,12998元/平米,2012年
上锦颐园佳境,3室2厅1厨1卫,92.1㎡,gaoxinxi1,高楼层 (共26层),东南,110万,11944元/平米,2012年
上锦颐园佳境,3室1厅1厨1卫,91.3㎡,gaoxinxi1,低楼层 (共26层),东南,128万,14020元/平米,2012年
万景峰二期,3室2厅1厨1卫,76㎡,gaoxinxi1,中楼层 (共33层),东,115万,15132元/平米,2012年
万景峰二期,2室0厅2厨2卫,38.63㎡,gaoxinxi1,中楼层 (共17层),东南,37万,9579元/平米,2012年
万景峰一期,3室2厅1厨2卫,89.7㎡,gaoxinxi1,高楼层 (共33层),东南,140万,15608元/平米,2012年
上锦颐园,3室2厅1厨1卫,89㎡,gaoxinxi1,中楼层 (共27层),东南,128万,14383元/平米,2008年
上锦颐园佳境,3室2厅1厨1卫,88.84㎡,gaoxinxi1,高楼层 (共26层),东南,105万,11820元/平米,2012年
橙郡二期,2室1厅1厨1卫,79.6㎡,gaoxinxi1,低楼层 (共17层),西南,175万,21985元/平米,2007年
橙郡二期,3室2厅1厨1卫,88.24㎡,gaoxinxi1,低楼层 (共17层),南,170万,19266元/平米,2007年
龙湖时代天街,2室1厅1厨1卫,77㎡,gaoxinxi1,低楼层 (共29层),西南,138万,17923元/平米,2017年
保利香槟国际,2室1厅1厨1卫,45.9㎡,gaoxinxi1,中楼层 (共9层),西南,50万,10894元/平米,2012年
林汀别墅,4室2厅1厨3卫,186㎡,gaoxinxi1,中楼层 (共6层),东南,420万,22581元/平米,2008年
上锦颐园佳境,1室1厅1厨1卫,58.02㎡,gaoxinxi1,中楼层 (共26层),东南,65万,11204元/平米,2011年
央墅圣卡西亚,5室2厅1厨4卫,421㎡,gaoxinxi1,低楼层 (共3层),南,1300万,30879元/平米,2011年
林汀别墅,5室2厅1厨2卫,267.94㎡,gaoxinxi1,低楼层 (共3层),西南,800万,29858元/平米,2008年
万景峰一期,4室1厅1厨1卫,86.69㎡,gaoxinxi1,低楼层 (共33层),西北,125万,14420元/平米,2012年
万景峰二期,2室0厅2厨2卫,38.63㎡,gaoxinxi1,中楼层 (共17层),东北,35万,9061元/平米,2012年
橙郡一期,2室0厅2厨2卫,21.81㎡,gaoxinxi1,地下室 (共0层),东南,15.8万,7245元/平米,未知年建
保利香槟国际,1室1厅1厨1卫,46.58㎡,gaoxinxi1,中楼层 (共6层),东北,55万,11808元/平米,2012年
峰墅二期,4室2厅1厨4卫,344㎡,gaoxinxi1,低楼层 (共1层),西北,880万,25582元/平米,2012年
龙城高新天地,1室1厅1厨1卫,46㎡,gaoxinxi1,中楼层 (共15层),南 北,35万,7609元/平米,2015年
橙郡一期,1室1厅1厨1卫,24.39㎡,gaoxinxi1,地下室 (共0层),东南,17万,6971元/平米,未知年建
保利香槟国际,1室1厅1厨1卫,45.54㎡,gaoxinxi1,高楼层 (共9层),西南,55万,12078元/平米,2012年
林庭叠院,1室1厅1厨1卫,28.22㎡,gaoxinxi1,地下室 (共0层),南,20万,7088元/平米,未知年建
林汀别墅,6室2厅1厨4卫,250.82㎡,gaoxinxi1,低楼层 (共3层),南,720万,28706元/平米,2008年
碧林,4室2厅1厨2卫,174.84㎡,gaoxinxi1,高楼层 (共6层),东南,350万,20019元/平米,2007年
保利香槟国际,2室2厅2厨2卫,45㎡,gaoxinxi1,中楼层 (共6层),西南,57万,12667元/平米,2012年
橙郡三期,2室2厅2厨2卫,33.29㎡,gaoxinxi1,地下室 (共0层),北,10.5万,3155元/平米,2007年
保利香槟国际,2室0厅1厨1卫,46.4㎡,gaoxinxi1,高楼层 (共6层),东北,60万,12932元/平米,2012年
碧林,6室2厅1厨3卫,204.9㎡,gaoxinxi1,低楼层 (共6层),南,367万,17912元/平米,2007年
保利香槟国际,1室1厅1厨1卫,43㎡,gaoxinxi1,中楼层 (共9层),南,52万,12094元/平米,2012年
碧林,3室2厅1厨2卫,142㎡,gaoxinxi1,高楼层 (共6层),南,283万,19930元/平米,2007年
橙郡三期,3室2厅1厨1卫,89.45㎡,gaoxinxi1,中楼层 (共17层),东南,180万,20123元/平米,2007年
熙岸,3室2厅1厨2卫,137㎡,gaoxinxi1,低楼层 (共6层),南,300万,21898元/平米,2009年
橙郡二期,3室2厅1厨2卫,32.01㎡,gaoxinxi1,地下室 (共0层),南,9.5万,2968元/平米,2007年
龙城高新天地,1室1厅1厨1卫,38.2㎡,gaoxinxi1,低楼层 (共19层),东南,28万,7330元/平米,2015年
龙湖时代天街,1室1厅1厨1卫,48.87㎡,gaoxinxi1,高楼层 (共30层),东,31万,6344元/平米,2015年
保利香槟国际,2室0厅1厨1卫,63.86㎡,gaoxinxi1,高楼层 (共6层),东北,83万,12998元/平米,2012年
新希望皇冠国际,9室4厅1厨5卫,254.25㎡,gaoxinxi1,低楼层 (共10层),东南,520万,20453元/平米,2015年
新希望皇冠国际,5室3厅1厨3卫,254㎡,gaoxinxi1,低楼层 (共10层),西南,580万,22835元/平米,2015年
上锦颐园佳境,3室1厅1厨2卫,127.42㎡,gaoxinxi1,中楼层 (共26层),东南,152万,11930元/平米,2012年
恒大帝景,4室2厅1厨2卫,84㎡,gaoxinxi1,低楼层 (共29层),西南,85万,10120元/平米,2016年
碧林,3室2厅1厨2卫,123.8㎡,gaoxinxi1,高楼层 (共6层),南,240万,19387元/平米,2007年
橙郡一期,3室2厅1厨1卫,122.22㎡,gaoxinxi1,低楼层 (共17层),东南,220万,18001元/平米,2007年
碧林,3室2厅1厨2卫,120.79㎡,gaoxinxi1,中楼层 (共6层),东,256万,21194元/平米,2007年
万景峰二期,2室2厅2厨2卫,40.32㎡,gaoxinxi1,中楼层 (共17层),西南,41万,10169元/平米,2012年
龙城高新天地,1室1厅1厨1卫,38.53㎡,gaoxinxi1,低楼层 (共19层),西南,30万,7787元/平米,2015年
央墅圣卡西亚,5室2厅1厨3卫,451㎡,gaoxinxi1,低楼层 (共3层),东南,1080万,23947元/平米,2011年
橙郡三期,5室2厅1厨3卫,18.24㎡,gaoxinxi1,地下室 (共0层),南,7万,3838元/平米,未知年建
橙郡二期,2室2厅1厨1卫,80㎡,gaoxinxi1,低楼层 (共17层),东北,195万,24375元/平米,2007年
保利香槟国际,2室2厅1厨1卫,63.19㎡,gaoxinxi1,高楼层 (共10层),东北,80万,12661元/平米,未知年建/
保利香槟国际,2室2厅1厨1卫,43.41㎡,gaoxinxi1,高楼层 (共10层),东北,56万,12901元/平米,未知年建/
碧林,4室2厅1厨2卫,178㎡,gaoxinxi1,高楼层 (共6层),南,315万,17697元/平米,2007年
林汀别墅,4室2厅1厨3卫,186㎡,gaoxinxi1,中楼层 (共6层),东南,530万,28495元/平米,未知年建/
林汀别墅,6室2厅1厨3卫,250.68㎡,gaoxinxi1,低楼层 (共3层),南,880万,35105元/平米,2008年
万景峰二期,2室0厅2厨2卫,39.19㎡,gaoxinxi1,中楼层 (共17层),东南,43万,10973元/平米,2012年
蓝岸B区,3室2厅1厨2卫,163.65㎡,gaoxinxi1,高楼层 (共6层),东,400万,24443元/平米,2007年
橙郡三期,3室2厅1厨2卫,29㎡,gaoxinxi1,地下室 (共0层),东,11万,3794元/平米,2007年
林庭叠院,3室2厅1厨2卫,29.98㎡,gaoxinxi1,地下室 (共0层),东,20万,6672元/平米,2006年
保利香槟国际,1室1厅1厨1卫,42.27㎡,gaoxinxi1,高楼层 (共9层),东,60万,14195元/平米,2012年
橙郡三期,1室1厅1厨1卫,20.12㎡,gaoxinxi1,地下室 (共0层),东南,9万,4474元/平米,2007年
万景峰二期,2室0厅2厨2卫,39㎡,gaoxinxi1,中楼层 (共17层),东南,42万,10770元/平米,2012年
万景峰二期,2室0厅2厨2卫,40.32㎡,gaoxinxi1,中楼层 (共17层),东南,43万,10665元/平米,2012年
金辉悦府,1室1厅1厨1卫,65㎡,gaoxinxi1,高楼层 (共10层),西南,150万,23077元/平米,2015年
蓝岸B区,1室1厅1厨1卫,26.49㎡,gaoxinxi1,地下室 (共0层),南,18万,6796元/平米,未知年建
橙郡二期,1室1厅1厨1卫,25.61㎡,gaoxinxi1,地下室 (共0层),北,10万,3905元/平米,未知年建
橙郡二期,1室1厅1厨1卫,29.6㎡,gaoxinxi1,地下室 (共0层),东,10万,3379元/平米,2007年
保利香槟国际,2室0厅2厨2卫,44.1㎡,gaoxinxi1,高楼层 (共9层),东北,60万,13606元/平米,2012年
万景峰二期,2室0厅2厨2卫,38.64㎡,gaoxinxi1,高楼层 (共17层),东南,38万,9835元/平米,2012年
万景峰二期,2室0厅2厨2卫,38.64㎡,gaoxinxi1,高楼层 (共17层),东南,40万,10352元/平米,2012年
保利香槟国际,1室1厅0厨1卫,46.44㎡,gaoxinxi1,低楼层 (共10层),西南,50万,10767元/平米,2012年
保利香槟国际,1室1厅1厨1卫,46.44㎡,gaoxinxi1,低楼层 (共10层),东南,50万,10767元/平米,2012年
保利香槟国际,1室1厅1厨1卫,41.34㎡,gaoxinxi1,高楼层 (共6层),东南,62万,14998元/平米,2012年
橙郡三期,1室1厅1厨1卫,29.72㎡,gaoxinxi1,地下室 (共0层),东,11万,3702元/平米,2007年
蓝岸B区,1室1厅1厨1卫,30.9㎡,gaoxinxi1,地下室 (共0层),东,20万,6473元/平米,未知年建
保利香槟国际,1室0厅0厨0卫,46.93㎡,gaoxinxi1,低楼层 (共9层),东南,56.5万,12040元/平米,2012年
保利香槟国际,1室0厅0厨0卫,46.93㎡,gaoxinxi1,低楼层 (共9层),东南,58万,12359元/平米,2012年
上锦颐园,1室1厅1厨1卫,64㎡,gaoxinxi1,低楼层 (共25层),东南,60万,9375元/平米,2008年
上锦颐园佳境,2室2厅1厨1卫,80.59㎡,gaoxinxi1,中楼层 (共25层),南,95万,11789元/平米,2012年
万景峰二期,2室0厅2厨2卫,41.87㎡,gaoxinxi1,中楼层 (共17层),东南,42万,10032元/平米,2012年
万景峰二期,2室0厅2厨2卫,41.82㎡,gaoxinxi1,中楼层 (共17层),东南,42万,10044元/平米,2012年
清源环街168号,1室1厅1厨1卫,42㎡,gaoxinxi1,高楼层 (共6层),南,42万,10000元/平米,未知年建/
保利香槟国际,1室2厅1厨2卫,45.54㎡,gaoxinxi1,高楼层 (共10层),西南,61.6万,13527元/平米,2012年
橙郡一期,3室2厅1厨1卫,108.66㎡,gaoxinxi1,低楼层 (共17层),西南,200万,18407元/平米,2007年
橙郡一期,3室2厅1厨2卫,120.87㎡,gaoxinxi1,低楼层 (共17层),西南,220万,18202元/平米,2007年
橙郡二期,2室2厅1厨1卫,80㎡,gaoxinxi1,低楼层 (共17层),东,200万,25000元/平米,2007年
林庭叠院,2室2厅1厨1卫,30.69㎡,gaoxinxi1,地下室 (共0层),东南,18万,5866元/平米,未知年建
保利香槟国际,1室0厅0厨1卫,45㎡,gaoxinxi1,低楼层 (共9层),东北,50万,11112元/平米,2012年
万景峰二期,2室0厅2厨2卫,39.19㎡,gaoxinxi1,高楼层 (共17层),东南,37.5万,9569元/平米,2012年
保利香槟国际,1室1厅1厨1卫,45.9㎡,gaoxinxi1,中楼层 (共9层),西北,55万,11983元/平米,2012年
保利香槟国际,1室1厅1厨1卫,45.9㎡,gaoxinxi1,中楼层 (共9层),西北,55万,11983元/平米,2012年
橙郡一期,1室1厅1厨1卫,26.51㎡,gaoxinxi1,地下室 (共0层),南,18万,6790元/平米,未知年建
橙郡三期,1室1厅1厨1卫,16.46㎡,gaoxinxi1,地下室 (共0层),南,6万,3646元/平米,2007年
橙郡二期,1室1厅1厨1卫,30.13㎡,gaoxinxi1,地下室 (共0层),南,9.2万,3054元/平米,2007年
碧林,1室1厅1厨1卫,22㎡,gaoxinxi1,地下室 (共1层),南,22万,10000元/平米,未知年建
橙郡二期,1室1厅1厨1卫,29.59㎡,gaoxinxi1,地下室 (共0层),东南,10万,3380元/平米,2007年
新希望皇冠国际,1室2厅1厨1卫,70.42㎡,gaoxinxi1,高楼层 (共7层),西南,115万,16331元/平米,未知年建/
蓝岸B区,1室2厅1厨1卫,41㎡,gaoxinxi1,地下室 (共0层),东,22万,5366元/平米,未知年建
碧林,1室2厅1厨1卫,24.75㎡,gaoxinxi1,地下室 (共1层),南,21万,8485元/平米,未知年建
橙郡二期,1室2厅1厨1卫,29.59㎡,gaoxinxi1,地下室 (共0层),东南,10万,3380元/平米,2007年
保利香槟国际,1室1厅1厨1卫,44.93㎡,gaoxinxi1,低楼层 (共9层),东南,60万,13355元/平米,2012年
新希望皇冠国际,1室1厅1厨1卫,70.42㎡,gaoxinxi1,高楼层 (共7层),西南,96万,13633元/平米,未知年建/
上锦颐园佳境,2室1厅1厨1卫,87.12㎡,gaoxinxi1,高楼层 (共26层),东,110万,12627元/平米,2011年
上锦颐园佳境,2室1厅1厨1卫,56.27㎡,gaoxinxi1,高楼层 (共26层),东南,63万,11197元/平米,2012年
保利香槟国际,1室1厅1厨1卫,45.54㎡,gaoxinxi1,高楼层 (共9层),西南,62万,13615元/平米,2012年
万景峰二期,2室0厅2厨2卫,38.64㎡,gaoxinxi1,高楼层 (共17层),西南,36万,9317元/平米,2012年
龙城高新天地,1室0厅1厨1卫,38.43㎡,gaoxinxi1,低楼层 (共19层),东南,26万,6766元/平米,2015年
上锦颐园,2室1厅1厨1卫,85.27㎡,gaoxinxi1,高楼层 (共24层),西,85万,9969元/平米,2008年
恒大帝景,3室2厅1厨1卫,89.06㎡,gaoxinxi1,低楼层 (共29层),北 东北,110万,12352元/平米,2016年
保利香槟国际,1室1厅1厨1卫,45.83㎡,gaoxinxi1,中楼层 (共6层),西南,60万,13092元/平米,2012年
橙郡二期,1室1厅1厨1卫,68.89㎡,gaoxinxi1,地下室 (共0层),南,14.8万,2149元/平米,2007年
保利香槟国际,2室1厅1厨1卫,46.7㎡,gaoxinxi1,中楼层 (共9层),东北,55万,11778元/平米,2012年
保利香槟国际,2室2厅2厨2卫,45㎡,gaoxinxi1,高楼层 (共9层),西南,57万,12667元/平米,2012年
万景峰二期,2室0厅2厨2卫,38.63㎡,gaoxinxi1,高楼层 (共17层),东南,39万,10096元/平米,2012年
保利香槟国际,1室1厅1厨1卫,45.92㎡,gaoxinxi1,高楼层 (共10层),西,55万,11978元/平米,2012年
保利香槟国际,2室2厅2厨2卫,45㎡,gaoxinxi1,高楼层 (共9层),东北,56万,12445元/平米,2012年
上锦颐园佳境,2室1厅1厨1卫,86㎡,gaoxinxi1,高楼层 (共26层),南,95万,11047元/平米,2012年
龙城高新天地,1室0厅1厨1卫,37㎡,gaoxinxi1,低楼层 (共19层),东南,27万,7298元/平米,2015年
龙城高新天地,1室0厅1厨1卫,38.48㎡,gaoxinxi1,低楼层 (共19层),东,31万,8057元/平米,2015年
上锦颐园佳境,3室2厅1厨2卫,127.42㎡,gaoxinxi1,中楼层 (共26层),东南,152万,11930元/平米,2012年
保利香槟国际,2室1厅1厨2卫,45.83㎡,gaoxinxi1,中楼层 (共6层),南,60万,13092元/平米,2012年
上锦颐园佳境,2室2厅1厨1卫,87.63㎡,gaoxinxi1,中楼层 (共26层),西北,91万,10385元/平米,2011年
熙岸,3室2厅1厨2卫,122.44㎡,gaoxinxi1,中楼层 (共6层),东北,288万,23522元/平米,2009年
上锦颐园佳境,2室2厅1厨1卫,89.93㎡,gaoxinxi1,中楼层 (共26层),东南,95万,10564元/平米,2012年
