武城大观城市花园一期,2室1厅1厨1卫,86.7㎡,longquanyi,中楼层 (共11层),东南,128万,14764元/平米,2005年
山水四季城,3室2厅1厨2卫,121.15㎡,longquanyi,中楼层 (共6层),东南,165万,13620元/平米,2015年
山水四季城,2室2厅1厨1卫,89.26㎡,longquanyi,高楼层 (共26层),西南,108万,12100元/平米,2015年
首创东公元,2室1厅1厨1卫,79.62㎡,longquanyi,低楼层 (共34层),西,110万,13816元/平米,2012年
京龙嘉苑,2室2厅1厨1卫,82.39㎡,longquanyi,中楼层 (共6层),东南,86万,10439元/平米,2005年
尚城东锦,2室1厅1厨1卫,89.69㎡,longquanyi,高楼层 (共34层),东南,135万,15052元/平米,2009年
恒大绿洲,3室2厅1厨1卫,92.6㎡,longquanyi,低楼层 (共32层),西北,150万,16199元/平米,2011年
果壳里的城,2室2厅1厨1卫,83.15㎡,longquanyi,中楼层 (共34层),东 西,128万,15394元/平米,2012年
银河花园二期,2室2厅1厨1卫,94.67㎡,longquanyi,低楼层 (共11层),东,105万,11092元/平米,2015年
东山国际新城D区,2室2厅1厨1卫,79.95㎡,longquanyi,低楼层 (共11层),东南,107万,13384元/平米,2011年
银河花园,3室1厅1厨1卫,87.5㎡,longquanyi,低楼层 (共6层),东南 西北,105万,12000元/平米,2006年
花样年华常青藤,3室2厅1厨1卫,100.43㎡,longquanyi,高楼层 (共6层),东北,125万,12447元/平米,2006年
首创万卷山,2室1厅1厨1卫,77.66㎡,longquanyi,高楼层 (共34层),西南,125万,16096元/平米,2013年
四季康城,2室2厅1厨1卫,58.5㎡,longquanyi,低楼层 (共33层),东北,83万,14189元/平米,2013年
东山国际新城B区,2室1厅1厨2卫,97.1㎡,longquanyi,高楼层 (共10层),东南,108万,11123元/平米,2015年
春秋家院,2室2厅1厨1卫,90.07㎡,longquanyi,中楼层 (共6层),东南,90万,9993元/平米,2004年
东山国际新城H区一期,3室1厅1厨2卫,95.06㎡,longquanyi,低楼层 (共18层),西北,140万,14728元/平米,2015年
东林半岛,2室2厅1厨1卫,90.54㎡,longquanyi,中楼层 (共8层),西,118万,13033元/平米,未知年建/
恒大绿洲,3室1厅1厨1卫,91.28㎡,longquanyi,中楼层 (共32层),西北,142万,15557元/平米,2011年
恒大绿洲,3室2厅1厨1卫,91.28㎡,longquanyi,低楼层 (共32层),西北,142万,15557元/平米,2011年
师大现代花园,2室2厅1厨1卫,94.08㎡,longquanyi,低楼层 (共32层),西北,125万,13287元/平米,2013年
春秋名邸,3室2厅1厨1卫,100.08㎡,longquanyi,低楼层 (共18层),东南,110万,10992元/平米,2007年
银河花园,2室2厅1厨2卫,91.37㎡,longquanyi,低楼层 (共6层),南,110万,12039元/平米,2006年
恒大绿洲,2室1厅1厨1卫,77.34㎡,longquanyi,中楼层 (共11层),西南,125万,16163元/平米,2011年
首创万卷山,3室1厅1厨1卫,81.63㎡,longquanyi,中楼层 (共34层),东北,130万,15926元/平米,2013年
今典小区,3室2厅1厨2卫,104.36㎡,longquanyi,中楼层 (共7层),北,110万,10541元/平米,未知年建/
师大现代花园,5室2厅1厨2卫,198.86㎡,longquanyi,高楼层 (共17层),南,300万,15086元/平米,2013年
世茂城一期,2室2厅1厨1卫,86.03㎡,longquanyi,高楼层 (共29层),南,128万,14879元/平米,2012年
格调城,3室2厅1厨1卫,97.67㎡,longquanyi,低楼层 (共18层),西南,108万,11058元/平米,2012年
格调城,3室2厅1厨1卫,97.67㎡,longquanyi,低楼层 (共18层),西南,108万,11058元/平米,2012年
世茂城一期,2室1厅1厨1卫,80.68㎡,longquanyi,低楼层 (共32层),南,120万,14874元/平米,2012年
首创万卷山,3室2厅1厨1卫,81㎡,longquanyi,中楼层 (共34层),东北,125万,15433元/平米,2013年
银河花园,3室2厅1厨2卫,115.68㎡,longquanyi,中楼层 (共7层),南,126万,10893元/平米,2006年
果壳里的城,3室2厅1厨2卫,87.01㎡,longquanyi,高楼层 (共34层),东南,152万,17470元/平米,2012年
千和意境,1室1厅1厨1卫,53.37㎡,longquanyi,高楼层 (共6层),东南,80万,14990元/平米,2005年
中国铁建国际城,3室2厅1厨2卫,85.38㎡,longquanyi,高楼层 (共34层),北,150万,17569元/平米,2015年
上东阳光一期,3室2厅1厨2卫,97.65㎡,longquanyi,高楼层 (共6层),南,190万,19458元/平米,2006年
明星花苑,4室3厅1厨2卫,134.31㎡,longquanyi,高楼层 (共6层),东南,95万,7074元/平米,未知年建/
首创万卷山,4室1厅1厨2卫,116.75㎡,longquanyi,高楼层 (共34层),东北,190万,16275元/平米,2013年
世茂城二期,4室2厅1厨2卫,122.69㎡,longquanyi,高楼层 (共11层),南,230万,18747元/平米,2013年
四季映像,3室2厅1厨1卫,72.85㎡,longquanyi,低楼层 (共18层),东南,96万,13178元/平米,2012年
山水四季城,3室2厅1厨2卫,141.66㎡,longquanyi,低楼层 (共11层),东南,150万,10589元/平米,2015年
康居兴苑,2室2厅1厨1卫,81.81㎡,longquanyi,高楼层 (共6层),西南,75万,9168元/平米,2003年
霏红榭,3室2厅1厨2卫,129.6㎡,longquanyi,中楼层 (共30层),东南,155万,11960元/平米,2015年
美宸东方,3室2厅1厨1卫,88.55㎡,longquanyi,低楼层 (共18层),东南,105万,11858元/平米,未知年建/
竹林尚书,1室1厅1厨1卫,48.86㎡,longquanyi,中楼层 (共33层),西,75万,15350元/平米,2013年
世茂城二期,3室1厅1厨1卫,89.02㎡,longquanyi,高楼层 (共33层),西南,142万,15952元/平米,2013年
恋日家园F区,3室2厅1厨1卫,121.98㎡,longquanyi,中楼层 (共6层),南 北,135万,11068元/平米,2003年
果壳里的城,2室2厅1厨1卫,83.53㎡,longquanyi,中楼层 (共34层),东南,132万,15803元/平米,2012年
天立广场,1室1厅1厨1卫,52.33㎡,longquanyi,高楼层 (共33层),西北,70万,13377元/平米,2013年
恋日家园C区,2室2厅1厨1卫,91.65㎡,longquanyi,低楼层 (共6层),南 北,102万,11130元/平米,2003年
银河花园二期,2室2厅1厨1卫,97.29㎡,longquanyi,低楼层 (共11层),西南 西北,110万,11307元/平米,2015年
四季映像,2室2厅1厨1卫,76.39㎡,longquanyi,低楼层 (共34层),南,110万,14400元/平米,2012年
天地晨光丽景,2室2厅1厨1卫,88.75㎡,longquanyi,低楼层 (共6层),东,120万,13522元/平米,2005年
首创东公元,4室2厅1厨2卫,130.73㎡,longquanyi,低楼层 (共34层),东 西,200万,15299元/平米,2012年
观澜东山,3室2厅1厨1卫,104.13㎡,longquanyi,中楼层 (共33层),东南,103.5万,9940元/平米,2009年
中国铁建国际城,5室2厅1厨2卫,154.78㎡,longquanyi,高楼层 (共8层),东南,380万,24551元/平米,2015年
山水四季城,4室2厅1厨2卫,168.24㎡,longquanyi,高楼层 (共6层),东南,193万,11472元/平米,2015年
山水四季城,4室2厅1厨2卫,147.29㎡,longquanyi,低楼层 (共18层),东南,170万,11542元/平米,2015年
山水四季城,4室2厅1厨2卫,147.29㎡,longquanyi,低楼层 (共18层),东南,170万,11542元/平米,2015年
世茂城一期,2室1厅1厨1卫,87.08㎡,longquanyi,高楼层 (共32层),南,148万,16996元/平米,2012年
美宸东方,3室2厅1厨2卫,98.95㎡,longquanyi,中楼层 (共18层),东,120万,12128元/平米,未知年建/
世茂城二期,4室2厅1厨2卫,118.1㎡,longquanyi,高楼层 (共11层),南,238万,20153元/平米,2013年
龙城1号,4室1厅1厨2卫,122.73㎡,longquanyi,高楼层 (共33层),西北,258万,21022元/平米,2013年
四季康城,3室2厅1厨1卫,80.28㎡,longquanyi,低楼层 (共34层),西,110万,13703元/平米,2013年
龙博御景,2室2厅1厨1卫,87.62㎡,longquanyi,高楼层 (共18层),东,110万,12555元/平米,未知年建/
首创万卷山,2室2厅1厨1卫,67.11㎡,longquanyi,中楼层 (共34层),北,100万,14901元/平米,2013年
四季康城,4室1厅1厨2卫,120.6㎡,longquanyi,低楼层 (共34层),西,179万,14843元/平米,2013年
上东阳光三期,3室2厅1厨2卫,130.64㎡,longquanyi,低楼层 (共11层),北,200万,15310元/平米,2009年
成大花园,3室2厅1厨2卫,120㎡,longquanyi,低楼层 (共5层),南,180万,15000元/平米,未知年建/
四季康城,4室2厅1厨2卫,120.97㎡,longquanyi,低楼层 (共34层),东 西,178万,14715元/平米,2013年
名景花园二期,3室2厅1厨2卫,130.06㎡,longquanyi,高楼层 (共6层),东南,135万,10380元/平米,2001年
林溪美城,2室1厅1厨1卫,86.04㎡,longquanyi,中楼层 (共33层),西南,86万,9996元/平米,2016年
东山国际新城H区一期,4室2厅1厨2卫,118.03㎡,longquanyi,高楼层 (共18层),东南,160万,13556元/平米,2015年
四季康城,3室1厅1厨1卫,75.64㎡,longquanyi,低楼层 (共18层),北,112万,14807元/平米,2013年
东山国际新城E区,3室2厅1厨2卫,105.22㎡,longquanyi,中楼层 (共18层),东南,119.2万,11329元/平米,2009年
师大现代花园,3室2厅1厨2卫,116.14㎡,longquanyi,中楼层 (共33层),东南,192万,16532元/平米,2013年
琥珀庭院,3室2厅1厨2卫,108.91㎡,longquanyi,高楼层 (共9层),东北,183万,16803元/平米,2013年
中国铁建国际城,3室2厅1厨1卫,89.94㎡,longquanyi,高楼层 (共34层),北,150万,16678元/平米,2015年
驿都水岸丽园,2室2厅1厨1卫,95.47㎡,longquanyi,高楼层 (共26层),东南,115万,12046元/平米,2008年
龙城1号,3室2厅1厨2卫,110.47㎡,longquanyi,低楼层 (共6层),北,220万,19915元/平米,2013年
东山国际新城C区,3室2厅1厨2卫,141.06㎡,longquanyi,中楼层 (共17层),南,152万,10776元/平米,2009年
东方华美苑,3室2厅1厨2卫,137.91㎡,longquanyi,中楼层 (共30层),西南,152万,11022元/平米,2007年
东山国际新城A区,4室2厅1厨2卫,165.36㎡,longquanyi,中楼层 (共4层),东南,240万,14514元/平米,2015年
龙城1号,5室3厅1厨3卫,205.81㎡,longquanyi,低楼层 (共5层),南,420万,20408元/平米,2013年
恒大绿洲,4室2厅1厨2卫,142.37㎡,longquanyi,低楼层 (共32层),西北,248万,17420元/平米,2011年
龙城1号,4室2厅1厨2卫,179.77㎡,longquanyi,高楼层 (共6层),东南,320万,17801元/平米,2013年
上东阳光美悦林,3室2厅1厨1卫,78.78㎡,longquanyi,高楼层 (共33层),东,140万,17772元/平米,2012年
上东阳光三期,3室2厅1厨2卫,137.85㎡,longquanyi,中楼层 (共11层),东南,240万,17411元/平米,2009年
东方家园,3室2厅1厨2卫,117.34㎡,longquanyi,低楼层 (共7层),东南,150万,12784元/平米,2000年
四季康城,4室2厅1厨2卫,120.6㎡,longquanyi,高楼层 (共34层),东 西,160万,13267元/平米,2013年
师大现代花园,3室2厅1厨2卫,115.77㎡,longquanyi,低楼层 (共32层),东南,162万,13994元/平米,2013年
世茂城一期,2室1厅1厨1卫,80.68㎡,longquanyi,低楼层 (共32层),南,115万,14254元/平米,2012年
霏红榭,3室2厅1厨1卫,99.42㎡,longquanyi,中楼层 (共26层),东,135万,13579元/平米,2015年
世茂城二期,2室1厅1厨1卫,131.52㎡,longquanyi,低楼层 (共3层),东南,390万,29654元/平米,2013年
百悦天鹅湖,3室2厅1厨1卫,88.19㎡,longquanyi,低楼层 (共18层),东南,250万,28348元/平米,2015年
师大现代花园,3室1厅1厨2卫,121㎡,longquanyi,中楼层 (共32层),西,175万,14463元/平米,2013年
果壳里的城,3室2厅1厨1卫,88.85㎡,longquanyi,高楼层 (共34层),南,140万,15757元/平米,2012年
首创万卷山,3室1厅1厨1卫,88.46㎡,longquanyi,中楼层 (共34层),西北,132万,14922元/平米,2013年
通达二期,3室2厅1厨1卫,90.36㎡,longquanyi,中楼层 (共8层),西,70万,7747元/平米,未知年建/
四季映像,2室1厅1厨1卫,61.48㎡,longquanyi,中楼层 (共34层),北,84万,13663元/平米,2012年
四季康城,3室1厅1厨1卫,76㎡,longquanyi,低楼层 (共18层),南,108万,14211元/平米,2013年
世茂城二期,3室2厅1厨1卫,88.38㎡,longquanyi,低楼层 (共33层),东,140万,15841元/平米,2013年
四季映像,3室2厅1厨1卫,90.02㎡,longquanyi,低楼层 (共34层),东南,115万,12775元/平米,2012年
四季映像,3室2厅1厨1卫,84.05㎡,longquanyi,中楼层 (共18层),南,120万,14278元/平米,2012年
四季映像,2室1厅1厨1卫,49.96㎡,longquanyi,中楼层 (共34层),南 北,80万,16013元/平米,2012年
天府逸家一期,3室2厅1厨1卫,86.68㎡,longquanyi,中楼层 (共41层),东,124万,14306元/平米,2015年
首创东公元,2室1厅1厨1卫,85.18㎡,longquanyi,高楼层 (共29层),东,126.5万,14851元/平米,2012年
保利玫瑰花语,3室2厅1厨2卫,89㎡,longquanyi,高楼层 (共31层),东,155万,17416元/平米,2016年
劲力蓝色理想,3室2厅1厨2卫,119.79㎡,longquanyi,低楼层 (共18层),东南,125万,10435元/平米,2006年
金茂悦龙山,3室2厅1厨2卫,88.19㎡,longquanyi,中楼层 (共33层),西南,142万,16102元/平米,未知年建/
世茂城一期,3室2厅1厨2卫,117.29㎡,longquanyi,低楼层 (共32层),东南,185万,15773元/平米,2012年
恋日家园F区,3室2厅1厨2卫,130.5㎡,longquanyi,中楼层 (共6层),北,155万,11878元/平米,2003年
四季映像,3室1厅1厨1卫,84.57㎡,longquanyi,中楼层 (共34层),北,128万,15136元/平米,2012年
世茂城二期,4室2厅1厨2卫,118㎡,longquanyi,高楼层 (共11层),南 北,225万,19068元/平米,2013年
城市家园,3室2厅1厨1卫,98㎡,longquanyi,低楼层 (共6层),东 西,126万,12858元/平米,未知年建/
果壳里的城,3室2厅1厨2卫,88.84㎡,longquanyi,中楼层 (共34层),东北,134万,15084元/平米,2012年
花样年华常青藤,3室2厅1厨2卫,100.09㎡,longquanyi,高楼层 (共6层),西北,128万,12789元/平米,2006年
艺锦湾二期,4室2厅1厨2卫,170.6㎡,longquanyi,高楼层 (共5层),东南 南,298万,17468元/平米,2013年
东山国际新城C区,4室1厅1厨2卫,143.07㎡,longquanyi,低楼层 (共17层),东南,185万,12931元/平米,2009年
果壳里的城,3室2厅1厨2卫,89㎡,longquanyi,低楼层 (共34层),东南,138万,15506元/平米,2012年
首创东公元,3室2厅1厨1卫,84.66㎡,longquanyi,中楼层 (共34层),东,138万,16301元/平米,2012年
东山国际新城H区二期,3室2厅1厨2卫,134.61㎡,longquanyi,低楼层 (共5层),南,238万,17681元/平米,2015年
世茂城二期,4室2厅1厨2卫,124.34㎡,longquanyi,低楼层 (共11层),南,248万,19946元/平米,2013年
首创东公元,3室2厅1厨1卫,89.72㎡,longquanyi,中楼层 (共34层),西北,142万,15828元/平米,2012年
果壳里的城,3室1厅1厨2卫,87.32㎡,longquanyi,低楼层 (共34层),南,140万,16033元/平米,2012年
山水四季城,3室2厅1厨1卫,111.01㎡,longquanyi,中楼层 (共26层),东南,155万,13963元/平米,2015年
中国铁建国际城,4室2厅1厨2卫,124.8㎡,longquanyi,高楼层 (共34层),东北,210万,16827元/平米,2015年
恋日家园G区,2室2厅1厨1卫,82.97㎡,longquanyi,中楼层 (共6层),西,96万,11571元/平米,2003年
天盛花苑,4室2厅1厨3卫,163㎡,longquanyi,高楼层 (共6层),东南,120万,7362元/平米,2006年
雅生路9号,3室2厅1厨2卫,147㎡,longquanyi,高楼层 (共6层),南 北,125万,8504元/平米,未知年建/
恋日家园E区,3室2厅1厨1卫,104.46㎡,longquanyi,中楼层 (共6层),南,128万,12254元/平米,2003年
师大现代花园,2室2厅1厨1卫,94.08㎡,longquanyi,中楼层 (共32层),北,123万,13074元/平米,2013年
恒大绿洲,3室2厅1厨1卫,92.41㎡,longquanyi,中楼层 (共32层),西北,150万,16233元/平米,2011年
东山国际新城H区二期,3室2厅1厨2卫,110.26㎡,longquanyi,低楼层 (共24层),东南,150万,13605元/平米,2015年
师大现代花园,2室2厅1厨1卫,94㎡,longquanyi,中楼层 (共33层),西北,122万,12979元/平米,2013年
恒大绿洲,3室2厅1厨1卫,91.22㎡,longquanyi,高楼层 (共32层),西北,146万,16006元/平米,2011年
恋日家园E区,2室2厅1厨1卫,81.74㎡,longquanyi,高楼层 (共6层),南,95.3万,11659元/平米,2003年
劲力蓝色理想,3室1厅1厨2卫,117.3㎡,longquanyi,低楼层 (共18层),西北,126万,10742元/平米,2006年
中国铁建国际城,4室2厅1厨2卫,146.07㎡,longquanyi,中楼层 (共5层),南 北,270万,18485元/平米,2015年
中国铁建国际城,3室2厅1厨2卫,88.78㎡,longquanyi,高楼层 (共34层),南,150万,16896元/平米,2015年
四季映像,2室2厅1厨1卫,60.17㎡,longquanyi,高楼层 (共34层),东,98万,16288元/平米,2012年
电建地产云立方,4室2厅1厨2卫,123.37㎡,longquanyi,高楼层 (共33层),南,185万,14996元/平米,2015年
四季映像,2室1厅1厨1卫,58.8㎡,longquanyi,中楼层 (共34层),西南,93万,15817元/平米,2012年
龙城1号,3室2厅1厨2卫,139.86㎡,longquanyi,中楼层 (共8层),西南,275万,19663元/平米,2013年
恒大绿洲,5室2厅1厨2卫,136.5㎡,longquanyi,高楼层 (共11层),东南,360万,26374元/平米,2011年
电建地产云立方,2室2厅1厨1卫,80.12㎡,longquanyi,高楼层 (共32层),东南,125万,15602元/平米,2015年
玉龙山庄,4室2厅1厨2卫,175.74㎡,longquanyi,中楼层 (共6层),南,140万,7967元/平米,未知年建/
吉祥花园,3室2厅1厨2卫,133.19㎡,longquanyi,高楼层 (共7层),东,108万,8109元/平米,未知年建/
江华社区,1室0厅1厨1卫,32.4㎡,longquanyi,高楼层 (共6层),东南,30万,9260元/平米,2000年
龙泉永福苑,1室1厅1厨1卫,25.87㎡,longquanyi,高楼层 (共7层),东,28万,10824元/平米,2000年
世茂城二期,3室1厅1厨1卫,88.52㎡,longquanyi,高楼层 (共33层),西北,159万,17963元/平米,2013年
御源大湖区,3室2厅1厨1卫,106.58㎡,longquanyi,高楼层 (共18层),南,156万,14637元/平米,2012年
四季映像,2室2厅1厨1卫,56.66㎡,longquanyi,高楼层 (共33层),北,91万,16061元/平米,2012年
劲力蓝色理想,3室1厅1厨2卫,121.26㎡,longquanyi,中楼层 (共11层),东南 西 北,135万,11134元/平米,2006年
御嶺春天,3室2厅1厨1卫,94㎡,longquanyi,低楼层 (共26层),东南,111.5万,11862元/平米,2015年
星河名居,3室2厅1厨2卫,128.38㎡,longquanyi,中楼层 (共6层),东南,115万,8958元/平米,未知年建/
香水城,1室2厅1厨1卫,60㎡,longquanyi,中楼层 (共32层),西北,74万,12334元/平米,2012年
金茂悦龙山,3室1厅1厨2卫,93.33㎡,longquanyi,中楼层 (共33层),东南,146万,15644元/平米,2017年
果壳里的城,4室2厅1厨2卫,126.51㎡,longquanyi,高楼层 (共34层),西北,210万,16600元/平米,2012年
明星花苑,4室2厅1厨2卫,192.17㎡,longquanyi,高楼层 (共4层),东南,215万,11189元/平米,未知年建/
龙城1号,4室2厅1厨3卫,207㎡,longquanyi,低楼层 (共5层),东南,360万,17392元/平米,2013年
中国铁建国际城,7室2厅1厨3卫,125.11㎡,longquanyi,高楼层 (共9层),东,369万,29495元/平米,2015年
果壳里的城,3室1厅1厨2卫,90㎡,longquanyi,高楼层 (共34层),南,145万,16112元/平米,2012年
世茂城一期,2室2厅1厨1卫,86.16㎡,longquanyi,高楼层 (共32层),东南,115万,13348元/平米,2012年
百悦天鹅湖,2室2厅1厨1卫,83.44㎡,longquanyi,高楼层 (共27层),南,145万,17378元/平米,2015年
恋日家园F区,3室1厅1厨2卫,109.85㎡,longquanyi,低楼层 (共6层),东 西,140万,12745元/平米,2003年
山水四季城,3室1厅1厨1卫,103.55㎡,longquanyi,高楼层 (共18层),东南,150万,14486元/平米,2015年
首创万卷山,2室2厅1厨1卫,84.2㎡,longquanyi,低楼层 (共30层),西北,135万,16034元/平米,2013年
格林大道,2室1厅1厨1卫,78.52㎡,longquanyi,低楼层 (共18层),东,83万,10571元/平米,2008年
平安商住楼,3室2厅1厨1卫,100㎡,longquanyi,高楼层 (共6层),东,80万,8000元/平米,未知年建/
格兰鼎城,2室2厅1厨1卫,81.43㎡,longquanyi,高楼层 (共24层),东南,98万,12035元/平米,2010年
世茂城二期,3室2厅1厨1卫,91.31㎡,longquanyi,中楼层 (共27层),北,150万,16428元/平米,2013年
教育局宿舍,3室2厅1厨2卫,143㎡,longquanyi,高楼层 (共6层),东北,115万,8042元/平米,未知年建/
陶然精舍,4室2厅1厨2卫,128.93㎡,longquanyi,高楼层 (共6层),南,120万,9308元/平米,2005年
成大花园,4室2厅1厨2卫,134.49㎡,longquanyi,中楼层 (共5层),南,180万,13384元/平米,未知年建/
东麓驿境二期,2室2厅1厨1卫,101.5㎡,longquanyi,高楼层 (共6层),东,120万,11823元/平米,2015年
琥珀庭院,3室2厅1厨2卫,124㎡,longquanyi,低楼层 (共9层),南,480万,38710元/平米,2013年
世茂城一期,2室1厅1厨1卫,88.41㎡,longquanyi,低楼层 (共29层),东南 南,135万,15270元/平米,2012年
琥珀庭院,5室3厅1厨3卫,117.72㎡,longquanyi,高楼层 (共9层),南,300万,25485元/平米,2013年
琥珀庭院,3室2厅1厨2卫,124㎡,longquanyi,低楼层 (共9层),南,480万,38710元/平米,2013年
世茂城一期,3室1厅1厨2卫,118.8㎡,longquanyi,中楼层 (共32层),南 北,193万,16246元/平米,2015年
龙城1号,4室2厅1厨2卫,178.86㎡,longquanyi,高楼层 (共6层),南,300万,16773元/平米,2013年
恒大绿洲,4室2厅1厨2卫,142.54㎡,longquanyi,高楼层 (共11层),南,310万,21749元/平米,2011年
东景康庭,3室2厅1厨2卫,104.56㎡,longquanyi,低楼层 (共6层),东南,147万,14059元/平米,未知年建
恒大绿洲,3室2厅1厨1卫,91.26㎡,longquanyi,低楼层 (共32层),西北,145万,15889元/平米,2011年
电建地产云立方,4室2厅1厨2卫,123.49㎡,longquanyi,低楼层 (共33层),南 北,179万,14496元/平米,2015年
百悦天鹅湖,2室1厅1厨1卫,82.67㎡,longquanyi,低楼层 (共32层),南 北,145万,17540元/平米,2015年
世茂城一期,3室2厅1厨2卫,120.68㎡,longquanyi,低楼层 (共32层),南,195万,16159元/平米,2012年
师大现代花园,3室2厅1厨2卫,121.25㎡,longquanyi,高楼层 (共17层),东南,170万,14021元/平米,2013年
智光小区,3室2厅1厨2卫,129.8㎡,longquanyi,高楼层 (共6层),东 东南,106万,8167元/平米,未知年建/
东山国际新城D区,2室2厅1厨1卫,79.95㎡,longquanyi,低楼层 (共11层),东南,110万,13759元/平米,2011年
上东阳光美悦林,2室1厅1厨1卫,70.15㎡,longquanyi,低楼层 (共33层),南,140万,19958元/平米,2012年
山水四季城,3室2厅1厨2卫,121.15㎡,longquanyi,高楼层 (共6层),东南,135万,11144元/平米,2015年
春秋名邸,3室2厅1厨1卫,103.64㎡,longquanyi,低楼层 (共24层),北,110万,10614元/平米,2007年
恒大绿洲,3室2厅1厨2卫,117.71㎡,longquanyi,中楼层 (共32层),东南,190万,16142元/平米,2011年
世茂城一期,2室2厅1厨1卫,89.41㎡,longquanyi,高楼层 (共29层),南 北,135万,15099元/平米,2012年
洪河谷生活广场,1室1厅1厨1卫,34.34㎡,longquanyi,中楼层 (共7层),南,30万,8737元/平米,未知年建
瑞应苑,1室1厅1厨1卫,43.08㎡,longquanyi,低楼层 (共6层),东南,36万,8357元/平米,2003年
炜岸城一期,1室1厅1厨1卫,45.33㎡,longquanyi,低楼层 (共24层),西南,56万,12354元/平米,未知年建/
果壳里的城,3室2厅1厨1卫,88.5㎡,longquanyi,低楼层 (共34层),东,133.8万,15119元/平米,2012年
东山国际新城H区二期,3室2厅1厨1卫,97㎡,longquanyi,低楼层 (共24层),东南,108万,11135元/平米,2015年
龙城1号,3室2厅1厨2卫,120.72㎡,longquanyi,中楼层 (共5层),西南,220万,18224元/平米,2013年
天府逸家一期,2室2厅1厨1卫,65.21㎡,longquanyi,低楼层 (共41层),东南,110万,16869元/平米,未知年建/
世茂城四期,3室2厅1厨1卫,84.03㎡,longquanyi,低楼层 (共34层),东,125万,14876元/平米,未知年建/
恒大绿洲,2室2厅1厨1卫,92.49㎡,longquanyi,中楼层 (共32层),西北,130万,14056元/平米,2011年
霏红榭,2室2厅1厨1卫,88.66㎡,longquanyi,低楼层 (共33层),东,98万,11054元/平米,2015年
霏红榭,2室2厅1厨1卫,81.34㎡,longquanyi,中楼层 (共21层),东南,98万,12049元/平米,2015年
保利玫瑰花语,3室2厅1厨1卫,77㎡,longquanyi,高楼层 (共26层),南,122万,15845元/平米,2016年
果壳里的城,3室2厅1厨2卫,87.74㎡,longquanyi,高楼层 (共34层),东南,123万,14019元/平米,2012年
中国铁建国际城,3室1厅1厨2卫,85㎡,longquanyi,低楼层 (共34层),南,120万,14118元/平米,2015年
东山国际新城H区二期,3室1厅1厨1卫,97.36㎡,longquanyi,中楼层 (共22层),西北,120万,12326元/平米,2015年
恒大绿洲,2室2厅1厨1卫,92.49㎡,longquanyi,中楼层 (共32层),西北,130万,14056元/平米,2011年
世茂城四期,3室2厅1厨1卫,84.03㎡,longquanyi,低楼层 (共34层),东,125万,14876元/平米,未知年建/
霏红榭,2室2厅1厨1卫,88.66㎡,longquanyi,低楼层 (共33层),东,98万,11054元/平米,2015年
霏红榭,2室2厅1厨1卫,81.34㎡,longquanyi,中楼层 (共21层),东南,98万,12049元/平米,2015年
百悦天鹅湖,2室2厅1厨1卫,83㎡,longquanyi,低楼层 (共27层),南,135万,16266元/平米,2015年
天府逸家一期,2室2厅1厨1卫,65.21㎡,longquanyi,低楼层 (共41层),东南,110万,16869元/平米,未知年建/
百悦天鹅湖,3室2厅1厨1卫,95.88㎡,longquanyi,低楼层 (共32层),南,165万,17210元/平米,2015年
师大现代花园,2室1厅1厨1卫,92㎡,longquanyi,高楼层 (共17层),西北,130万,14131元/平米,2013年
格调城,3室2厅1厨1卫,86.53㎡,longquanyi,中楼层 (共18层),西南,98万,11326元/平米,未知年建/
龙城1号,3室2厅1厨2卫,120.72㎡,longquanyi,中楼层 (共5层),西南,220万,18224元/平米,2013年
皇冠国际社区一期,3室2厅1厨2卫,130㎡,longquanyi,中楼层 (共6层),南 北,198万,15231元/平米,2009年
四季康城,2室2厅1厨1卫,70.51㎡,longquanyi,高楼层 (共26层),北,60万,8510元/平米,2013年
中国铁建国际城,3室2厅1厨1卫,87.83㎡,longquanyi,中楼层 (共34层),东北,145万,16510元/平米,2015年
中国铁建国际城,3室1厅1厨2卫,88㎡,longquanyi,低楼层 (共34层),南,138万,15682元/平米,2015年
四季康城,3室1厅1厨1卫,91㎡,longquanyi,中楼层 (共18层),南,120万,13187元/平米,2013年
东域龙湾一二期,3室2厅1厨1卫,89.43㎡,longquanyi,中楼层 (共32层),东南,115万,12860元/平米,2012年
天盛花苑,3室2厅1厨2卫,125.38㎡,longquanyi,中楼层 (共6层),东南,105万,8375元/平米,2006年
上东阳光美悦林,5室1厅1厨2卫,89㎡,longquanyi,低楼层 (共33层),西南,160万,17978元/平米,2012年
皇冠国际社区一期,3室1厅1厨2卫,137㎡,longquanyi,低楼层 (共6层),东南,215万,15694元/平米,2009年
世茂城四期,2室1厅1厨1卫,70.75㎡,longquanyi,中楼层 (共34层),西,110万,15548元/平米,未知年建/
林溪美城,3室1厅1厨2卫,88.58㎡,longquanyi,高楼层 (共18层),东南,90万,10161元/平米,2016年
龙城1号,3室1厅1厨2卫,85.51㎡,longquanyi,中楼层 (共33层),西,156万,18244元/平米,2013年
果壳里的城,4室1厅1厨2卫,124.6㎡,longquanyi,高楼层 (共34层),东南,190万,15249元/平米,2012年
首创万卷山,2室1厅1厨1卫,82.72㎡,longquanyi,中楼层 (共30层),北,112万,13540元/平米,2013年
四季康城,3室2厅1厨1卫,89.42㎡,longquanyi,高楼层 (共34层),北,128万,14315元/平米,2013年
上东阳光三期,3室2厅1厨1卫,107.62㎡,longquanyi,高楼层 (共18层),北,144万,13381元/平米,2009年
首创万卷山,3室2厅1厨1卫,93.89㎡,longquanyi,高楼层 (共34层),东北,140万,14912元/平米,2013年
中国铁建国际城,4室1厅1厨2卫,126.06㎡,longquanyi,低楼层 (共34层),南,226万,17928元/平米,2015年
春秋名邸,3室2厅1厨1卫,98.41㎡,longquanyi,中楼层 (共18层),南,105万,10670元/平米,2007年
金巴黎,1室1厅1厨1卫,42.73㎡,longquanyi,高楼层 (共18层),南,33万,7723元/平米,未知年建/
月楿丽苑,2室1厅1厨1卫,79.76㎡,longquanyi,高楼层 (共6层),南,87万,10908元/平米,未知年建/
御嶺春天,3室1厅1厨2卫,106.1㎡,longquanyi,低楼层 (共33层),东南,126万,11876元/平米,2015年
艺锦湾一期,3室2厅1厨2卫,123.31㎡,longquanyi,低楼层 (共6层),南,165万,13381元/平米,2009年
龙城1号,3室2厅1厨2卫,151㎡,longquanyi,中楼层 (共6层),西南,280万,18544元/平米,2013年
炜岸城一期,2室1厅1厨1卫,73.83㎡,longquanyi,高楼层 (共23层),东,100万,13545元/平米,2016年
世茂城二期,4室2厅1厨2卫,100.53㎡,longquanyi,低楼层 (共11层),南,265万,26361元/平米,2013年
恒大绿洲,3室2厅1厨2卫,117㎡,longquanyi,低楼层 (共32层),东南,188万,16069元/平米,2011年
中国铁建国际城,3室1厅1厨2卫,116.8㎡,longquanyi,高楼层 (共34层),东,175万,14983元/平米,2015年
中国铁建国际城,3室1厅1厨2卫,88.76㎡,longquanyi,低楼层 (共34层),南,130万,14647元/平米,2015年
恋日家园E区,3室2厅1厨2卫,117.93㎡,longquanyi,高楼层 (共6层),东,128万,10854元/平米,2003年
上东阳光一期,4室2厅1厨2卫,143.13㎡,longquanyi,中楼层 (共5层),东,200万,13974元/平米,2006年
龙城1号,3室2厅1厨2卫,119.38㎡,longquanyi,高楼层 (共6层),东,240万,20104元/平米,2013年
电建地产云立方,2室2厅1厨1卫,80.66㎡,longquanyi,高楼层 (共31层),东,130万,16118元/平米,2015年
世茂城一期,3室2厅1厨2卫,118.6㎡,longquanyi,中楼层 (共29层),南,195万,16442元/平米,2012年
花样年华常青藤,3室2厅1厨2卫,109.38㎡,longquanyi,中楼层 (共6层),北,140万,12800元/平米,未知年建/
四季康城,4室2厅1厨2卫,121.24㎡,longquanyi,低楼层 (共18层),东,135万,11135元/平米,2013年
四季康城,3室2厅1厨2卫,80.26㎡,longquanyi,低楼层 (共34层),西,112万,13955元/平米,2013年
百悦天鹅湖,3室2厅1厨1卫,96.42㎡,longquanyi,低楼层 (共27层),南 北,168万,17424元/平米,2015年
世茂城一期,3室2厅1厨2卫,117.29㎡,longquanyi,低楼层 (共32层),东南,210万,17905元/平米,2012年
果壳里的城,3室2厅1厨2卫,89㎡,longquanyi,中楼层 (共34层),南,146万,16405元/平米,2012年
旺府凯旋门,2室1厅1厨1卫,79.84㎡,longquanyi,中楼层 (共33层),西南,100万,12526元/平米,2015年
天生路94号,2室2厅1厨1卫,104.97㎡,longquanyi,中楼层 (共7层),东南,72万,6860元/平米,未知年建/
果壳里的城,4室2厅1厨2卫,119㎡,longquanyi,中楼层 (共34层),东南,170万,14286元/平米,2015年
东山国际新城E区,2室1厅1厨1卫,84.53㎡,longquanyi,中楼层 (共18层),西北,112万,13250元/平米,2009年
百悦天鹅湖,3室2厅1厨2卫,117㎡,longquanyi,中楼层 (共28层),南,190万,16240元/平米,2015年
首创万卷山,3室2厅1厨1卫,81.63㎡,longquanyi,中楼层 (共34层),东北,125万,15313元/平米,2013年
果壳里的城,2室2厅1厨1卫,84.28㎡,longquanyi,低楼层 (共34层),东,138万,16374元/平米,2012年
龙城1号,3室2厅1厨2卫,85.51㎡,longquanyi,高楼层 (共33层),西南,180万,21051元/平米,2013年
东域龙湾一二期,6室2厅2厨2卫,169.95㎡,longquanyi,低楼层 (共32层),东南,200万,11769元/平米,2012年
东山国际新城H区一期,4室2厅1厨2卫,116.96㎡,longquanyi,高楼层 (共18层),东,160万,13680元/平米,2015年
通达二期,3室2厅1厨1卫,128.01㎡,longquanyi,高楼层 (共8层),东南,92.5万,7226元/平米,未知年建/
师大现代花园,3室2厅1厨2卫,122㎡,longquanyi,高楼层 (共33层),西南,160万,13115元/平米,2013年
龙锦湾,2室2厅1厨1卫,78.54㎡,longquanyi,高楼层 (共33层),南,140万,17826元/平米,未知年建
电建地产云立方,2室1厅1厨1卫,80.12㎡,longquanyi,高楼层 (共32层),西南,130万,16226元/平米,2015年
恒大绿洲,4室2厅1厨2卫,130.8㎡,longquanyi,低楼层 (共32层),东南,200万,15291元/平米,2011年
果壳里的城,2室1厅1厨1卫,83㎡,longquanyi,高楼层 (共34层),南,132万,15904元/平米,2012年
首创万卷山,3室2厅1厨1卫,89.97㎡,longquanyi,中楼层 (共34层),南,150万,16673元/平米,2013年
金色逸景,3室2厅1厨2卫,129.76㎡,longquanyi,高楼层 (共6层),西北,150万,11560元/平米,未知年建/
教育局宿舍,3室2厅1厨2卫,143㎡,longquanyi,高楼层 (共6层),东南,128万,8952元/平米,未知年建/
桃苑居,2室2厅1厨1卫,105㎡,longquanyi,高楼层 (共4层),东南,85万,8096元/平米,未知年建/
果壳里的城,3室2厅1厨1卫,87.99㎡,longquanyi,低楼层 (共34层),西,132万,15002元/平米,2012年
锦上城,3室2厅1厨2卫,139㎡,longquanyi,高楼层 (共30层),东,199万,14317元/平米,2015年
明珠景苑,2室2厅1厨1卫,78.12㎡,longquanyi,高楼层 (共6层),南,86万,11009元/平米,未知年建
蔚蓝花城B区,3室2厅1厨2卫,127.43㎡,longquanyi,低楼层 (共6层),东南,116.5万,9143元/平米,2004年
四季康城,3室2厅1厨1卫,91㎡,longquanyi,高楼层 (共18层),南,135万,14836元/平米,2013年
电建地产云立方,3室2厅1厨1卫,86.2㎡,longquanyi,中楼层 (共34层),东南,140万,16242元/平米,2015年
东山国际新城B区,3室2厅1厨2卫,141.65㎡,longquanyi,中楼层 (共10层),南,168万,11861元/平米,2015年
东山国际新城A区,4室2厅1厨3卫,165.25㎡,longquanyi,中楼层 (共4层),东南,220万,13314元/平米,2015年
龙城1号,4室2厅1厨2卫,144㎡,longquanyi,低楼层 (共9层),东南,305万,21181元/平米,2013年
东山国际新城C区,4室2厅1厨2卫,172.61㎡,longquanyi,低楼层 (共18层),东南,200万,11587元/平米,2009年
武城大观城市花园一期,2室1厅1厨1卫,89㎡,longquanyi,中楼层 (共11层),东南,140万,15731元/平米,2005年
世外桃源,4室2厅1厨2卫,182㎡,longquanyi,高楼层 (共6层),东南,135万,7418元/平米,2000年
果壳里的城,2室2厅1厨1卫,79.43㎡,longquanyi,高楼层 (共34层),东,118万,14856元/平米,2012年
炜岸城一期,2室1厅1厨1卫,73.04㎡,longquanyi,中楼层 (共23层),东南,97万,13281元/平米,2016年
百悦天鹅湖,2室2厅1厨1卫,82.71㎡,longquanyi,低楼层 (共23层),东,133万,16081元/平米,2015年
龙城1号,4室2厅1厨2卫,184.81㎡,longquanyi,高楼层 (共6层),东南,400万,21644元/平米,2013年
龙城1号,3室2厅1厨2卫,202㎡,longquanyi,低楼层 (共4层),南 北,363.6万,18000元/平米,2013年
龙城1号,4室2厅1厨2卫,184.81㎡,longquanyi,高楼层 (共6层),东南,400万,21644元/平米,2013年
科华园,1室1厅1厨1卫,48.17㎡,longquanyi,高楼层 (共4层),东南,60万,12456元/平米,未知年建/
四季康城,2室2厅1厨1卫,70.89㎡,longquanyi,中楼层 (共26层),南,60万,8464元/平米,2013年
龙锦湾,2室2厅1厨1卫,75.83㎡,longquanyi,高楼层 (共33层),北,130万,17144元/平米,未知年建
玺印上院,4室2厅1厨2卫,153.9㎡,longquanyi,高楼层 (共6层),东南,225万,14620元/平米,2006年
龙城1号,3室2厅1厨2卫,117.45㎡,longquanyi,低楼层 (共6层),东南,328万,27927元/平米,2013年
美宸东方,2室2厅1厨1卫,81.52㎡,longquanyi,中楼层 (共18层),东南,92万,11286元/平米,未知年建/
世茂城一期,2室2厅1厨1卫,83.11㎡,longquanyi,低楼层 (共32层),东南,135万,16244元/平米,2012年
金茂悦龙山,3室2厅1厨2卫,95.11㎡,longquanyi,低楼层 (共33层),西北,145万,15246元/平米,2017年
御嶺春天,2室2厅1厨1卫,77.66㎡,longquanyi,高楼层 (共26层),东南,100万,12877元/平米,2015年
天府逸家一期,3室2厅1厨1卫,86.96㎡,longquanyi,高楼层 (共41层),东,130万,14950元/平米,2015年
东山国际新城A区,3室2厅1厨2卫,147.78㎡,longquanyi,低楼层 (共9层),东南,160万,10827元/平米,2015年
果壳里的城,4室2厅1厨2卫,128.16㎡,longquanyi,低楼层 (共34层),东北,160万,12485元/平米,2012年
御源大湖区,2室2厅1厨1卫,87.39㎡,longquanyi,中楼层 (共18层),南,128万,14647元/平米,2012年
炜岸城一期,1室1厅1厨1卫,45.3㎡,longquanyi,中楼层 (共24层),东南,58万,12804元/平米,未知年建/
御源大湖区,3室2厅1厨2卫,129.39㎡,longquanyi,高楼层 (共6层),南,175万,13526元/平米,2012年
天赋龙庭,3室1厅1厨2卫,105㎡,longquanyi,中楼层 (共31层),东,110万,10477元/平米,未知年建/
金税苑,3室2厅1厨1卫,103㎡,longquanyi,低楼层 (共6层),东,110万,10680元/平米,未知年建/
天赋龙庭,3室2厅1厨2卫,108㎡,longquanyi,高楼层 (共25层),东南,110万,10186元/平米,未知年建/
富力山水人家,4室2厅1厨2卫,145.22㎡,longquanyi,高楼层 (共9层),东南,150万,10330元/平米,未知年建/
四季康城,3室2厅1厨1卫,89.77㎡,longquanyi,低楼层 (共34层),东,135万,15039元/平米,2013年
龙腾东麓城,3室2厅1厨1卫,82.23㎡,longquanyi,低楼层 (共32层),东,83万,10094元/平米,未知年建/
竹林尚书,1室1厅1厨1卫,48㎡,longquanyi,高楼层 (共33层),南,75万,15625元/平米,2013年
龙城1号,5室2厅1厨2卫,122.56㎡,longquanyi,高楼层 (共33层),西南,258万,21051元/平米,2013年
花香龙都,2室2厅1厨1卫,90.56㎡,longquanyi,高楼层 (共28层),南,125万,13804元/平米,2008年
东麓驿境二期,3室2厅1厨2卫,146.32㎡,longquanyi,高楼层 (共6层),南,160万,10935元/平米,2015年
锦上城,2室2厅1厨1卫,84.04㎡,longquanyi,中楼层 (共33层),东南,110万,13090元/平米,2015年
东方家园,2室2厅1厨1卫,87.63㎡,longquanyi,中楼层 (共6层),西,105万,11983元/平米,未知年建/
中国铁建国际城,3室2厅1厨1卫,88.7㎡,longquanyi,高楼层 (共34层),西,168万,18941元/平米,2015年
瑞应苑,3室2厅1厨2卫,129㎡,longquanyi,高楼层 (共6层),东,140万,10853元/平米,2003年
东方家园,3室2厅1厨2卫,120.42㎡,longquanyi,高楼层 (共7层),东南,145万,12042元/平米,2000年
东方家园,3室2厅1厨1卫,90.22㎡,longquanyi,高楼层 (共6层),南 北,138万,15296元/平米,2000年
雅苑,4室2厅1厨2卫,152.87㎡,longquanyi,中楼层 (共6层),东南,160万,10467元/平米,2004年
世茂城一期,2室2厅1厨1卫,89.9㎡,longquanyi,中楼层 (共29层),南,135万,15017元/平米,2012年
恒大绿洲,4室2厅1厨2卫,135.48㎡,longquanyi,中楼层 (共32层),东北,203万,14984元/平米,2011年
世茂城一期,3室1厅1厨2卫,121.57㎡,longquanyi,高楼层 (共32层),南,210万,17274元/平米,2015年
中国铁建国际城,3室2厅1厨1卫,88.7㎡,longquanyi,高楼层 (共34层),西,168万,18941元/平米,2015年
格调城,3室2厅1厨2卫,105.52㎡,longquanyi,中楼层 (共26层),东南,120万,11373元/平米,2012年
万科金色城品,2室1厅2厨1卫,71.75㎡,longquanyi,低楼层 (共28层),东,130万,18119元/平米,2015年
航天综合菜市主楼,4室2厅1厨1卫,137.1㎡,longquanyi,高楼层 (共7层),西南,80万,5836元/平米,未知年建/
四季康城,3室2厅1厨1卫,91㎡,longquanyi,低楼层 (共18层),南,120万,13187元/平米,2013年
东山国际新城H区二期,2室1厅1厨1卫,71㎡,longquanyi,低楼层 (共24层),西北 东北,93万,13099元/平米,2015年
首创东公元,2室1厅1厨1卫,78.9㎡,longquanyi,高楼层 (共34层),东南,125万,15843元/平米,2012年
恒大绿洲,3室2厅1厨1卫,92.47㎡,longquanyi,高楼层 (共32层),西北,148万,16006元/平米,2011年
四季映像,3室2厅1厨1卫,84.57㎡,longquanyi,中楼层 (共34层),北,130万,15372元/平米,2012年
炜岸城一期,5室2厅1厨2卫,100㎡,longquanyi,高楼层 (共6层),南,350万,35000元/平米,未知年建/
皇冠国际社区一期,4室2厅1厨2卫,170.27㎡,longquanyi,低楼层 (共4层),南,260万,15270元/平米,2009年
果壳里的城,5室1厅1厨3卫,146.41㎡,longquanyi,中楼层 (共34层),北,200万,13661元/平米,2012年
劲力蓝色理想,1室1厅1厨1卫,46.7㎡,longquanyi,高楼层 (共26层),东北,52.8万,11307元/平米,2006年
玉龙山庄,5室2厅1厨3卫,115.52㎡,longquanyi,高楼层 (共6层),东南,125万,10821元/平米,未知年建/
果壳里的城,4室2厅1厨2卫,120㎡,longquanyi,低楼层 (共34层),东南,192万,16000元/平米,2012年
今典小区,3室2厅1厨2卫,119.14㎡,longquanyi,中楼层 (共6层),北,120万,10073元/平米,未知年建/
龙城1号,8室2厅1厨4卫,326.59㎡,longquanyi,高楼层 (共6层),南,600万,18372元/平米,2013年
首创万卷山,4室2厅1厨2卫,116.13㎡,longquanyi,低楼层 (共34层),东南,155万,13348元/平米,2013年
世茂城二期,4室2厅1厨2卫,125㎡,longquanyi,低楼层 (共11层),西南,350万,28000元/平米,2013年
保利玫瑰花语,3室2厅1厨2卫,94.05㎡,longquanyi,高楼层 (共32层),南,143万,15205元/平米,2016年
凯德卓锦万黛,3室2厅1厨1卫,88㎡,longquanyi,高楼层 (共39层),东,120万,13637元/平米,2015年
世茂城一期,2室1厅1厨1卫,84.14㎡,longquanyi,低楼层 (共32层),南,133万,15807元/平米,2015年
炜岸城一期,3室2厅1厨2卫,121.36㎡,longquanyi,低楼层 (共7层),东南,230万,18952元/平米,2016年
山水四季城,4室1厅1厨2卫,147.29㎡,longquanyi,中楼层 (共18层),东南,160万,10863元/平米,2015年
果壳里的城,1室1厅1厨1卫,60㎡,longquanyi,低楼层 (共34层),东,90万,15000元/平米,2012年
世茂城二期,4室2厅1厨2卫,118.68㎡,longquanyi,中楼层 (共11层),南,230万,19380元/平米,2013年
蔚蓝花城B区,4室2厅1厨2卫,172.88㎡,longquanyi,高楼层 (共6层),东南,258万,14924元/平米,2004年
上东阳光林曦,3室2厅1厨2卫,130㎡,longquanyi,低楼层 (共6层),东南,210万,16154元/平米,2007年
东山国际新城B区,3室2厅1厨2卫,114.34㎡,longquanyi,低楼层 (共10层),东南,185万,16180元/平米,2015年
恒大绿洲,4室2厅1厨2卫,137.58㎡,longquanyi,中楼层 (共32层),东南,203万,14756元/平米,2011年
保利玫瑰花语,4室2厅1厨2卫,119㎡,longquanyi,中楼层 (共32层),东,198万,16639元/平米,未知年建/
东林半岛,5室2厅1厨2卫,202.65㎡,longquanyi,高楼层 (共6层),东南,260万,12831元/平米,未知年建/
利通天鹅堡,4室2厅1厨3卫,195㎡,longquanyi,中楼层 (共6层),东南,160万,8206元/平米,未知年建/
御源大湖区,3室2厅1厨2卫,131㎡,longquanyi,中楼层 (共6层),南,160万,12214元/平米,2012年
御嶺春天,3室2厅1厨2卫,110㎡,longquanyi,低楼层 (共25层),南,135万,12273元/平米,2015年
皇冠国际社区二期,3室2厅1厨2卫,121㎡,longquanyi,中楼层 (共11层),南,200万,16529元/平米,2015年
百悦天鹅湖,3室1厅1厨2卫,113㎡,longquanyi,低楼层 (共32层),南,218万,19293元/平米,2015年
劲力蓝色理想,3室2厅1厨1卫,103.45㎡,longquanyi,低楼层 (共18层),东南,112万,10827元/平米,2006年
中国铁建国际城,4室2厅1厨2卫,139.72㎡,longquanyi,低楼层 (共9层),东,247万,17679元/平米,2015年
和平路105号,3室2厅1厨1卫,146.82㎡,longquanyi,低楼层 (共3层),南,136万,9264元/平米,未知年建/
格调城,3室2厅1厨2卫,104㎡,longquanyi,高楼层 (共18层),东,127万,12212元/平米,2012年
利通天鹅堡,5室2厅1厨3卫,250.65㎡,longquanyi,中楼层 (共4层),南 北,240万,9576元/平米,未知年建
世茂城二期,1室1厅1厨1卫,49.95㎡,longquanyi,高楼层 (共33层),南,78万,15616元/平米,2013年
锦鑫苑,1室1厅1厨1卫,65.06㎡,longquanyi,高楼层 (共5层),东南,60万,9223元/平米,未知年建
中国铁建国际城,2室2厅1厨1卫,51.42㎡,longquanyi,高楼层 (共20层),南,70万,13614元/平米,2015年
江华社区,1室1厅1厨1卫,56.24㎡,longquanyi,高楼层 (共6层),南,52万,9247元/平米,2000年
春秋名邸,2室2厅1厨1卫,90.84㎡,longquanyi,中楼层 (共24层),西南,90万,9908元/平米,2007年
山水四季城,2室2厅1厨1卫,82.12㎡,longquanyi,中楼层 (共6层),东南 南,110万,13396元/平米,2015年
凯德卓锦万黛,3室2厅1厨1卫,89㎡,longquanyi,高楼层 (共39层),东,150万,16854元/平米,2015年
驿都水岸丽园,3室2厅1厨2卫,138.11㎡,longquanyi,低楼层 (共6层),东南,178万,12889元/平米,2008年
龙城1号,4室1厅1厨2卫,139.8㎡,longquanyi,高楼层 (共9层),东南,300万,21460元/平米,2013年
龙泉交通局宿舍,4室2厅1厨2卫,147.5㎡,longquanyi,高楼层 (共6层),东南,120万,8136元/平米,未知年建/
星光小区,3室2厅1厨2卫,151.38㎡,longquanyi,高楼层 (共6层),东南,112万,7399元/平米,未知年建/
桃花源别墅,4室2厅1厨2卫,172.71㎡,longquanyi,中楼层 (共4层),南,208万,12044元/平米,未知年建
四季康城,2室1厅1厨1卫,71.21㎡,longquanyi,低楼层 (共26层),南,65万,9128元/平米,2013年
银星楼,3室2厅1厨2卫,133.63㎡,longquanyi,中楼层 (共6层),东,100万,7484元/平米,未知年建/
炜岸城一期,3室2厅1厨1卫,79.75㎡,longquanyi,高楼层 (共30层),西,138万,17305元/平米,未知年建/
天府逸家一期,3室2厅1厨1卫,76㎡,longquanyi,低楼层 (共41层),西北,128万,16843元/平米,2015年
格调城,3室2厅1厨1卫,88.9㎡,longquanyi,高楼层 (共32层),西南,100万,11249元/平米,2012年
师大现代花园,4室2厅1厨3卫,184.15㎡,longquanyi,高楼层 (共17层),东南,300万,16292元/平米,2013年
陶然村雅云轩,5室2厅1厨3卫,205㎡,longquanyi,中楼层 (共6层),东南,248.2万,12108元/平米,未知年建/
玉龙山庄,2室1厅1厨1卫,86.54㎡,longquanyi,中楼层 (共6层),东南,78万,9014元/平米,未知年建/
名景花园一期,3室2厅1厨2卫,133.83㎡,longquanyi,中楼层 (共6层),东南 西南,130万,9714元/平米,2001年
蔚蓝花城B区,3室2厅1厨2卫,129㎡,longquanyi,中楼层 (共6层),东南,125万,9690元/平米,2004年
东山国际新城C区,3室2厅1厨2卫,143.44㎡,longquanyi,低楼层 (共18层),东南,155万,10806元/平米,2009年
东景康庭,3室2厅1厨2卫,125.06㎡,longquanyi,高楼层 (共6层),东南,160万,12794元/平米,未知年建
山水四季城,4室2厅1厨2卫,159.25㎡,longquanyi,高楼层 (共6层),东南,198万,12434元/平米,2015年
师大现代花园,4室2厅1厨2卫,144.94㎡,longquanyi,高楼层 (共17层),西南,230万,15869元/平米,2013年
首创东公元,2室2厅1厨1卫,77.63㎡,longquanyi,低楼层 (共34层),东南,120万,15458元/平米,2012年
皇冠国际社区一期,4室2厅1厨2卫,162.7㎡,longquanyi,高楼层 (共4层),南,325万,19976元/平米,2009年
世茂城四期,3室2厅1厨1卫,84.29㎡,longquanyi,高楼层 (共34层),东,130万,15423元/平米,未知年建/
师大现代花园,2室2厅1厨1卫,94.37㎡,longquanyi,高楼层 (共33层),西北,130万,13776元/平米,2013年
武城大观城市花园二期,2室2厅1厨2卫,103㎡,longquanyi,低楼层 (共11层),东南,134万,13010元/平米,2009年
劲力蓝色理想,3室2厅1厨2卫,119㎡,longquanyi,高楼层 (共18层),西南,122万,10253元/平米,2006年
天府逸家一期,3室2厅1厨1卫,86.77㎡,longquanyi,中楼层 (共41层),西南,153万,17633元/平米,2015年
格兰鼎城,2室2厅1厨1卫,83.35㎡,longquanyi,中楼层 (共24层),南,95万,11398元/平米,2010年
东山国际新城D区,2室2厅1厨1卫,79.95㎡,longquanyi,高楼层 (共11层),东南,105万,13134元/平米,2011年
优诗美地,3室2厅1厨2卫,154.15㎡,longquanyi,低楼层 (共5层),西南,128万,8304元/平米,未知年建/
四季映像,2室2厅1厨1卫,56.75㎡,longquanyi,低楼层 (共33层),东北,92万,16212元/平米,2012年
洪河谷生活广场,1室1厅1厨1卫,34.34㎡,longquanyi,中楼层 (共7层),南,30万,8737元/平米,未知年建
凯德卓锦万黛,4室2厅1厨2卫,104.06㎡,longquanyi,中楼层 (共38层),东南,174万,16722元/平米,2015年
东山国际新城H区二期,3室2厅1厨2卫,141㎡,longquanyi,低楼层 (共5层),东南,280万,19859元/平米,2015年
龙城1号,2室2厅1厨1卫,96㎡,longquanyi,中楼层 (共12层),东南,180万,18750元/平米,2013年
世茂城四期,4室2厅1厨2卫,132.82㎡,longquanyi,中楼层 (共6层),西南,280万,21082元/平米,未知年建/
四季康城,3室2厅1厨1卫,89.77㎡,longquanyi,低楼层 (共34层),东,135万,15039元/平米,2013年
汇鑫苑,3室2厅1厨2卫,110.35㎡,longquanyi,中楼层 (共6层),南,100万,9063元/平米,未知年建/
劲力蓝色理想,2室2厅1厨1卫,82.23㎡,longquanyi,低楼层 (共18层),东南,92万,11189元/平米,2006年
万科金色城品,2室2厅1厨1卫,72㎡,longquanyi,高楼层 (共27层),东,140万,19445元/平米,2015年
陶然村一区,3室2厅1厨2卫,141㎡,longquanyi,高楼层 (共7层),东南,110万,7802元/平米,2002年
万科金色城品,2室2厅1厨1卫,71.77㎡,longquanyi,低楼层 (共30层),西,140万,19507元/平米,2015年
保利玫瑰花语,4室2厅1厨2卫,118.79㎡,longquanyi,高楼层 (共25层),东南,192万,16163元/平米,未知年建/
炜岸城一期,1室1厅1厨1卫,45.33㎡,longquanyi,中楼层 (共24层),西南,62万,13678元/平米,2016年
怡水居,1室1厅1厨1卫,45.54㎡,longquanyi,高楼层 (共6层),南,56万,12297元/平米,2006年
三盛都会城,2室1厅1厨1卫,64.15㎡,longquanyi,低楼层 (共32层),南,48万,7483元/平米,2015年
世茂城二期,1室1厅1厨1卫,49.95㎡,longquanyi,中楼层 (共33层),南,81万,16217元/平米,2013年
世茂城二期,4室2厅1厨2卫,119.21㎡,longquanyi,高楼层 (共11层),东南,236万,19797元/平米,2013年
金山花园,4室2厅1厨2卫,151.99㎡,longquanyi,中楼层 (共7层),东南,110万,7238元/平米,未知年建/
中国铁建国际城,4室1厅1厨2卫,126.06㎡,longquanyi,高楼层 (共34层),南,232万,18404元/平米,2015年
蔚蓝花城A区,3室2厅1厨2卫,152.28㎡,longquanyi,中楼层 (共6层),东南,165万,10836元/平米,2004年
东山国际新城C区,4室2厅1厨2卫,171.84㎡,longquanyi,中楼层 (共18层),东南,193万,11232元/平米,2009年
中国铁建国际城,4室2厅1厨2卫,139.9㎡,longquanyi,低楼层 (共9层),东南,248万,17727元/平米,2015年
龙城1号,5室2厅1厨2卫,123.17㎡,longquanyi,中楼层 (共33层),东南,255万,20704元/平米,2013年
皇冠国际社区一期,3室2厅1厨2卫,156.9㎡,longquanyi,低楼层 (共4层),南,268万,17081元/平米,2009年
艺锦湾三期,3室2厅1厨2卫,119.84㎡,longquanyi,中楼层 (共6层),东南,280万,23365元/平米,2013年
御源大湖区,3室2厅1厨2卫,116.33㎡,longquanyi,低楼层 (共11层),南,180万,15474元/平米,2012年
驿都水岸丽园,4室3厅1厨2卫,136.11㎡,longquanyi,中楼层 (共26层),南,185万,13592元/平米,2008年
天地晨光丽景,4室2厅1厨2卫,172.1㎡,longquanyi,中楼层 (共6层),南,193万,11215元/平米,2005年
保利玫瑰花语,3室2厅1厨2卫,101.3㎡,longquanyi,高楼层 (共32层),南,158万,15598元/平米,2016年
皇冠国际社区二期,2室1厅1厨1卫,92.43㎡,longquanyi,高楼层 (共27层),东南,170万,18393元/平米,2015年
四季映像,2室1厅1厨1卫,65.59㎡,longquanyi,高楼层 (共34层),西南,98万,14942元/平米,2012年
果壳里的城,2室1厅1厨1卫,83.66㎡,longquanyi,低楼层 (共34层),东,125万,14942元/平米,2015年
锦上城,3室2厅1厨2卫,96.37㎡,longquanyi,中楼层 (共11层),东南,140万,14528元/平米,2015年
皇冠国际社区二期,2室2厅1厨1卫,92.01㎡,longquanyi,中楼层 (共27层),南 北,148万,16086元/平米,2015年
东山国际新城C区,2室2厅1厨2卫,102㎡,longquanyi,中楼层 (共10层),南,110万,10785元/平米,2009年
航天乙三区,2室2厅1厨1卫,71.8㎡,longquanyi,低楼层 (共6层),东南,62万,8636元/平米,未知年建/
蔚蓝花城A区,2室2厅1厨1卫,92.64㎡,longquanyi,高楼层 (共6层),南,100万,10795元/平米,2004年
中国铁建国际城,3室2厅1厨2卫,85㎡,longquanyi,高楼层 (共34层),南,138万,16236元/平米,2015年
银河花园,2室2厅1厨1卫,87.07㎡,longquanyi,中楼层 (共6层),南,100万,11486元/平米,2006年
龙城1号,3室2厅1厨2卫,130㎡,longquanyi,低楼层 (共6层),东南,248万,19077元/平米,2013年
炜岸城一期,3室2厅1厨1卫,62.36㎡,longquanyi,低楼层 (共33层),北,100万,16036元/平米,2016年
天府逸家一期,3室2厅1厨2卫,89㎡,longquanyi,低楼层 (共41层),南,142万,15956元/平米,2015年
劲力蓝色理想,3室2厅1厨2卫,142.7㎡,longquanyi,中楼层 (共26层),东南,140万,9811元/平米,2006年
御源大湖区,3室2厅1厨2卫,140.78㎡,longquanyi,中楼层 (共11层),南,177万,12573元/平米,2012年
玺印上院,3室2厅1厨2卫,122.16㎡,longquanyi,低楼层 (共6层),东南,168万,13753元/平米,2006年
果壳里的城,3室2厅1厨2卫,87.01㎡,longquanyi,高楼层 (共34层),南,128万,14711元/平米,2012年
花样年华常青藤,3室2厅1厨2卫,119.46㎡,longquanyi,高楼层 (共6层),南,150万,12557元/平米,2006年
世茂城四期,4室2厅1厨3卫,181㎡,longquanyi,中楼层 (共6层),南,380万,20995元/平米,未知年建/
温馨苑,3室2厅1厨2卫,135.99㎡,longquanyi,中楼层 (共7层),东南,106万,7795元/平米,2005年
世茂城二期,4室2厅1厨2卫,124.71㎡,longquanyi,中楼层 (共11层),南 北,215万,17240元/平米,2013年
炜岸城一期,3室2厅1厨2卫,130.81㎡,longquanyi,中楼层 (共7层),东南,280万,21406元/平米,2016年
桃源别墅,8室3厅1厨7卫,484.06㎡,longquanyi,低楼层 (共3层),东南,850万,17560元/平米,未知年建
御源大湖区,2室2厅1厨2卫,78.45㎡,longquanyi,低楼层 (共18层),西南,95万,12110元/平米,2012年
世茂城二期,4室2厅1厨2卫,124.31㎡,longquanyi,低楼层 (共11层),南,310万,24938元/平米,2013年
上东阳光美悦林,3室2厅1厨2卫,87㎡,longquanyi,中楼层 (共33层),东南,145万,16667元/平米,2012年
天府逸家一期,2室2厅1厨1卫,65.04㎡,longquanyi,中楼层 (共41层),东南,110万,16913元/平米,未知年建/
首创万卷山,3室2厅1厨2卫,89㎡,longquanyi,中楼层 (共34层),南,130万,14607元/平米,2013年
东林半岛,2室1厅1厨1卫,90.35㎡,longquanyi,高楼层 (共8层),西,120万,13282元/平米,未知年建/
中粮御嶺湾,4室2厅1厨4卫,325.25㎡,longquanyi,低楼层 (共3层),东南,590万,18140元/平米,2014年
金茂悦龙山,3室2厅1厨2卫,88.52㎡,longquanyi,高楼层 (共33层),北,150万,16946元/平米,未知年建/
万科金色城品,2室2厅1厨1卫,71.77㎡,longquanyi,高楼层 (共30层),东,145万,20204元/平米,2015年
四季映像,2室1厅1厨1卫,49.96㎡,longquanyi,高楼层 (共34层),西,70万,14012元/平米,2012年
观澜东山,3室2厅1厨1卫,95.6㎡,longquanyi,中楼层 (共27层),东南,130万,13599元/平米,2009年
东山领地,2室1厅1厨1卫,83.29㎡,longquanyi,中楼层 (共32层),西南,111万,13327元/平米,未知年建
天立广场,2室1厅1厨1卫,66.86㎡,longquanyi,高楼层 (共33层),东,95万,14209元/平米,2013年
星光四季,2室2厅1厨1卫,89.34㎡,longquanyi,中楼层 (共5层),东 东南,98万,10970元/平米,2005年
京龙嘉苑,3室2厅1厨1卫,99㎡,longquanyi,中楼层 (共6层),东 东南,115万,11617元/平米,2005年
御源大湖区,2室1厅1厨1卫,82㎡,longquanyi,高楼层 (共18层),西南,132万,16098元/平米,2012年
金茂悦龙山,3室2厅1厨2卫,88.52㎡,longquanyi,高楼层 (共33层),北,150万,16946元/平米,未知年建/
万科金色城品,2室2厅1厨1卫,71.77㎡,longquanyi,高楼层 (共30层),东,145万,20204元/平米,2015年
四季映像,2室2厅1厨1卫,63.51㎡,longquanyi,中楼层 (共33层),南,105万,16533元/平米,2012年
东山国际新城D区,3室2厅1厨1卫,92.73㎡,longquanyi,高楼层 (共11层),西南,190万,20490元/平米,2011年
丽泉江南,3室2厅1厨2卫,118.04㎡,longquanyi,低楼层 (共5层),北,136万,11522元/平米,2003年
上东阳光林曦,3室2厅1厨2卫,103.6㎡,longquanyi,高楼层 (共6层),东,250万,24132元/平米,2007年
四季康城,3室2厅1厨1卫,95.64㎡,longquanyi,高楼层 (共26层),北,100万,10456元/平米,2013年
果壳里的城,3室2厅1厨1卫,86.5㎡,longquanyi,低楼层 (共34层),东,140万,16185元/平米,2012年
四季映像,2室2厅1厨1卫,76.62㎡,longquanyi,高楼层 (共34层),南,118万,15401元/平米,2012年
天盛花苑,3室2厅1厨2卫,125.38㎡,longquanyi,低楼层 (共6层),东,120万,9571元/平米,2006年
翠晨记,1室1厅1厨1卫,62.9㎡,longquanyi,高楼层 (共21层),东南,63万,10016元/平米,2005年
东山国际新城H区二期,3室1厅1厨1卫,97.27㎡,longquanyi,高楼层 (共22层),东南 东北,128万,13160元/平米,2015年
交警队宿舍,3室2厅1厨2卫,149㎡,longquanyi,中楼层 (共6层),南,150万,10068元/平米,未知年建/
琥珀庭院,3室2厅1厨2卫,143㎡,longquanyi,中楼层 (共9层),南,280万,19581元/平米,2013年
恋日家园G区,4室2厅1厨2卫,124.88㎡,longquanyi,高楼层 (共6层),东南,162万,12973元/平米,2003年
龙祥苑,4室2厅1厨2卫,139.02㎡,longquanyi,中楼层 (共6层),东北,142万,10215元/平米,未知年建/
世茂城四期,4室2厅1厨3卫,180.94㎡,longquanyi,中楼层 (共6层),西南,450万,24871元/平米,未知年建/
书香雅舍,5室2厅1厨3卫,173.34㎡,longquanyi,高楼层 (共6层),南,180万,10385元/平米,未知年建
恋日家园H区,3室2厅1厨2卫,133.16㎡,longquanyi,高楼层 (共6层),南,140万,10514元/平米,2003年
花样年华常青藤,4室2厅1厨2卫,151.94㎡,longquanyi,高楼层 (共6层),南 北,200万,13164元/平米,2006年
龙府花园,3室2厅1厨3卫,196㎡,longquanyi,高楼层 (共5层),东北,220万,11225元/平米,2008年
三盛都会城,2室2厅1厨1卫,68㎡,longquanyi,高楼层 (共18层),东南,68万,10000元/平米,2015年
金茂悦龙山,3室2厅1厨2卫,138.3㎡,longquanyi,低楼层 (共32层),南 北,210万,15185元/平米,未知年建/
首创万卷山,3室2厅1厨1卫,90.47㎡,longquanyi,低楼层 (共34层),南,147万,16249元/平米,2013年
翠晨记,2室2厅1厨1卫,82.92㎡,longquanyi,低楼层 (共21层),东,96万,11578元/平米,2005年
恋日家园H区,3室2厅1厨1卫,94.65㎡,longquanyi,低楼层 (共6层),南,120万,12679元/平米,2003年
龙城1号,3室1厅1厨1卫,83㎡,longquanyi,中楼层 (共33层),东南,180万,21687元/平米,2013年
吉祥花园,3室2厅1厨2卫,121.33㎡,longquanyi,中楼层 (共7层),东南,158万,13023元/平米,未知年建/
金山商业街46号,3室2厅1厨2卫,110.19㎡,longquanyi,高楼层 (共6层),东南,95万,8622元/平米,2003年
百悦天鹅湖,3室2厅1厨2卫,111.73㎡,longquanyi,中楼层 (共32层),西南,203万,18169元/平米,2015年
御源大湖区,2室2厅1厨1卫,89.01㎡,longquanyi,高楼层 (共11层),东南,125万,14044元/平米,2012年
果壳里的城,3室1厅1厨2卫,90㎡,longquanyi,低楼层 (共34层),东南,145万,16112元/平米,2012年
世茂城四期,3室2厅1厨1卫,84.45㎡,longquanyi,低楼层 (共34层),东南,140万,16578元/平米,未知年建/
富力山水人家,4室2厅1厨2卫,174.7㎡,longquanyi,高楼层 (共6层),南,200万,11449元/平米,未知年建/
交警队宿舍,3室2厅1厨2卫,149㎡,longquanyi,高楼层 (共6层),东南,128万,8591元/平米,未知年建/
恋日家园G区,3室2厅1厨2卫,125.49㎡,longquanyi,高楼层 (共6层),西南,150万,11954元/平米,2003年
龙城1号,4室2厅1厨3卫,185.28㎡,longquanyi,低楼层 (共6层),东南,310万,16732元/平米,2013年
东方魅力水云涧,2室2厅1厨1卫,76.72㎡,longquanyi,中楼层 (共6层),东,96万,12514元/平米,未知年建/
东山国际新城H区一期,4室2厅1厨2卫,116.96㎡,longquanyi,中楼层 (共18层),东,135万,11543元/平米,2015年
凯德卓锦万黛,3室2厅1厨1卫,89.15㎡,longquanyi,中楼层 (共39层),东南,135万,15144元/平米,2015年
凯德卓锦万黛,3室2厅1厨2卫,93.89㎡,longquanyi,高楼层 (共39层),南,150万,15977元/平米,2015年
银河花园二期,3室2厅1厨2卫,125.71㎡,longquanyi,中楼层 (共11层),东南,140万,11137元/平米,2015年
四季映像,3室1厅1厨1卫,72.34㎡,longquanyi,低楼层 (共18层),南,120万,16589元/平米,2012年
保利玫瑰花语,4室2厅1厨2卫,111.09㎡,longquanyi,低楼层 (共32层),东,170万,15303元/平米,未知年建/
龙城1号,3室2厅1厨2卫,110.36㎡,longquanyi,中楼层 (共6层),北,220万,19935元/平米,2013年
果壳里的城,3室1厅1厨2卫,87.01㎡,longquanyi,中楼层 (共34层),南,150万,17240元/平米,2012年
万科金色城品,2室2厅1厨1卫,71.38㎡,longquanyi,低楼层 (共35层),东南,150万,21015元/平米,2015年
燎原小区,2室1厅1厨1卫,63㎡,longquanyi,高楼层 (共6层),南,56万,8889元/平米,未知年建/
天府逸家一期,2室2厅1厨1卫,65㎡,longquanyi,低楼层 (共41层),南,106万,16308元/平米,未知年建/
炜岸城一期,1室1厅1厨1卫,48.82㎡,longquanyi,低楼层 (共24层),西南,60万,12291元/平米,2016年
四季映像,2室2厅1厨1卫,62.19㎡,longquanyi,低楼层 (共34层),南,87万,13990元/平米,2012年
恒大绿洲,4室1厅1厨2卫,137.52㎡,longquanyi,中楼层 (共32层),东南,220万,15998元/平米,2011年
世茂城二期,2室1厅1厨1卫,68.01㎡,longquanyi,中楼层 (共33层),东,113万,16616元/平米,2013年
师大现代花园,3室1厅1厨2卫,122.22㎡,longquanyi,高楼层 (共33层),西南,160万,13092元/平米,2013年
恒大绿洲,4室1厅1厨2卫,137.52㎡,longquanyi,中楼层 (共32层),东南,220万,15998元/平米,2011年
艺锦湾一期,3室2厅1厨2卫,135.7㎡,longquanyi,中楼层 (共5层),东南 南,238万,17539元/平米,2009年
劲力蓝色理想,3室1厅1厨1卫,104.69㎡,longquanyi,低楼层 (共26层),东南,133万,12705元/平米,2006年
天府逸家一期,3室2厅1厨1卫,86.7㎡,longquanyi,中楼层 (共41层),西,142万,16379元/平米,2015年
首创东公元,3室2厅1厨1卫,86㎡,longquanyi,高楼层 (共34层),东,145万,16861元/平米,2012年
御源大湖区,2室2厅1厨2卫,92㎡,longquanyi,中楼层 (共6层),南,130万,14131元/平米,2012年
天立广场,2室2厅1厨1卫,72.42㎡,longquanyi,低楼层 (共33层),东南,93万,12842元/平米,2013年
霏红榭,2室2厅1厨1卫,89.9㎡,longquanyi,高楼层 (共18层),东南,107万,11903元/平米,2015年
皇冠国际社区二期,3室2厅1厨2卫,95.55㎡,longquanyi,高楼层 (共27层),东南,190万,19885元/平米,2015年
霏红榭,3室2厅1厨2卫,99.5㎡,longquanyi,中楼层 (共27层),东南,135万,13568元/平米,2015年
上东阳光美悦林,2室2厅1厨1卫,70.38㎡,longquanyi,高楼层 (共33层),东南,125万,17761元/平米,2012年
四季映像,3室2厅1厨1卫,74.77㎡,longquanyi,中楼层 (共34层),南,124万,16585元/平米,2012年
上东阳光三期,2室2厅1厨1卫,95㎡,longquanyi,中楼层 (共11层),南 北,152万,16000元/平米,2009年
御源大湖区,2室2厅1厨1卫,91.63㎡,longquanyi,中楼层 (共18层),南,135万,14734元/平米,2012年
世茂城一期,2室2厅1厨1卫,82.06㎡,longquanyi,高楼层 (共29层),南,122万,14868元/平米,2012年
四季映像,3室2厅1厨1卫,75.03㎡,longquanyi,低楼层 (共18层),东南,115万,15328元/平米,2012年
天盛驿都锦绣,2室2厅1厨1卫,73.65㎡,longquanyi,高楼层 (共6层),东南,75万,10184元/平米,未知年建/
首创万卷山,3室2厅1厨1卫,90.48㎡,longquanyi,低楼层 (共34层),东南,148万,16358元/平米,2013年
果壳里的城,4室2厅1厨2卫,119㎡,longquanyi,高楼层 (共34层),东南,192万,16135元/平米,2012年
上东阳光三期,2室2厅1厨1卫,95.49㎡,longquanyi,低楼层 (共11层),南 北,150万,15709元/平米,2009年
四季康城,3室2厅1厨1卫,79.44㎡,longquanyi,低楼层 (共18层),北,115万,14477元/平米,2013年
尚城东锦,2室1厅1厨1卫,89.31㎡,longquanyi,高楼层 (共34层),东南,130万,14557元/平米,2009年
果壳里的城,3室2厅1厨2卫,88㎡,longquanyi,中楼层 (共34层),东南,156万,17728元/平米,2012年
四季映像,2室2厅1厨1卫,65.59㎡,longquanyi,高楼层 (共34层),东南,105万,16009元/平米,2012年
世茂城四期,2室1厅1厨1卫,70.75㎡,longquanyi,高楼层 (共34层),西,128万,18092元/平米,未知年建/
四季映像,2室2厅1厨1卫,76.68㎡,longquanyi,中楼层 (共33层),南,120万,15650元/平米,2012年
东景康庭,3室2厅1厨2卫,124.6㎡,longquanyi,高楼层 (共6层),南 北,180万,14447元/平米,未知年建
华侨公寓,5室2厅1厨3卫,210.32㎡,longquanyi,高楼层 (共6层),东南,168万,7988元/平米,2004年
世外桃源,4室2厅1厨3卫,175.5㎡,longquanyi,高楼层 (共6层),东南,142万,8092元/平米,2000年
东麓驿境三期,3室2厅1厨2卫,118㎡,longquanyi,低楼层 (共6层),东南,160万,13560元/平米,2015年
龙城1号,3室2厅1厨3卫,185.28㎡,longquanyi,低楼层 (共6层),西南,320万,17272元/平米,2013年
恒大绿洲,4室2厅1厨2卫,120.7㎡,longquanyi,高楼层 (共11层),东北,248万,20547元/平米,2011年
丽阳嘉园,2室2厅1厨1卫,80.4㎡,longquanyi,中楼层 (共6层),南,98万,12190元/平米,2004年
上东阳光林曦,3室2厅1厨2卫,130㎡,longquanyi,低楼层 (共6层),西南,260万,20000元/平米,2007年
长柏路108号,2室1厅1厨1卫,70.9㎡,longquanyi,中楼层 (共7层),东南,58.6万,8266元/平米,未知年建/
果壳里的城,4室2厅1厨2卫,128.2㎡,longquanyi,高楼层 (共34层),西南 东北,190万,14821元/平米,2012年
玉龙山庄,1室1厅1厨1卫,59.8㎡,longquanyi,高楼层 (共6层),东南,52万,8696元/平米,未知年建/
龙城1号,2室1厅1厨1卫,100.08㎡,longquanyi,中楼层 (共17层),南,190万,18985元/平米,2014年
上东阳光艾特公馆,3室2厅1厨2卫,113.77㎡,longquanyi,低楼层 (共11层),南,199万,17492元/平米,2015年
四季康城,3室2厅1厨1卫,79.64㎡,longquanyi,低楼层 (共18层),东,100万,12557元/平米,2013年
竹林尚书,3室2厅1厨1卫,91㎡,longquanyi,中楼层 (共33层),北,140万,15385元/平米,2013年
百悦天鹅湖,3室2厅1厨1卫,97㎡,longquanyi,低楼层 (共26层),南,180万,18557元/平米,2015年
四季康城,2室2厅1厨1卫,58.51㎡,longquanyi,高楼层 (共33层),北,85万,14528元/平米,2013年
桃都印象,3室2厅1厨2卫,98.02㎡,longquanyi,中楼层 (共7层),东南,95万,9692元/平米,2006年
国一澳乡,6室4厅1厨3卫,297.57㎡,longquanyi,低楼层 (共3层),东南,350万,11762元/平米,未知年建
紫晶广场,1室0厅1厨1卫,41.76㎡,longquanyi,中楼层 (共5层),东,30万,7184元/平米,未知年建/
中粮御嶺湾,5室3厅1厨4卫,428.65㎡,longquanyi,低楼层 (共3层),南,980万,22863元/平米,2014年
炬星柠檬城,2室2厅1厨1卫,90.99㎡,longquanyi,中楼层 (共29层),东南,130万,14288元/平米,2009年
世茂城二期,1室1厅1厨1卫,50㎡,longquanyi,中楼层 (共33层),西南,73万,14600元/平米,2013年
天赋龙庭,2室2厅1厨1卫,77.24㎡,longquanyi,高楼层 (共31层),西,90万,11652元/平米,未知年建/
上东阳光三期,3室2厅1厨2卫,115.19㎡,longquanyi,低楼层 (共18层),东南,170万,14759元/平米,2009年
芙蓉社区,2室1厅1厨1卫,89.3㎡,longquanyi,中楼层 (共6层),东南,95万,10639元/平米,2001年
保利玫瑰花语,3室1厅1厨2卫,85.67㎡,longquanyi,中楼层 (共32层),南,150万,17510元/平米,未知年建/
旺府凯旋门,2室2厅1厨1卫,80.77㎡,longquanyi,中楼层 (共33层),东南,103万,12753元/平米,2015年
劲力蓝色理想,3室2厅1厨2卫,133.9㎡,longquanyi,低楼层 (共26层),南,170万,12697元/平米,2006年
四季映像,3室2厅1厨2卫,90.54㎡,longquanyi,中楼层 (共34层),东,142万,15684元/平米,2012年
首创万卷山,3室2厅1厨1卫,90.18㎡,longquanyi,高楼层 (共34层),西南,142万,15747元/平米,2013年
怡合花苑,2室2厅1厨1卫,102.64㎡,longquanyi,高楼层 (共6层),东南,85万,8282元/平米,未知年建
格兰鼎城,3室2厅1厨2卫,115.43㎡,longquanyi,中楼层 (共18层),东南,140万,12129元/平米,2010年
全鑫苑,3室2厅1厨2卫,127㎡,longquanyi,低楼层 (共6层),南,160万,12599元/平米,未知年建/
四季映像,3室2厅1厨2卫,90.54㎡,longquanyi,中楼层 (共34层),东,142万,15684元/平米,2012年
首创万卷山,3室2厅1厨1卫,90.18㎡,longquanyi,高楼层 (共34层),西南,142万,15747元/平米,2013年
怡合花苑,2室2厅1厨1卫,102.64㎡,longquanyi,高楼层 (共6层),东南,85万,8282元/平米,未知年建
格兰鼎城,3室2厅1厨2卫,115.43㎡,longquanyi,中楼层 (共18层),东南,140万,12129元/平米,2010年
炜岸城一期,1室1厅1厨1卫,45.8㎡,longquanyi,高楼层 (共24层),东南,67万,14629元/平米,2016年
首创东公元,3室2厅1厨1卫,83.02㎡,longquanyi,中楼层 (共34层),北,145万,17466元/平米,2012年
艺锦湾三期,3室2厅1厨2卫,126㎡,longquanyi,高楼层 (共6层),东,265万,21032元/平米,2013年
师大现代花园,2室2厅1厨1卫,94㎡,longquanyi,低楼层 (共33层),东南,150万,15958元/平米,2013年
竹林尚书,2室2厅1厨1卫,73.79㎡,longquanyi,高楼层 (共33层),南,110万,14908元/平米,2013年
龙锦,2室2厅1厨1卫,80㎡,longquanyi,高楼层 (共18层),东,96万,12000元/平米,2000年
东山国际新城H区二期,3室1厅1厨2卫,110.33㎡,longquanyi,高楼层 (共22层),东南,170万,15409元/平米,2015年
御源大湖区,3室2厅1厨1卫,102.85㎡,longquanyi,低楼层 (共18层),北,155万,15071元/平米,2012年
东山国际新城B区,3室2厅1厨2卫,117.65㎡,longquanyi,中楼层 (共10层),东南,150万,12750元/平米,2015年
嘉合苑,3室2厅1厨1卫,97.96㎡,longquanyi,中楼层 (共6层),东,85万,8678元/平米,未知年建/
东方家园,3室2厅1厨1卫,94.76㎡,longquanyi,低楼层 (共6层),东南,120万,12664元/平米,2000年
万鸿城市花园,2室2厅1厨1卫,85.95㎡,longquanyi,中楼层 (共24层),东南,120万,13962元/平米,2010年
东山国际新城A区,2室2厅1厨2卫,122.64㎡,longquanyi,低楼层 (共6层),西北,170万,13862元/平米,2015年
恋日家园E区,3室2厅1厨1卫,106.79㎡,longquanyi,高楼层 (共6层),南,128万,11987元/平米,2003年
春秋名邸,3室2厅1厨1卫,103㎡,longquanyi,高楼层 (共24层),东南,115万,11166元/平米,2007年
千和意境,2室2厅1厨1卫,77.85㎡,longquanyi,中楼层 (共7层),南,128万,16442元/平米,2005年
炜岸城一期,1室1厅1厨1卫,45.33㎡,longquanyi,中楼层 (共24层),东,65万,14340元/平米,未知年建/
龙锦湾,2室2厅1厨1卫,78.54㎡,longquanyi,中楼层 (共33层),东南,130万,16553元/平米,未知年建
三盛都会城,2室1厅1厨1卫,63.38㎡,longquanyi,中楼层 (共28层),东 南,48万,7574元/平米,2015年
炜岸城一期,1室1厅1厨1卫,45.33㎡,longquanyi,高楼层 (共24层),南,57万,12575元/平米,2016年
传世家宝,4室2厅1厨3卫,251㎡,longquanyi,低楼层 (共3层),东南,350万,13945元/平米,2011年
龙城1号,1室0厅0厨1卫,23㎡,longquanyi,高楼层 (共25层),东南,23万,10000元/平米,2013年
炜岸城一期,3室2厅1厨1卫,100.65㎡,longquanyi,中楼层 (共7层),南,210万,20865元/平米,未知年建/
春秋名邸,2室2厅1厨1卫,89.68㎡,longquanyi,高楼层 (共20层),南,88万,9813元/平米,2007年
格兰玺城,2室2厅1厨1卫,92.31㎡,longquanyi,高楼层 (共24层),南,110万,11917元/平米,2013年
劲力蓝色理想,3室2厅1厨2卫,126.34㎡,longquanyi,高楼层 (共32层),东 南,128万,10132元/平米,2006年
劲力蓝色理想,3室2厅1厨2卫,126.34㎡,longquanyi,高楼层 (共32层),东 南,128万,10132元/平米,2006年
果壳里的城,3室2厅1厨1卫,88.82㎡,longquanyi,中楼层 (共34层),西,145万,16326元/平米,2012年
四季映像,2室1厅1厨2卫,33.03㎡,longquanyi,中楼层 (共33层),北,48万,14533元/平米,2012年
上东阳光艾特公馆,2室1厅1厨1卫,81.9㎡,longquanyi,低楼层 (共27层),东南,130万,15874元/平米,2015年
富力山水人家,2室2厅1厨1卫,93.05㎡,longquanyi,中楼层 (共6层),南,80万,8598元/平米,未知年建/
果壳里的城,3室1厅1厨2卫,87.01㎡,longquanyi,中楼层 (共34层),南,148万,17010元/平米,2012年
西村人家,2室2厅1厨1卫,81.11㎡,longquanyi,高楼层 (共6层),西南,70万,8631元/平米,未知年建/
天赋龙庭,2室2厅1厨1卫,87㎡,longquanyi,高楼层 (共31层),东,93万,10690元/平米,未知年建/
银河花园,2室1厅1厨1卫,91.37㎡,longquanyi,高楼层 (共6层),东,105万,11492元/平米,2006年
果壳里的城,3室1厅1厨1卫,86.61㎡,longquanyi,低楼层 (共34层),东南,150万,17320元/平米,2015年
世茂城二期,3室2厅1厨1卫,91.31㎡,longquanyi,高楼层 (共27层),东南,155万,16976元/平米,2013年
格林大道,4室2厅1厨2卫,134㎡,longquanyi,高楼层 (共18层),东南,138万,10299元/平米,2008年
电建地产云立方,2室2厅1厨1卫,80.12㎡,longquanyi,中楼层 (共32层),东南,128万,15977元/平米,2015年
炜岸城一期,4室2厅1厨2卫,141.93㎡,longquanyi,中楼层 (共6层),南 北,303万,21349元/平米,2016年
四季康城,3室1厅1厨1卫,96.07㎡,longquanyi,低楼层 (共26层),南,93万,9681元/平米,2013年
恒大绿洲,5室2厅1厨2卫,173.82㎡,longquanyi,高楼层 (共11层),北,428万,24624元/平米,2011年
龙城1号,4室2厅1厨3卫,208㎡,longquanyi,低楼层 (共3层),东南,416万,20000元/平米,2013年
龙城1号,3室2厅1厨2卫,127㎡,longquanyi,低楼层 (共12层),东南,275万,21654元/平米,2013年
琥珀庭院,3室2厅1厨2卫,123.54㎡,longquanyi,低楼层 (共9层),东,300万,24284元/平米,2013年
世茂城一期,2室2厅2厨1卫,83.67㎡,longquanyi,中楼层 (共29层),南,118万,14104元/平米,2012年
中国铁建国际城,3室2厅1厨2卫,192㎡,longquanyi,低楼层 (共5层),东南,430万,22396元/平米,2015年
皇冠国际社区一期,3室2厅1厨1卫,92.6㎡,longquanyi,高楼层 (共6层),南,168万,18143元/平米,2009年
艺锦湾二期,3室2厅1厨2卫,117㎡,longquanyi,中楼层 (共6层),南 北,238万,20342元/平米,2013年
果壳里的城,3室2厅1厨1卫,87.01㎡,longquanyi,高楼层 (共34层),南,142万,16320元/平米,2012年
东山国际新城E区,3室2厅1厨2卫,105.22㎡,longquanyi,高楼层 (共18层),东,130万,12356元/平米,2009年
果壳里的城,4室1厅1厨2卫,124.98㎡,longquanyi,中楼层 (共34层),东,185万,14803元/平米,2012年
果壳里的城,4室1厅1厨2卫,124㎡,longquanyi,高楼层 (共34层),东南,185万,14920元/平米,2012年
果壳里的城,3室1厅1厨2卫,89㎡,longquanyi,低楼层 (共34层),南,160万,17978元/平米,2012年
霏红榭,3室2厅1厨2卫,128.71㎡,longquanyi,高楼层 (共18层),东南,150万,11655元/平米,2015年
电建地产云立方,2室1厅1厨1卫,76.25㎡,longquanyi,中楼层 (共34层),南,122万,16000元/平米,2015年
世茂城二期,3室2厅1厨1卫,88.38㎡,longquanyi,高楼层 (共33层),西,136万,15389元/平米,2013年
东山国际新城C区,3室2厅1厨2卫,128.78㎡,longquanyi,中楼层 (共10层),东南,160万,12425元/平米,2009年
天赋龙庭,2室2厅1厨1卫,75.78㎡,longquanyi,中楼层 (共31层),东南,91万,12009元/平米,未知年建/
四季映像,3室2厅1厨1卫,86.17㎡,longquanyi,高楼层 (共18层),东南,130万,15087元/平米,2012年
万科金色城品,2室2厅1厨1卫,71.75㎡,longquanyi,低楼层 (共28层),南 西南,146万,20349元/平米,2015年
四季映像,3室2厅1厨1卫,85.72㎡,longquanyi,低楼层 (共34层),北,125万,14583元/平米,2012年
格兰玺城,2室2厅1厨1卫,92.31㎡,longquanyi,低楼层 (共24层),东南,104万,11267元/平米,2013年
首创万卷山,2室1厅1厨1卫,75㎡,longquanyi,高楼层 (共34层),西南,120万,16000元/平米,2013年
万科金色城品,3室1厅1厨1卫,86.28㎡,longquanyi,高楼层 (共35层),东南,168万,19472元/平米,2015年
四季映像,3室2厅1厨1卫,69.96㎡,longquanyi,低楼层 (共34层),西,110万,15724元/平米,2012年
皇冠国际社区一期,3室2厅1厨1卫,92.6㎡,longquanyi,高楼层 (共6层),南,168万,18143元/平米,2009年
艺锦湾二期,3室2厅1厨2卫,117㎡,longquanyi,中楼层 (共6层),南 北,238万,20342元/平米,2013年
果壳里的城,3室2厅1厨1卫,87.01㎡,longquanyi,高楼层 (共34层),南,142万,16320元/平米,2012年
东山国际新城E区,3室2厅1厨2卫,105.22㎡,longquanyi,高楼层 (共18层),东,130万,12356元/平米,2009年
果壳里的城,4室1厅1厨2卫,124.98㎡,longquanyi,中楼层 (共34层),东,185万,14803元/平米,2012年
果壳里的城,4室1厅1厨2卫,124㎡,longquanyi,高楼层 (共34层),东南,185万,14920元/平米,2012年
东山国际新城D区,2室2厅1厨1卫,79㎡,longquanyi,低楼层 (共11层),东南,136万,17216元/平米,2011年
京龙名苑,3室2厅1厨2卫,112㎡,longquanyi,低楼层 (共7层),东南,148万,13215元/平米,2003年
百悦天鹅湖,3室2厅1厨2卫,113㎡,longquanyi,高楼层 (共32层),南,200万,17700元/平米,2015年
蔚蓝花城B区,3室2厅1厨1卫,105㎡,longquanyi,中楼层 (共6层),东南,120万,11429元/平米,2004年
农行宿舍,3室1厅1厨1卫,87㎡,longquanyi,高楼层 (共6层),南,76万,8736元/平米,未知年建/
凯德卓锦万黛,2室1厅1厨1卫,66.95㎡,longquanyi,低楼层 (共39层),东南,102万,15236元/平米,2015年
保利玫瑰花语,3室2厅1厨2卫,88.65㎡,longquanyi,高楼层 (共31层),南,155万,17485元/平米,2016年
格调城,3室2厅1厨1卫,86.48㎡,longquanyi,高楼层 (共26层),东,105万,12142元/平米,2012年
果壳里的城,4室1厅1厨2卫,125㎡,longquanyi,高楼层 (共34层),东,180万,14400元/平米,2012年
凯德卓锦万黛,3室2厅1厨2卫,94.97㎡,longquanyi,中楼层 (共39层),南,152万,16006元/平米,2015年
天府逸家一期,3室1厅1厨1卫,86.8㎡,longquanyi,高楼层 (共41层),南,158万,18203元/平米,2015年
首创万卷山,2室2厅1厨1卫,84.2㎡,longquanyi,低楼层 (共30层),东南 西北,130万,15440元/平米,2013年
凯德卓锦万黛,3室2厅1厨2卫,93.96㎡,longquanyi,中楼层 (共39层),东南,155万,16497元/平米,2015年
东麓驿境二期,3室2厅1厨2卫,118.9㎡,longquanyi,中楼层 (共6层),东南,156万,13121元/平米,2015年
保利玫瑰花语,3室2厅1厨2卫,88.65㎡,longquanyi,高楼层 (共31层),南,155万,17485元/平米,2016年
格调城,3室2厅1厨1卫,86.48㎡,longquanyi,高楼层 (共26层),东,105万,12142元/平米,2012年
果壳里的城,4室1厅1厨2卫,125㎡,longquanyi,高楼层 (共34层),东,180万,14400元/平米,2012年
凯德卓锦万黛,3室2厅1厨2卫,94.97㎡,longquanyi,中楼层 (共39层),南,152万,16006元/平米,2015年
天府逸家一期,3室1厅1厨1卫,86.8㎡,longquanyi,高楼层 (共41层),南,158万,18203元/平米,2015年
格调城,2室2厅1厨1卫,80.24㎡,longquanyi,低楼层 (共18层),东南,90万,11217元/平米,2012年
果壳里的城,3室2厅1厨2卫,89㎡,longquanyi,高楼层 (共34层),南,160万,17978元/平米,2012年
温馨苑,2室2厅1厨1卫,95.7㎡,longquanyi,中楼层 (共7层),南,94.8万,9906元/平米,2005年
格兰玺城,2室2厅1厨1卫,83.23㎡,longquanyi,高楼层 (共24层),西南,99万,11895元/平米,2013年
世茂城四期,2室2厅1厨1卫,71.42㎡,longquanyi,低楼层 (共34层),南,115万,16102元/平米,未知年建/
艺锦湾一期,3室2厅1厨2卫,141.5㎡,longquanyi,高楼层 (共6层),南,260万,18375元/平米,2009年
凯德卓锦万黛,3室2厅1厨2卫,93.96㎡,longquanyi,低楼层 (共39层),西南,148万,15752元/平米,2015年
师大现代花园,4室2厅1厨2卫,144.48㎡,longquanyi,中楼层 (共33层),东南,210万,14535元/平米,2013年
首创东公元,4室2厅1厨2卫,116.65㎡,longquanyi,中楼层 (共34层),东,163万,13974元/平米,2012年
世茂城一期,2室2厅1厨1卫,90.06㎡,longquanyi,高楼层 (共29层),南,145万,16101元/平米,2012年
炬星柠檬城,1室1厅1厨1卫,60.67㎡,longquanyi,低楼层 (共29层),东南,78万,12857元/平米,2009年
天赋龙庭,2室2厅1厨1卫,88.86㎡,longquanyi,高楼层 (共31层),东,108万,12154元/平米,未知年建/
天盛驿都锦绣,3室1厅1厨1卫,94.72㎡,longquanyi,低楼层 (共6层),南,90万,9502元/平米,2005年
玺印上院,4室2厅1厨2卫,153.25㎡,longquanyi,高楼层 (共5层),东南,249万,16248元/平米,2006年
艺锦湾三期,3室2厅1厨2卫,120㎡,longquanyi,高楼层 (共6层),南,285万,23750元/平米,2013年
御源大湖区,4室2厅1厨2卫,167㎡,longquanyi,高楼层 (共6层),东南,220万,13174元/平米,2012年
皇冠国际社区一期,5室2厅1厨3卫,149.88㎡,longquanyi,低楼层 (共6层),西南,275万,18349元/平米,2009年
星河名居,4室2厅1厨2卫,160.52㎡,longquanyi,中楼层 (共6层),西南,140万,8722元/平米,2005年
桃都印象,3室2厅1厨2卫,129.44㎡,longquanyi,高楼层 (共7层),西,122万,9426元/平米,2006年
花样年华常青藤,2室2厅1厨1卫,87.8㎡,longquanyi,中楼层 (共6层),南,105万,11959元/平米,未知年建/
紫晶广场,4室2厅1厨2卫,155㎡,longquanyi,高楼层 (共6层),南,110万,7097元/平米,2006年
富力山水人家,2室1厅1厨1卫,89㎡,longquanyi,中楼层 (共9层),东南,95万,10675元/平米,未知年建/
劲力蓝色理想,3室2厅1厨2卫,122㎡,longquanyi,低楼层 (共11层),东,180万,14755元/平米,2006年
中国铁建国际城,4室2厅1厨2卫,124㎡,longquanyi,高楼层 (共34层),东南,200万,16130元/平米,2015年
电建地产云立方,3室2厅1厨2卫,120㎡,longquanyi,低楼层 (共34层),西南,180万,15000元/平米,2015年
富力山水人家,4室2厅1厨3卫,175.21㎡,longquanyi,高楼层 (共6层),东南,200万,11415元/平米,未知年建/
成大花园,4室2厅1厨2卫,134.49㎡,longquanyi,中楼层 (共5层),东南,180万,13384元/平米,未知年建/
中国铁建国际城,4室2厅1厨2卫,124㎡,longquanyi,中楼层 (共34层),东南,230万,18549元/平米,2015年
果壳里的城,4室2厅1厨2卫,124㎡,longquanyi,中楼层 (共34层),南,196万,15807元/平米,2012年
凯德卓锦万黛,4室2厅1厨2卫,119㎡,longquanyi,低楼层 (共39层),南,203万,17059元/平米,2015年
洪景丽苑,3室2厅1厨2卫,141.48㎡,longquanyi,高楼层 (共6层),东,155万,10956元/平米,2009年
龙城1号,4室2厅1厨2卫,185.86㎡,longquanyi,中楼层 (共5层),东南,298万,16034元/平米,2013年
山水四季城,3室2厅1厨2卫,141.66㎡,longquanyi,低楼层 (共11层),东南,185万,13060元/平米,2015年
中国铁建国际城,3室2厅1厨2卫,192㎡,longquanyi,低楼层 (共5层),南,450万,23438元/平米,2015年
古驿新村,1室1厅1厨1卫,52.5㎡,longquanyi,高楼层 (共6层),东南,50万,9524元/平米,未知年建/
蔚蓝花城B区,2室1厅1厨1卫,72.31㎡,longquanyi,中楼层 (共6层),东南,85万,11755元/平米,2004年
世茂城四期,2室2厅1厨1卫,70.75㎡,longquanyi,中楼层 (共34层),西,125万,17668元/平米,未知年建/
果壳里的城,1室2厅1厨1卫,60.61㎡,longquanyi,低楼层 (共34层),东南,90万,14850元/平米,2015年
琥珀庭院,3室2厅1厨2卫,111.76㎡,longquanyi,低楼层 (共9层),南,338万,30244元/平米,2013年
师大现代花园,3室2厅1厨2卫,118.6㎡,longquanyi,低楼层 (共17层),西北,150万,12648元/平米,2013年
东山国际新城B区,3室2厅1厨2卫,141㎡,longquanyi,低楼层 (共10层),东南,160万,11348元/平米,2015年
东龙苑,1室1厅1厨1卫,49.58㎡,longquanyi,中楼层 (共6层),东,38万,7665元/平米,1999年
霏红榭,2室2厅1厨1卫,88.66㎡,longquanyi,低楼层 (共33层),东南,88万,9926元/平米,2015年
格兰鼎城,2室1厅1厨1卫,77.73㎡,longquanyi,高楼层 (共24层),西南,89万,11450元/平米,2010年
中国铁建国际城,4室2厅1厨2卫,157.57㎡,longquanyi,高楼层 (共5层),南,360万,22847元/平米,2015年
东山国际新城E区,2室2厅1厨2卫,96.2㎡,longquanyi,高楼层 (共18层),东南,125万,12994元/平米,2009年
凯德卓锦万黛,2室2厅1厨1卫,67.38㎡,longquanyi,中楼层 (共39层),东南,120万,17810元/平米,2015年
果壳里的城,2室1厅1厨1卫,79.36㎡,longquanyi,低楼层 (共34层),东 西,128万,16130元/平米,2012年
师大现代花园,4室2厅1厨3卫,183.26㎡,longquanyi,高楼层 (共17层),南,280万,15279元/平米,2013年
恋日家园G区,3室2厅1厨1卫,94.65㎡,longquanyi,低楼层 (共6层),东南,132万,13947元/平米,2003年
电建地产云立方,2室2厅1厨1卫,81.33㎡,longquanyi,中楼层 (共34层),东南,135万,16600元/平米,2015年
电建地产云立方,2室1厅1厨1卫,87.02㎡,longquanyi,高楼层 (共32层),东,128万,14710元/平米,2015年
星河名居,3室2厅1厨2卫,130.7㎡,longquanyi,高楼层 (共6层),东南,145万,11095元/平米,2005年
龙华花园,3室2厅1厨2卫,120.05㎡,longquanyi,低楼层 (共7层),东南,142万,11829元/平米,2005年
蔚蓝花城B区,2室2厅1厨1卫,61.38㎡,longquanyi,低楼层 (共6层),西南,70万,11405元/平米,2004年
凯德卓锦万黛,2室2厅1厨1卫,68.5㎡,longquanyi,高楼层 (共38层),南,109万,15913元/平米,2015年
美丰花苑,2室2厅1厨1卫,94.66㎡,longquanyi,高楼层 (共6层),南,95万,10036元/平米,未知年建
玺印上院,3室2厅1厨2卫,134㎡,longquanyi,高楼层 (共6层),东南,265万,19777元/平米,2006年
皇冠国际社区二期,2室1厅1厨1卫,92.01㎡,longquanyi,高楼层 (共27层),西北,160万,17390元/平米,2015年
山水四季城,3室2厅1厨2卫,120.6㎡,longquanyi,中楼层 (共26层),东,150万,12438元/平米,2015年
格兰玺城,2室2厅1厨1卫,92㎡,longquanyi,中楼层 (共18层),南,120万,13044元/平米,2013年
上东阳光一期,4室2厅1厨3卫,203.25㎡,longquanyi,高楼层 (共4层),南,380万,18697元/平米,2006年
四季映像,3室2厅1厨1卫,85.06㎡,longquanyi,中楼层 (共33层),北,135万,15872元/平米,2012年
中国铁建国际城,3室2厅1厨2卫,126.06㎡,longquanyi,高楼层 (共34层),南,200万,15866元/平米,2015年
东麓驿境一期,4室2厅1厨3卫,231.79㎡,longquanyi,低楼层 (共4层),南,360万,15532元/平米,2015年
御源大湖区,3室2厅1厨1卫,110.26㎡,longquanyi,低楼层 (共18层),南,175万,15872元/平米,2012年
四季映像,2室2厅1厨1卫,64.79㎡,longquanyi,中楼层 (共34层),西北,101万,15589元/平米,2012年
四季映像,3室2厅1厨1卫,76.14㎡,longquanyi,高楼层 (共34层),东,120万,15761元/平米,2012年
旺府凯旋门,2室2厅1厨1卫,80㎡,longquanyi,高楼层 (共33层),西南,110万,13750元/平米,2015年
艺锦湾一期,3室2厅1厨2卫,119.7㎡,longquanyi,高楼层 (共6层),东南,180万,15038元/平米,2009年
御嶺春天,3室2厅1厨2卫,108㎡,longquanyi,低楼层 (共26层),东,135万,12500元/平米,2015年
中国铁建国际城,3室2厅1厨2卫,130.38㎡,longquanyi,低楼层 (共8层),南,240万,18408元/平米,2015年
上东阳光三期,4室2厅1厨2卫,145.46㎡,longquanyi,低楼层 (共11层),南,198万,13612元/平米,2009年
炜岸城一期,3室2厅1厨2卫,129.7㎡,longquanyi,中楼层 (共6层),东南 南,300万,23131元/平米,2016年
建委一期,4室2厅1厨2卫,173.06㎡,longquanyi,低楼层 (共6层),东南,183万,10575元/平米,未知年建/
东域龙湾一二期,4室2厅1厨2卫,121.82㎡,longquanyi,低楼层 (共32层),东南,180万,14776元/平米,2012年
果壳里的城,5室2厅1厨3卫,147.29㎡,longquanyi,低楼层 (共34层),北,205万,13919元/平米,2012年
果壳里的城,4室2厅1厨2卫,126㎡,longquanyi,中楼层 (共34层),东南 南,260万,20635元/平米,2012年
世茂城四期,3室2厅1厨2卫,125.93㎡,longquanyi,高楼层 (共6层),南,405万,32161元/平米,未知年建/
果壳里的城,5室2厅1厨3卫,147.29㎡,longquanyi,低楼层 (共34层),北,205万,13919元/平米,2012年
星河名居,4室2厅1厨2卫,214㎡,longquanyi,高楼层 (共6层),南,215万,10047元/平米,2005年
龙城1号,4室2厅1厨3卫,185.63㎡,longquanyi,低楼层 (共6层),东南,350万,18855元/平米,2013年
上东阳光林曦,4室2厅1厨2卫,167.8㎡,longquanyi,中楼层 (共5层),北,260万,15495元/平米,2007年
盛世中华,3室2厅1厨3卫,184.61㎡,longquanyi,低楼层 (共3层),东南 西北,300万,16251元/平米,未知年建
东山国际新城C区,4室2厅1厨2卫,216.32㎡,longquanyi,低楼层 (共17层),东南,160万,7397元/平米,2009年
果壳里的城,2室2厅1厨1卫,84.75㎡,longquanyi,低楼层 (共34层),南,135万,15930元/平米,2015年
果壳里的城,1室1厅1厨1卫,57.08㎡,longquanyi,低楼层 (共34层),东,87万,15242元/平米,2012年
保利玫瑰花语,3室2厅1厨1卫,77.44㎡,longquanyi,低楼层 (共31层),东南,148万,19112元/平米,2016年
世茂城二期,1室1厅1厨1卫,54.43㎡,longquanyi,中楼层 (共33层),东,75万,13780元/平米,2013年
天赋龙庭,2室1厅1厨1卫,75.83㎡,longquanyi,低楼层 (共31层),西,135万,17803元/平米,未知年建/
农行宿舍,2室2厅1厨1卫,107.04㎡,longquanyi,高楼层 (共7层),东南,82万,7661元/平米,未知年建/
传世家宝,4室2厅1厨3卫,251㎡,longquanyi,低楼层 (共3层),西南,380万,15140元/平米,2011年
果壳里的城,3室2厅1厨1卫,86.51㎡,longquanyi,低楼层 (共34层),西,132万,15259元/平米,2012年
天府逸家一期,3室2厅1厨2卫,97.6㎡,longquanyi,低楼层 (共41层),南 北,135万,13832元/平米,2015年
宏业小区,3室2厅1厨1卫,110.78㎡,longquanyi,高楼层 (共6层),东南,80万,7222元/平米,未知年建
世茂城一期,2室2厅1厨1卫,84.59㎡,longquanyi,高楼层 (共29层),东南,123万,14541元/平米,2012年
世茂城一期,2室1厅1厨2卫,81.32㎡,longquanyi,中楼层 (共32层),东南,130万,15987元/平米,2012年
玺印上院,3室2厅1厨2卫,120㎡,longquanyi,低楼层 (共6层),南,175万,14584元/平米,2006年
四季映像,2室1厅1厨1卫,59.85㎡,longquanyi,高楼层 (共34层),南,95万,15874元/平米,2012年
果壳里的城,2室2厅1厨1卫,78.94㎡,longquanyi,低楼层 (共34层),东,123万,15582元/平米,2012年
四季映像,3室1厅1厨1卫,74.77㎡,longquanyi,低楼层 (共34层),西南,120万,16050元/平米,2012年
东方华美苑,1室2厅1厨1卫,73.53㎡,longquanyi,高楼层 (共30层),南,70万,9520元/平米,2007年
中粮御嶺湾,4室2厅1厨4卫,334.78㎡,longquanyi,低楼层 (共3层),东南,650万,19416元/平米,2014年
龙泉印象,1室1厅1厨1卫,57.6㎡,longquanyi,高楼层 (共18层),东,68万,11806元/平米,未知年建/
天盛花苑,1室1厅1厨1卫,51㎡,longquanyi,中楼层 (共6层),西南,51万,10000元/平米,2006年
东方华美苑,1室0厅1厨1卫,34.9㎡,longquanyi,高楼层 (共30层),东南,42万,12035元/平米,2007年
天鹅岭,5室3厅1厨3卫,498.64㎡,longquanyi,低楼层 (共3层),西南,800万,16044元/平米,未知年建
炜岸城一期,5室2厅1厨2卫,191㎡,longquanyi,高楼层 (共6层),东南,398万,20838元/平米,2016年
东方华美苑,1室2厅1厨1卫,68㎡,longquanyi,中楼层 (共30层),西北,75万,11030元/平米,2007年
洪河谷生活广场,1室1厅1厨1卫,34㎡,longquanyi,中楼层 (共7层),南,20万,5883元/平米,未知年建
果壳里的城,3室2厅1厨1卫,88.82㎡,longquanyi,低楼层 (共34层),东,150万,16889元/平米,2012年
驿丰步行街111号,3室2厅1厨2卫,118.18㎡,longquanyi,高楼层 (共6层),北,120万,10155元/平米,未知年建/
东山国际新城A区,3室2厅1厨2卫,151.08㎡,longquanyi,中楼层 (共9层),东南,180万,11915元/平米,2015年
东麓驿境四期,3室1厅1厨2卫,112.65㎡,longquanyi,低楼层 (共23层),东南,165万,14648元/平米,2015年
天地晨光丽景,3室2厅1厨2卫,112.64㎡,longquanyi,低楼层 (共6层),南 北,155万,13761元/平米,2005年
恒大绿洲,3室2厅1厨1卫,89.89㎡,longquanyi,低楼层 (共32层),东南,142万,15798元/平米,2011年
御源大湖区,2室1厅1厨1卫,91.43㎡,longquanyi,中楼层 (共18层),南,125万,13672元/平米,2012年
炜岸城一期,2室2厅1厨2卫,73.04㎡,longquanyi,中楼层 (共23层),东南,105万,14376元/平米,2016年
果壳里的城,2室2厅1厨1卫,84.9㎡,longquanyi,高楼层 (共34层),东,130万,15313元/平米,2015年
花香龙都,3室2厅1厨1卫,89㎡,longquanyi,中楼层 (共27层),东南,128万,14383元/平米,2008年
中国铁建国际城,4室2厅1厨2卫,129㎡,longquanyi,中楼层 (共8层),东南,230万,17830元/平米,2015年
东山国际新城E区,2室2厅1厨1卫,81.35㎡,longquanyi,高楼层 (共18层),东南,115万,14137元/平米,2009年
利通天鹅堡,5室3厅1厨3卫,237.13㎡,longquanyi,中楼层 (共4层),东南,200万,8435元/平米,未知年建
中粮御嶺湾,4室2厅1厨5卫,294.85㎡,longquanyi,低楼层 (共3层),南,450万,15262元/平米,2014年
金茂悦龙山,3室2厅1厨2卫,138.3㎡,longquanyi,高楼层 (共32层),东,210万,15185元/平米,未知年建/
石油小区,3室2厅1厨2卫,120㎡,longquanyi,高楼层 (共6层),东南,120万,10000元/平米,2000年
航天中区,4室3厅1厨2卫,174.5㎡,longquanyi,中楼层 (共8层),东,140万,8023元/平米,未知年建/
万鸿城市花园,1室1厅1厨1卫,69.45㎡,longquanyi,低楼层 (共17层),东南,65万,9360元/平米,2010年
十陵小区,3室2厅1厨2卫,119.18㎡,longquanyi,中楼层 (共7层),东南,120万,10069元/平米,未知年建
东山国际新城E区,3室2厅1厨2卫,120㎡,longquanyi,低楼层 (共18层),东南,142万,11834元/平米,2009年
百悦天鹅湖,2室1厅1厨1卫,82.99㎡,longquanyi,低楼层 (共27层),南,120万,14460元/平米,2015年
果壳里的城,2室1厅1厨1卫,76.9㎡,longquanyi,高楼层 (共34层),东,125万,16255元/平米,2012年
首创万卷山,3室2厅1厨1卫,89㎡,longquanyi,高楼层 (共34层),东,150万,16854元/平米,2013年
香水城,1室1厅1厨1卫,60㎡,longquanyi,中楼层 (共32层),东南,70万,11667元/平米,2012年
燃灯寺路64号,2室1厅1厨1卫,56㎡,longquanyi,高楼层 (共7层),东南,61万,10893元/平米,未知年建/
世茂城四期,3室2厅1厨1卫,85.81㎡,longquanyi,中楼层 (共34层),东南,150万,17481元/平米,未知年建/
东山国际新城A区,3室2厅1厨2卫,131.18㎡,longquanyi,中楼层 (共6层),东南,181万,13798元/平米,2015年
农行宿舍,3室2厅1厨1卫,121.18㎡,longquanyi,中楼层 (共7层),东,94万,7758元/平米,未知年建/
四季映像,3室2厅1厨1卫,73.27㎡,longquanyi,中楼层 (共34层),东,120万,16378元/平米,2012年
四季康城,3室1厅1厨2卫,97㎡,longquanyi,低楼层 (共33层),北,145万,14949元/平米,2013年
东山国际新城C区,3室2厅1厨2卫,171.89㎡,longquanyi,中楼层 (共18层),东南,190万,11054元/平米,2009年
东麓驿境三期,3室2厅1厨2卫,130.11㎡,longquanyi,中楼层 (共18层),东南,173万,13297元/平米,2015年
百悦天鹅湖,2室1厅1厨1卫,73.19㎡,longquanyi,低楼层 (共18层),东南,200万,27327元/平米,2015年
炜岸城一期,1室1厅1厨1卫,45.33㎡,longquanyi,中楼层 (共24层),东,62万,13678元/平米,2016年
丽阳晶舍,1室1厅1厨1卫,48.1㎡,longquanyi,中楼层 (共15层),东,59万,12267元/平米,2005年
师大现代花园,1室1厅1厨1卫,36.93㎡,longquanyi,高楼层 (共32层),南 北,45万,12186元/平米,2013年
东麓驿境一期,4室2厅1厨2卫,285㎡,longquanyi,低楼层 (共4层),东南,399万,14000元/平米,2015年
春秋家院,4室2厅1厨2卫,224㎡,longquanyi,高楼层 (共6层),东南,150万,6697元/平米,2003年
紫晶广场,1室0厅1厨1卫,38.33㎡,longquanyi,中楼层 (共5层),东南,27万,7045元/平米,未知年建/
格兰玺城,3室2厅1厨2卫,128㎡,longquanyi,高楼层 (共24层),东南,152万,11875元/平米,2013年
御源大湖区,2室2厅1厨1卫,83.12㎡,longquanyi,低楼层 (共18层),南,125万,15039元/平米,2012年
劲力蓝色理想,3室2厅1厨2卫,117.41㎡,longquanyi,低楼层 (共18层),东南,120万,10221元/平米,2006年
丽阳雅筑,3室2厅1厨2卫,130.52㎡,longquanyi,高楼层 (共6层),东南,120万,9194元/平米,未知年建/
艺锦湾一期,3室2厅1厨1卫,100.33㎡,longquanyi,高楼层 (共6层),东南,172万,17144元/平米,2009年
皇冠国际社区一期,3室2厅1厨2卫,119.55㎡,longquanyi,低楼层 (共6层),南,210万,17566元/平米,2009年
金茂悦龙山,3室2厅1厨2卫,88.6㎡,longquanyi,中楼层 (共33层),东南,150万,16931元/平米,未知年建/
天府逸家一期,3室2厅1厨1卫,86㎡,longquanyi,低楼层 (共41层),西南,150万,17442元/平米,2015年
保利玫瑰花语,3室2厅1厨2卫,88.65㎡,longquanyi,中楼层 (共31层),东,151万,17034元/平米,2016年
天盛花苑,4室2厅1厨2卫,127.56㎡,longquanyi,低楼层 (共6层),东南,145万,11368元/平米,2006年
千和意境,3室2厅1厨2卫,116.46㎡,longquanyi,中楼层 (共6层),东,155万,13310元/平米,2005年
东麓驿境二期,2室2厅1厨1卫,80.69㎡,longquanyi,低楼层 (共6层),西南,120万,14872元/平米,2015年
东山国际新城H区二期,3室2厅1厨2卫,110.26㎡,longquanyi,高楼层 (共24层),东南,165万,14965元/平米,2015年
星河名居,4室2厅1厨2卫,159㎡,longquanyi,中楼层 (共6层),西南,140万,8806元/平米,2005年
上龙门,3室2厅1厨1卫,88㎡,longquanyi,低楼层 (共27层),西,148万,16819元/平米,未知年建
御源大湖区,3室2厅1厨2卫,132㎡,longquanyi,低楼层 (共6层),东南,200万,15152元/平米,2012年
上龙门,3室2厅1厨1卫,88㎡,longquanyi,低楼层 (共27层),西,148万,16819元/平米,未知年建
四季映像,3室1厅1厨2卫,79.21㎡,longquanyi,低楼层 (共34层),南,140万,17675元/平米,2012年
琥珀庭院,3室2厅1厨2卫,122.19㎡,longquanyi,低楼层 (共9层),东 西,263万,21524元/平米,2013年
天府逸家一期,3室2厅1厨1卫,89.68㎡,longquanyi,高楼层 (共41层),南,140万,15612元/平米,未知年建/
世茂城一期,1室1厅1厨1卫,75.49㎡,longquanyi,高楼层 (共29层),东南,111万,14704元/平米,2012年
天府逸家一期,3室2厅1厨1卫,86.69㎡,longquanyi,中楼层 (共41层),东,135万,15573元/平米,未知年建/
北泉路179号,3室2厅1厨2卫,122.82㎡,longquanyi,中楼层 (共6层),南,123万,10015元/平米,未知年建/
世茂城四期,2室2厅1厨1卫,70.79㎡,longquanyi,高楼层 (共34层),东南,115万,16246元/平米,未知年建/
凯德卓锦万黛,3室2厅1厨2卫,93㎡,longquanyi,低楼层 (共39层),南,150万,16130元/平米,2015年
格调城,3室2厅1厨2卫,107.15㎡,longquanyi,中楼层 (共26层),西南,116万,10826元/平米,2012年
皇冠国际社区三期,3室2厅1厨2卫,110㎡,longquanyi,高楼层 (共33层),西北 北,165万,15000元/平米,2016年
天府逸家一期,3室2厅1厨1卫,77㎡,longquanyi,高楼层 (共41层),南,126万,16364元/平米,2015年
琥珀庭院,3室2厅1厨2卫,109㎡,longquanyi,低楼层 (共9层),东南,185万,16973元/平米,2013年
中国铁建国际城,3室1厅1厨2卫,174.5㎡,longquanyi,低楼层 (共8层),南,285万,16333元/平米,2015年
保利玫瑰花语,3室2厅1厨2卫,94.95㎡,longquanyi,中楼层 (共31层),南 北,168万,17694元/平米,2016年
明星花苑,3室2厅1厨2卫,121㎡,longquanyi,中楼层 (共6层),南,105万,8678元/平米,未知年建/
成大花园,4室2厅1厨2卫,134.49㎡,longquanyi,中楼层 (共5层),南,180万,13384元/平米,未知年建/
中天滨河名邸,3室3厅1厨2卫,137㎡,longquanyi,中楼层 (共6层),东南,130万,9490元/平米,2002年
温馨苑,3室2厅1厨2卫,128㎡,longquanyi,中楼层 (共7层),南,128万,10000元/平米,2005年
师大现代花园,3室2厅1厨1卫,94㎡,longquanyi,低楼层 (共32层),南,125万,13298元/平米,2013年
花香龙都,3室1厅1厨1卫,89.09㎡,longquanyi,低楼层 (共27层),北,128万,14368元/平米,2008年
东山国际新城H区二期,3室1厅1厨2卫,110㎡,longquanyi,中楼层 (共22层),东南,160万,14546元/平米,2015年
天府逸家一期,3室2厅1厨1卫,87㎡,longquanyi,低楼层 (共41层),南,170万,19541元/平米,2015年
旺府凯旋门,3室1厅1厨2卫,103.31㎡,longquanyi,低楼层 (共33层),西南,128万,12390元/平米,2015年
恒大绿洲,3室2厅1厨2卫,117.71㎡,longquanyi,高楼层 (共32层),东南,200万,16991元/平米,2011年
龙城1号,3室2厅1厨2卫,130.32㎡,longquanyi,中楼层 (共6层),南 北,253.5万,19453元/平米,2013年
御源大湖区,3室2厅1厨2卫,120.9㎡,longquanyi,低楼层 (共18层),南,170万,14062元/平米,2012年
保利玫瑰花语,3室2厅1厨2卫,86.37㎡,longquanyi,低楼层 (共32层),南,150万,17368元/平米,2016年
天府逸家一期,3室2厅1厨1卫,87㎡,longquanyi,低楼层 (共41层),南,170万,19541元/平米,2015年
旺府凯旋门,3室1厅1厨2卫,103.31㎡,longquanyi,低楼层 (共33层),西南,128万,12390元/平米,2015年
恒大绿洲,3室2厅1厨2卫,117.71㎡,longquanyi,高楼层 (共32层),东南,200万,16991元/平米,2011年
龙城1号,3室2厅1厨2卫,130.32㎡,longquanyi,中楼层 (共6层),南 北,253.5万,19453元/平米,2013年
御源大湖区,3室2厅1厨2卫,120.9㎡,longquanyi,低楼层 (共18层),南,170万,14062元/平米,2012年
保利玫瑰花语,3室2厅1厨2卫,86.37㎡,longquanyi,低楼层 (共32层),南,150万,17368元/平米,2016年
东山国际新城A区,3室2厅1厨2卫,135㎡,longquanyi,低楼层 (共6层),西南,215万,15926元/平米,2015年
东山国际新城A区,3室2厅1厨2卫,135㎡,longquanyi,低楼层 (共6层),西南,215万,15926元/平米,2015年
上东阳光艾特公馆,2室1厅1厨1卫,80.37㎡,longquanyi,高楼层 (共27层),南,142万,17669元/平米,2015年
成大花园,4室2厅1厨2卫,134.49㎡,longquanyi,中楼层 (共5层),南,180万,13384元/平米,未知年建/
艺锦湾一期,3室2厅1厨2卫,135㎡,longquanyi,中楼层 (共5层),南 北,260万,19260元/平米,2009年
世茂城四期,3室2厅1厨1卫,86㎡,longquanyi,中楼层 (共34层),东,142万,16512元/平米,未知年建/
四季映像,3室1厅1厨1卫,69㎡,longquanyi,低楼层 (共18层),东南,105万,15218元/平米,2012年
果壳里的城,3室2厅1厨1卫,88.82㎡,longquanyi,低楼层 (共34层),东,145万,16326元/平米,2012年
艺锦湾三期,3室2厅1厨1卫,104㎡,longquanyi,低楼层 (共6层),东,180万,17308元/平米,2013年
国一剑桥丽景,3室2厅1厨2卫,126.6㎡,longquanyi,高楼层 (共6层),东南,110万,8689元/平米,2006年
东景康庭,3室2厅1厨2卫,125.06㎡,longquanyi,低楼层 (共6层),东,181万,14474元/平米,未知年建
首创东公元,2室1厅1厨1卫,78.8㎡,longquanyi,低楼层 (共34层),东南,120万,15229元/平米,2012年
万科金色城品,3室2厅1厨1卫,87㎡,longquanyi,高楼层 (共27层),东南,175万,20115元/平米,2015年
燃建宿舍,3室2厅1厨2卫,132.75㎡,longquanyi,高楼层 (共6层),东南,95万,7157元/平米,2013年
金色极地,1室1厅1厨1卫,51.33㎡,longquanyi,高楼层 (共15层),东南 南,50万,9741元/平米,未知年建/
师大现代花园,5室2厅1厨3卫,201.53㎡,longquanyi,高楼层 (共17层),东南,266万,13200元/平米,2013年
果壳里的城,4室2厅1厨2卫,119㎡,longquanyi,高楼层 (共34层),东 东南,172万,14454元/平米,2012年
世茂城四期,2室1厅1厨1卫,70.28㎡,longquanyi,高楼层 (共34层),东南,115万,16364元/平米,未知年建/
龙城1号,3室2厅1厨2卫,149.7㎡,longquanyi,高楼层 (共9层),东南,285万,19039元/平米,2013年
霏红榭,3室2厅1厨2卫,125㎡,longquanyi,低楼层 (共18层),南,148万,11840元/平米,2015年
电建地产云立方,3室1厅1厨1卫,100.2㎡,longquanyi,高楼层 (共31层),东南,155万,15470元/平米,2015年
天府逸家一期,3室2厅1厨1卫,86.69㎡,longquanyi,中楼层 (共41层),东南,130万,14996元/平米,未知年建/
劲力蓝色理想,2室1厅1厨1卫,85.93㎡,longquanyi,中楼层 (共26层),东北,87万,10125元/平米,2006年
天府逸家一期,3室2厅1厨2卫,86.42㎡,longquanyi,低楼层 (共41层),东,150万,17358元/平米,未知年建/
天府逸家一期,3室2厅1厨1卫,86.68㎡,longquanyi,中楼层 (共41层),东,135万,15575元/平米,2015年
世茂城四期,3室2厅1厨1卫,85㎡,longquanyi,低楼层 (共34层),南,140万,16471元/平米,未知年建/
艺锦湾一期,3室2厅1厨1卫,100㎡,longquanyi,中楼层 (共6层),东南,180万,18000元/平米,2009年
天府逸家一期,3室2厅1厨1卫,86.69㎡,longquanyi,中楼层 (共41层),东南,130万,14996元/平米,未知年建/
劲力蓝色理想,2室1厅1厨1卫,85.93㎡,longquanyi,中楼层 (共26层),东北,87万,10125元/平米,2006年
龙城1号,3室1厅1厨2卫,126㎡,longquanyi,高楼层 (共6层),南,280万,22223元/平米,2013年
东山国际新城A区,3室2厅1厨2卫,135㎡,longquanyi,中楼层 (共6层),东南,170万,12593元/平米,2015年
四季映像,3室2厅1厨1卫,81.12㎡,longquanyi,低楼层 (共18层),东南,115万,14177元/平米,2012年
劲力蓝色理想,3室2厅1厨2卫,131.54㎡,longquanyi,低楼层 (共25层),东南,145万,11024元/平米,2006年
林溪美城,4室2厅1厨2卫,114㎡,longquanyi,低楼层 (共18层),南,105万,9211元/平米,2016年
艺锦湾一期,3室2厅1厨2卫,121.57㎡,longquanyi,高楼层 (共6层),东,185万,15218元/平米,2009年
山水四季城,2室2厅1厨1卫,99㎡,longquanyi,低楼层 (共11层),东,135万,13637元/平米,2015年
上东阳光林曦,1室0厅1厨1卫,35.1㎡,longquanyi,中楼层 (共5层),西南,36万,10257元/平米,2007年
玉龙山庄,5室4厅2厨4卫,240㎡,longquanyi,低楼层 (共4层),东北,300万,12500元/平米,未知年建
东景康庭,3室2厅1厨2卫,118.97㎡,longquanyi,低楼层 (共6层),南 北,135万,11348元/平米,未知年建
世茂城一期,2室1厅1厨1卫,81㎡,longquanyi,中楼层 (共29层),东南,130万,16050元/平米,2012年
天府逸家二期,3室2厅1厨1卫,81㎡,longquanyi,低楼层 (共44层),南,125万,15433元/平米,2016年
天立广场,2室2厅1厨1卫,78.01㎡,longquanyi,低楼层 (共33层),东南,100万,12819元/平米,2013年
千和意境,3室2厅1厨2卫,116.39㎡,longquanyi,低楼层 (共6层),东南,175万,15036元/平米,2005年
中国铁建国际城,3室1厅1厨1卫,88㎡,longquanyi,中楼层 (共34层),东,175万,19887元/平米,2015年
学林,2室2厅1厨1卫,85.54㎡,longquanyi,低楼层 (共18层),南,105万,12275元/平米,未知年建
格兰鼎城,3室1厅1厨2卫,114.17㎡,longquanyi,低楼层 (共18层),南,128万,11212元/平米,2010年
果壳里的城,3室2厅1厨1卫,88.84㎡,longquanyi,高楼层 (共34层),东,155万,17448元/平米,2012年
炜岸城一期,3室2厅1厨1卫,100.21㎡,longquanyi,中楼层 (共7层),东南,250万,24948元/平米,2016年
香水城,3室1厅1厨2卫,99.84㎡,longquanyi,高楼层 (共28层),东南,146万,14624元/平米,2012年
世茂城四期,2室2厅1厨1卫,70.28㎡,longquanyi,低楼层 (共34层),东,120万,17075元/平米,未知年建/
东麓驿境三期,3室1厅1厨1卫,104.76㎡,longquanyi,中楼层 (共6层),南 北,180万,17183元/平米,2015年
瑞临锦苑,3室2厅1厨2卫,125.81㎡,longquanyi,低楼层 (共6层),东南,138万,10969元/平米,2009年
电建地产云立方,3室2厅1厨1卫,100.1㎡,longquanyi,低楼层 (共34层),东南,162万,16184元/平米,2015年
上东阳光艾特公馆,2室2厅1厨1卫,75㎡,longquanyi,低楼层 (共27层),南,120万,16000元/平米,2015年
丽泉江南,3室2厅1厨2卫,120.48㎡,longquanyi,低楼层 (共5层),东南,168万,13945元/平米,2003年
千和意境,1室1厅1厨1卫,50.02㎡,longquanyi,中楼层 (共6层),东南,75万,14995元/平米,2005年
天府逸家一期,3室2厅1厨1卫,86.77㎡,longquanyi,中楼层 (共41层),东南,150万,17288元/平米,2015年
四季康城,3室2厅1厨1卫,89.3㎡,longquanyi,中楼层 (共34层),西,120万,13438元/平米,2013年
山水四季城,3室2厅1厨2卫,110.32㎡,longquanyi,低楼层 (共6层),东南,200万,18130元/平米,2015年
天府逸家二期,3室2厅1厨1卫,79.51㎡,longquanyi,高楼层 (共41层),东南,135万,16979元/平米,2016年
东山国际新城B区,3室2厅1厨2卫,121.78㎡,longquanyi,中楼层 (共10层),东南,200万,16424元/平米,2015年
果壳里的城,4室2厅1厨2卫,134㎡,longquanyi,高楼层 (共34层),东 西,200万,14926元/平米,2012年
恒大绿洲,4室2厅1厨2卫,131㎡,longquanyi,中楼层 (共32层),东南,206万,15726元/平米,2011年
果壳里的城,4室2厅1厨2卫,127.41㎡,longquanyi,低楼层 (共34层),南,200万,15698元/平米,2012年
百悦天鹅湖,3室2厅1厨2卫,117㎡,longquanyi,低楼层 (共32层),南,188万,16069元/平米,未知年建/
武城大观城市花园一期,2室2厅1厨1卫,86.7㎡,longquanyi,中楼层 (共11层),南,130万,14995元/平米,2005年
恒大绿洲,4室2厅1厨2卫,135.04㎡,longquanyi,高楼层 (共32层),东南,185万,13700元/平米,2011年
皇冠国际社区一期,3室2厅1厨2卫,128㎡,longquanyi,中楼层 (共6层),南 北,230万,17969元/平米,2009年
东山国际新城E区,2室2厅1厨2卫,102㎡,longquanyi,高楼层 (共18层),西南,130万,12746元/平米,2009年
凯德卓锦万黛,3室1厅1厨2卫,92.42㎡,longquanyi,高楼层 (共39层),东南,165万,17854元/平米,2015年
英伦半岛,4室2厅1厨3卫,252㎡,longquanyi,低楼层 (共3层),南,450万,17858元/平米,2013年
十陵小区,3室2厅1厨2卫,110㎡,longquanyi,低楼层 (共7层),东南,120万,10910元/平米,未知年建
明星花苑,3室2厅1厨2卫,119.79㎡,longquanyi,高楼层 (共6层),南,92万,7681元/平米,未知年建/
懋山湖,5室3厅1厨3卫,298.71㎡,longquanyi,低楼层 (共3层),南,390万,13057元/平米,未知年建
林溪美城,3室2厅1厨2卫,89.05㎡,longquanyi,低楼层 (共18层),西北,100万,11230元/平米,2016年
炜岸城一期,1室1厅1厨1卫,45.33㎡,longquanyi,中楼层 (共24层),南,66万,14560元/平米,未知年建/
炜岸城一期,1室1厅1厨1卫,50㎡,longquanyi,低楼层 (共24层),东,70万,14000元/平米,2016年
利通天鹅堡,3室1厅1厨1卫,91㎡,longquanyi,中楼层 (共14层),南,92万,10110元/平米,未知年建/
翠晨记,2室1厅1厨1卫,62.91㎡,longquanyi,中楼层 (共21层),南,68万,10810元/平米,2005年
果壳里的城,1室2厅1厨1卫,60㎡,longquanyi,高楼层 (共34层),西北,90万,15000元/平米,2012年
东山国际新城D区,3室2厅1厨2卫,79.95㎡,longquanyi,低楼层 (共11层),东南,136万,17011元/平米,2011年
东山国际新城E区,3室2厅1厨2卫,150㎡,longquanyi,高楼层 (共18层),东南,198万,13200元/平米,2009年
锦上城,2室1厅1厨1卫,84㎡,longquanyi,低楼层 (共33层),南,106万,12620元/平米,2015年
劲力蓝色理想,2室2厅1厨1卫,89.63㎡,longquanyi,中楼层 (共26层),东南,90万,10042元/平米,2006年
花样年华常青藤,3室2厅1厨2卫,118.63㎡,longquanyi,高楼层 (共6层),南,148万,12476元/平米,2006年
天立广场,1室1厅1厨1卫,52.66㎡,longquanyi,中楼层 (共33层),西南,65万,12344元/平米,2013年
观澜东山,3室2厅1厨2卫,117.82㎡,longquanyi,中楼层 (共27层),东南,130万,11034元/平米,2009年
洪景丽苑,3室2厅1厨1卫,101.55㎡,longquanyi,低楼层 (共6层),南,105万,10340元/平米,2009年
四季康城,2室2厅1厨1卫,58.5㎡,longquanyi,高楼层 (共33层),北,86万,14701元/平米,2013年
天立广场,1室1厅1厨1卫,53.64㎡,longquanyi,高楼层 (共33层),南,62万,11559元/平米,2013年
师大现代花园,1室0厅1厨1卫,44.83㎡,longquanyi,低楼层 (共32层),南,51万,11377元/平米,2013年
恋日家园G区,2室2厅1厨1卫,81.96㎡,longquanyi,高楼层 (共6层),东 西,102万,12446元/平米,2003年
银河花园,3室2厅1厨2卫,119.19㎡,longquanyi,高楼层 (共6层),南,138万,11579元/平米,2006年
天立广场,1室1厅1厨1卫,52.33㎡,longquanyi,高楼层 (共33层),东南,56万,10702元/平米,2013年
银河花园二期,2室2厅1厨1卫,96.82㎡,longquanyi,低楼层 (共11层),西,120万,12395元/平米,2015年
百悦天鹅湖,2室1厅1厨1卫,82.77㎡,longquanyi,低楼层 (共27层),东南,143万,17277元/平米,2015年
首创东公元,4室2厅1厨2卫,112.12㎡,longquanyi,高楼层 (共34层),东南,176万,15698元/平米,2012年
山水四季城,3室2厅1厨2卫,135.23㎡,longquanyi,低楼层 (共11层),东南,170万,12572元/平米,2015年
国一澳乡,7室5厅1厨3卫,297.57㎡,longquanyi,低楼层 (共3层),南,248万,8335元/平米,未知年建
炜岸城一期,1室1厅1厨1卫,45㎡,longquanyi,中楼层 (共24层),南,62万,13778元/平米,2016年
玉龙山庄,3室2厅1厨2卫,118.5㎡,longquanyi,低楼层 (共6层),南,118万,9958元/平米,未知年建/
炜岸城一期,1室1厅1厨1卫,45.33㎡,longquanyi,中楼层 (共24层),东,61万,13457元/平米,2016年
明星花苑,3室2厅1厨2卫,123㎡,longquanyi,高楼层 (共6层),东南,90万,7318元/平米,未知年建/
柏林沁园居,3室2厅1厨1卫,96.7㎡,longquanyi,高楼层 (共6层),东 东南,85万,8791元/平米,未知年建/
桃花源别墅,6室2厅2厨3卫,289㎡,longquanyi,低楼层 (共3层),南 北,800万,27682元/平米,未知年建
东山国际新城B区,6室2厅2厨3卫,30.37㎡,longquanyi,地下室 (共0层),西北,16万,5269元/平米,未知年建
东山国际新城C区,6室2厅2厨3卫,25.93㎡,longquanyi,低楼层 (共1层),东南,17万,6557元/平米,未知年建
洪河谷生活广场,1室0厅0厨1卫,40㎡,longquanyi,中楼层 (共7层),东南,25万,6250元/平米,未知年建
东山国际新城A区,5室2厅1厨3卫,172.37㎡,longquanyi,中楼层 (共4层),南,251万,14562元/平米,2015年
格调城,3室2厅1厨2卫,104㎡,longquanyi,低楼层 (共18层),东南,127万,12212元/平米,2012年
御源大湖区,2室2厅1厨1卫,89㎡,longquanyi,低楼层 (共11层),南 北,140万,15731元/平米,2012年
首创东公元,2室2厅1厨1卫,77.6㎡,longquanyi,低楼层 (共34层),东北,125万,16109元/平米,2012年
炜岸城一期,1室1厅1厨1卫,45㎡,longquanyi,低楼层 (共24层),东南,61万,13556元/平米,2016年
龙城1号,7室2厅2厨5卫,275㎡,longquanyi,低楼层 (共6层),南,490万,17819元/平米,2013年
蔚蓝花城A区,4室2厅1厨3卫,222.83㎡,longquanyi,中楼层 (共5层),西南,245万,10995元/平米,2004年
蔚蓝花城A区,4室2厅1厨3卫,197.55㎡,longquanyi,低楼层 (共5层),西南,220万,11137元/平米,2004年
英伦半岛,3室2厅1厨3卫,202.12㎡,longquanyi,低楼层 (共3层),东南,350万,17317元/平米,2013年
炜岸城一期,1室1厅1厨1卫,45.3㎡,longquanyi,中楼层 (共24层),东南,60万,13246元/平米,2016年
师大现代花园,2室1厅1厨1卫,47㎡,longquanyi,中楼层 (共32层),南 北,50万,10639元/平米,2013年
世茂城二期,3室2厅1厨1卫,85.72㎡,longquanyi,高楼层 (共33层),西,160万,18666元/平米,2013年
洪河谷生活广场,1室1厅1厨1卫,44㎡,longquanyi,中楼层 (共7层),南,23.8万,5410元/平米,未知年建
炜岸城一期,1室1厅0厨1卫,45.33㎡,longquanyi,高楼层 (共24层),南,60万,13237元/平米,2016年
龙城1号,1室0厅0厨1卫,23㎡,longquanyi,中楼层 (共25层),南,22万,9566元/平米,2013年
玺印上院,3室2厅1厨2卫,111.25㎡,longquanyi,高楼层 (共6层),东南,178万,16000元/平米,2006年
陶然村一区,2室2厅1厨1卫,68.25㎡,longquanyi,低楼层 (共7层),东南,64万,9378元/平米,2002年
东麓驿境三期,3室2厅1厨1卫,104.68㎡,longquanyi,高楼层 (共6层),东南,150万,14330元/平米,2015年
东山国际新城D区,3室2厅1厨2卫,105.12㎡,longquanyi,中楼层 (共11层),西南,125万,11892元/平米,2011年
洪河谷生活广场,1室0厅0厨1卫,40.4㎡,longquanyi,高楼层 (共7层),东南,32万,7921元/平米,未知年建
世茂城一期,3室2厅1厨2卫,117.53㎡,longquanyi,低楼层 (共32层),南,180万,15316元/平米,2015年
龙城1号,1室0厅0厨1卫,23.51㎡,longquanyi,中楼层 (共25层),东南,25万,10634元/平米,2013年
格调城,3室2厅1厨1卫,97.1㎡,longquanyi,中楼层 (共18层),东南,128万,13183元/平米,未知年建/
蔚蓝花城B区,3室2厅1厨2卫,122.51㎡,longquanyi,低楼层 (共6层),东南,128万,10449元/平米,2004年
格调城,2室1厅1厨1卫,76.5㎡,longquanyi,低楼层 (共18层),东南,90万,11765元/平米,2012年
四季映像,2室1厅1厨1卫,76.45㎡,longquanyi,高楼层 (共33层),西南,120万,15697元/平米,2012年
玉龙山庄,4室2厅1厨3卫,249.63㎡,longquanyi,低楼层 (共4层),东南,320万,12819元/平米,未知年建
蔚蓝花城B区,2室2厅1厨2卫,95.19㎡,longquanyi,低楼层 (共6层),东,85万,8930元/平米,2004年
师大现代花园,1室0厅1厨1卫,44.83㎡,longquanyi,低楼层 (共32层),东南,53万,11823元/平米,2013年
天盛花苑,5室4厅1厨5卫,248.09㎡,longquanyi,低楼层 (共3层),西南,398万,16043元/平米,2006年
藏龙苑,3室2厅1厨2卫,124.26㎡,longquanyi,高楼层 (共5层),东南,108万,8692元/平米,未知年建/
七彩人生,3室2厅1厨2卫,119.51㎡,longquanyi,高楼层 (共6层),东南,96万,8033元/平米,2005年
龙城1号,1室0厅0厨1卫,21.63㎡,longquanyi,高楼层 (共25层),东,31万,14332元/平米,2013年
富力山水人家,4室2厅1厨2卫,173.03㎡,longquanyi,高楼层 (共9层),南,178万,10288元/平米,未知年建/
龙城1号,1室0厅0厨1卫,21.63㎡,longquanyi,高楼层 (共25层),东,31万,14332元/平米,2013年
富力山水人家,4室2厅1厨2卫,173.03㎡,longquanyi,高楼层 (共9层),南,178万,10288元/平米,未知年建/
城市博尔曼酒店公寓,1室0厅0厨0卫,45.01㎡,longquanyi,高楼层 (共13层),西南,58万,12887元/平米,未知年建/
城市博尔曼酒店公寓,1室1厅0厨1卫,44.43㎡,longquanyi,高楼层 (共13层),西南,58万,13055元/平米,未知年建/
城市博尔曼酒店公寓,1室1厅0厨0卫,44.43㎡,longquanyi,高楼层 (共13层),东,58万,13055元/平米,未知年建/
天府逸家一期,3室2厅1厨1卫,98㎡,longquanyi,中楼层 (共41层),南,139万,14184元/平米,2015年
好日子花园,3室2厅1厨2卫,123㎡,longquanyi,高楼层 (共7层),东南,90万,7318元/平米,2000年
东麓驿境一期,5室3厅1厨4卫,258㎡,longquanyi,低楼层 (共4层),西南,380万,14729元/平米,2015年
龙城1号,1室0厅0厨1卫,19.47㎡,longquanyi,中楼层 (共25层),南,20万,10273元/平米,2013年
龙城1号,4室2厅1厨2卫,244.63㎡,longquanyi,低楼层 (共6层),东南,600万,24527元/平米,2013年
世茂城二期,3室2厅1厨1卫,85.72㎡,longquanyi,低楼层 (共33层),南,130万,15166元/平米,2013年
御源大湖区,3室2厅1厨1卫,108㎡,longquanyi,低楼层 (共18层),西南,188万,17408元/平米,2012年
四季映像,2室1厅1厨1卫,56.75㎡,longquanyi,高楼层 (共33层),东南,93.8万,16529元/平米,2012年
四季映像,3室2厅1厨1卫,85㎡,longquanyi,中楼层 (共34层),南,120万,14118元/平米,2012年
首创东公元,2室2厅1厨1卫,82㎡,longquanyi,中楼层 (共34层),东,120万,14635元/平米,2012年
英伦半岛,4室3厅1厨3卫,296.48㎡,longquanyi,低楼层 (共3层),南,650万,21924元/平米,2013年
英伦半岛,4室2厅1厨3卫,296.4㎡,longquanyi,低楼层 (共3层),南,630万,21256元/平米,2013年
芙蓉社区,5室2厅1厨2卫,189.22㎡,longquanyi,高楼层 (共6层),南 北,180万,9513元/平米,2001年
传世家宝,4室2厅1厨3卫,360㎡,longquanyi,低楼层 (共3层),南,1300万,36112元/平米,2011年
传世家宝,9室2厅1厨8卫,586.76㎡,longquanyi,低楼层 (共3层),南,2400万,40903元/平米,2011年
龙躍公寓,4室2厅1厨2卫,193㎡,longquanyi,低楼层 (共6层),南,200万,10363元/平米,未知年建/
上东阳光林曦,4室2厅1厨2卫,167.8㎡,longquanyi,中楼层 (共5层),东南,240万,14303元/平米,2007年
龙城1号,3室2厅1厨2卫,138.73㎡,longquanyi,低楼层 (共6层),西南,350万,25229元/平米,2013年
上东阳光美悦林,3室2厅1厨1卫,90㎡,longquanyi,低楼层 (共9层),南,240万,26667元/平米,2012年
人和世家,4室2厅1厨2卫,139.8㎡,longquanyi,中楼层 (共6层),东南,135万,9657元/平米,2015年
优诗美地,3室2厅1厨2卫,151.85㎡,longquanyi,低楼层 (共6层),东南,135万,8891元/平米,未知年建/
恒大绿洲,4室2厅1厨2卫,129.79㎡,longquanyi,高楼层 (共11层),西北,260万,20033元/平米,2011年
丽阳嘉园,4室2厅1厨3卫,151.61㎡,longquanyi,高楼层 (共6层),南 北,168万,11082元/平米,2004年
玉龙山庄,5室3厅1厨3卫,246.88㎡,longquanyi,低楼层 (共4层),南,310万,12557元/平米,未知年建
东方华美苑,3室2厅1厨2卫,116.21㎡,longquanyi,高楼层 (共6层),东南,128万,11015元/平米,2007年
中粮御嶺湾,4室2厅1厨3卫,409.66㎡,longquanyi,低楼层 (共3层),南,557.6万,13612元/平米,2014年
传世家宝,7室4厅2厨6卫,586.72㎡,longquanyi,低楼层 (共3层),南,2000万,34088元/平米,2011年
天盛花苑,4室2厅1厨2卫,272㎡,longquanyi,低楼层 (共3层),南,358万,13162元/平米,2006年
富力山水人家,4室2厅1厨2卫,160.91㎡,longquanyi,高楼层 (共6层),南,158万,9820元/平米,未知年建/
懋山湖,5室3厅1厨5卫,301.74㎡,longquanyi,低楼层 (共3层),南,392万,12992元/平米,未知年建
懋山湖,5室3厅1厨4卫,326.81㎡,longquanyi,低楼层 (共3层),东南,457万,13984元/平米,未知年建
玉龙山庄,5室2厅1厨3卫,447㎡,longquanyi,低楼层 (共4层),东南,800万,17898元/平米,未知年建
洪河谷生活广场,1室0厅0厨1卫,94.45㎡,longquanyi,高楼层 (共7层),南,68万,7200元/平米,未知年建
玉龙山庄,4室2厅1厨2卫,175.74㎡,longquanyi,低楼层 (共6层),东南,160万,9105元/平米,未知年建/
天地晨光丽景,3室2厅1厨2卫,136.89㎡,longquanyi,低楼层 (共6层),南,160万,11689元/平米,2005年
龙泉永福苑,1室1厅1厨1卫,38㎡,longquanyi,中楼层 (共7层),东北,35万,9211元/平米,2000年
传世家宝,9室2厅1厨8卫,586.72㎡,longquanyi,低楼层 (共3层),东南,1800万,30680元/平米,2011年
师大现代花园,3室2厅1厨2卫,121.84㎡,longquanyi,中楼层 (共32层),西,150万,12312元/平米,2013年
首创万卷山,2室1厅1厨1卫,81.77㎡,longquanyi,低楼层 (共30层),西北,112万,13697元/平米,2013年
龙城1号,1室0厅0厨1卫,21.63㎡,longquanyi,中楼层 (共25层),西南,22万,10172元/平米,2013年
懋山湖,4室3厅1厨4卫,286.82㎡,longquanyi,低楼层 (共3层),西南,373万,13005元/平米,未知年建
懋山湖,5室3厅1厨4卫,326.81㎡,longquanyi,低楼层 (共3层),南,457万,13984元/平米,未知年建
传世家宝,7室4厅2厨6卫,575㎡,longquanyi,低楼层 (共3层),西南,1450万,25218元/平米,2011年
世外桃源,4室2厅1厨3卫,177.95㎡,longquanyi,高楼层 (共6层),南,145万,8149元/平米,2000年
东山国际新城H区一期,4室2厅1厨2卫,139㎡,longquanyi,中楼层 (共18层),东南,165万,11871元/平米,2015年
盛世中华,4室2厅1厨3卫,236.91㎡,longquanyi,低楼层 (共3层),南,356万,15027元/平米,未知年建
利通天鹅堡,4室2厅1厨3卫,238.79㎡,longquanyi,中楼层 (共4层),南 北,200万,8376元/平米,未知年建
师大现代花园,4室2厅1厨2卫,139.64㎡,longquanyi,低楼层 (共33层),东南,180万,12891元/平米,2013年
世茂城一期,3室2厅1厨2卫,117.29㎡,longquanyi,低楼层 (共32层),南,180万,15347元/平米,2012年
东山国际新城H区一期,3室2厅1厨2卫,97㎡,longquanyi,高楼层 (共18层),西北,140万,14433元/平米,2015年
航天乙二区,2室1厅1厨1卫,69.7㎡,longquanyi,高楼层 (共6层),东南,62万,8896元/平米,未知年建/
凯德卓锦万黛,3室2厅1厨2卫,92.68㎡,longquanyi,低楼层 (共39层),东南,135万,14567元/平米,2015年
师大现代花园,3室2厅1厨2卫,121.84㎡,longquanyi,低楼层 (共32层),西,175万,14364元/平米,2013年
全鑫苑,3室2厅1厨2卫,138.29㎡,longquanyi,高楼层 (共6层),南,165万,11932元/平米,未知年建/
龙城1号,3室2厅1厨2卫,33.98㎡,longquanyi,地下室 (共0层),东,19万,5592元/平米,未知年建
龙城1号,1室0厅0厨1卫,20.95㎡,longquanyi,中楼层 (共25层),南,21万,10024元/平米,2013年
凯德卓锦万黛,2室1厅1厨1卫,75㎡,longquanyi,中楼层 (共39层),东南,119万,15867元/平米,2015年
东方华美苑,2室2厅1厨1卫,80.17㎡,longquanyi,低楼层 (共30层),东南,87.5万,10915元/平米,2007年
首创万卷山,2室2厅1厨1卫,73.83㎡,longquanyi,高楼层 (共34层),东北,115万,15577元/平米,2013年
上龙门,3室2厅1厨1卫,75.98㎡,longquanyi,中楼层 (共27层),东,120万,15794元/平米,未知年建/
上龙门,1室0厅1厨1卫,40.26㎡,longquanyi,中楼层 (共13层),西,48万,11923元/平米,未知年建/
兴隆步行街小区,3室2厅1厨1卫,107.83㎡,longquanyi,中楼层 (共4层),西南,88万,8161元/平米,未知年建/
天盛花苑,3室2厅1厨2卫,125㎡,longquanyi,中楼层 (共6层),东南,140万,11200元/平米,2006年
东麓驿境二期,3室2厅1厨2卫,148.5㎡,longquanyi,低楼层 (共6层),西南,198万,13334元/平米,2015年
龙躍公寓,3室2厅1厨1卫,101.82㎡,longquanyi,中楼层 (共6层),东南,110万,10804元/平米,未知年建/
炜岸城一期,1室1厅1厨1卫,45.26㎡,longquanyi,中楼层 (共24层),西南,58万,12815元/平米,未知年建/
懋山湖,4室3厅1厨4卫,298.71㎡,longquanyi,低楼层 (共3层),东南,448万,14998元/平米,未知年建
保利玫瑰花语,3室2厅1厨1卫,78.79㎡,longquanyi,低楼层 (共26层),南,127万,16119元/平米,未知年建/
电建地产云立方,2室1厅1厨1卫,80.6㎡,longquanyi,高楼层 (共31层),南,125万,15509元/平米,2015年
四季映像,3室2厅1厨1卫,75㎡,longquanyi,低楼层 (共34层),西,120万,16000元/平米,2012年
保利玫瑰花语,3室2厅1厨2卫,89㎡,longquanyi,中楼层 (共26层),西南,138万,15506元/平米,2016年
劲力蓝色理想,3室1厅1厨2卫,133㎡,longquanyi,低楼层 (共33层),东北,155万,11655元/平米,2006年
东山国际新城D区,2室1厅1厨1卫,61.27㎡,longquanyi,高楼层 (共14层),东南,80万,13057元/平米,2011年
东麓驿境一期,4室2厅1厨3卫,223.52㎡,longquanyi,低楼层 (共4层),东,468万,20938元/平米,未知年建
明星花苑,4室2厅1厨2卫,143㎡,longquanyi,中楼层 (共6层),南,125万,8742元/平米,未知年建/
林溪美城,3室2厅1厨2卫,90.14㎡,longquanyi,中楼层 (共33层),西北,100万,11094元/平米,2016年
万科金色城品,2室2厅1厨1卫,71.87㎡,longquanyi,高楼层 (共27层),东,146万,20315元/平米,2015年
天赋龙庭,3室2厅1厨2卫,104.69㎡,longquanyi,中楼层 (共31层),东南,110万,10508元/平米,未知年建/
果壳里的城,3室2厅1厨1卫,88.82㎡,longquanyi,低楼层 (共34层),西南,148万,16663元/平米,2012年
文豪世苑,4室2厅1厨2卫,146.52㎡,longquanyi,高楼层 (共17层),东南,200万,13651元/平米,2008年
上龙门,1室0厅1厨1卫,40.26㎡,longquanyi,中楼层 (共13层),西,48万,11923元/平米,未知年建/
金山花园,4室2厅1厨2卫,135.66㎡,longquanyi,高楼层 (共7层),东,98万,7224元/平米,未知年建/
山水四季城,3室1厅1厨1卫,119.81㎡,longquanyi,低楼层 (共11层),东南,138万,11519元/平米,2015年
文豪世苑,4室2厅1厨2卫,146.52㎡,longquanyi,高楼层 (共17层),东南,200万,13651元/平米,2008年
世茂城二期,5室2厅1厨4卫,108.48㎡,longquanyi,低楼层 (共3层),东南,320万,29499元/平米,2013年
优诗美地,3室2厅1厨2卫,144.31㎡,longquanyi,中楼层 (共5层),东南,125万,8662元/平米,未知年建/
金巴黎,1室1厅1厨1卫,48.47㎡,longquanyi,中楼层 (共18层),东南,29万,5984元/平米,未知年建/
首创东公元,2室1厅1厨1卫,81.11㎡,longquanyi,高楼层 (共34层),南,118万,14549元/平米,2012年
航天乙一区,2室2厅1厨1卫,70.19㎡,longquanyi,低楼层 (共6层),东南,60万,8549元/平米,未知年建/
格调城,3室1厅1厨2卫,104㎡,longquanyi,高楼层 (共26层),东北,125万,12020元/平米,2012年
艺锦湾一期,3室2厅1厨1卫,103㎡,longquanyi,低楼层 (共6层),东,190万,18447元/平米,2009年
金茂悦龙山,3室2厅1厨2卫,88.19㎡,longquanyi,中楼层 (共33层),东南,130万,14741元/平米,2017年
格林大道,2室1厅1厨1卫,94.59㎡,longquanyi,高楼层 (共18层),南,120万,12687元/平米,2008年
万鸿城市花园,2室2厅1厨1卫,87.93㎡,longquanyi,高楼层 (共11层),东南,122万,13875元/平米,2010年
观景上东,2室2厅1厨1卫,89.15㎡,longquanyi,中楼层 (共11层),东南,73万,8189元/平米,未知年建/
四季映像,1室1厅1厨1卫,33.4㎡,longquanyi,低楼层 (共33层),北,28万,8384元/平米,2012年
龙城1号,1室0厅0厨1卫,21.63㎡,longquanyi,高楼层 (共25层),南,20万,9247元/平米,2013年
四季康城,3室1厅1厨1卫,79.6㎡,longquanyi,低楼层 (共34层),东南,110万,13820元/平米,2013年
四季映像,2室1厅1厨1卫,64.38㎡,longquanyi,低楼层 (共34层),南,110万,17087元/平米,2012年
天府逸家一期,3室1厅1厨2卫,98.4㎡,longquanyi,高楼层 (共41层),南,137万,13923元/平米,2015年
劲力蓝色理想,3室2厅1厨2卫,134.85㎡,longquanyi,中楼层 (共32层),西南,160万,11866元/平米,2006年
洪河谷生活广场,1室0厅0厨0卫,37㎡,longquanyi,中楼层 (共7层),东,25万,6757元/平米,未知年建
海川国际社区,1室1厅1厨1卫,62.34㎡,longquanyi,低楼层 (共6层),东,63万,10106元/平米,未知年建/
东山国际新城C区,1室1厅1厨1卫,24.98㎡,longquanyi,低楼层 (共1层),东,15万,6005元/平米,未知年建
人和世家,4室2厅1厨2卫,173.55㎡,longquanyi,高楼层 (共6层),东南,210万,12101元/平米,2015年
上东阳光艾特公馆,1室1厅1厨1卫,58㎡,longquanyi,中楼层 (共27层),南,80万,13794元/平米,2015年
合龙街16号,3室2厅1厨1卫,91㎡,longquanyi,高楼层 (共7层),东南,70万,7693元/平米,未知年建/
旺府凯旋门,2室1厅1厨1卫,80㎡,longquanyi,高楼层 (共33层),东南,104万,13000元/平米,2015年
天立广场,1室1厅1厨1卫,53.64㎡,longquanyi,中楼层 (共33层),东南,60万,11186元/平米,2013年
花样年华常青藤,3室2厅1厨2卫,118㎡,longquanyi,高楼层 (共6层),南,140万,11865元/平米,2006年
上东阳光一期,1室0厅1厨1卫,40.61㎡,longquanyi,中楼层 (共4层),东南,35万,8619元/平米,2006年
七化建宿舍,2室2厅1厨1卫,73.91㎡,longquanyi,低楼层 (共6层),东南,68万,9201元/平米,未知年建/
明星花苑,1室1厅1厨1卫,60.84㎡,longquanyi,中楼层 (共6层),东南,49万,8054元/平米,未知年建/
四季映像,3室2厅1厨1卫,72.34㎡,longquanyi,中楼层 (共18层),南,108万,14930元/平米,2012年
花香龙都,2室2厅1厨1卫,84.66㎡,longquanyi,低楼层 (共28层),东南,115万,13584元/平米,2008年
东麓驿境一期,4室2厅1厨3卫,244.53㎡,longquanyi,低楼层 (共4层),南,360万,14723元/平米,2015年
世茂城一期,2室2厅1厨1卫,90㎡,longquanyi,低楼层 (共29层),东,160万,17778元/平米,2012年
武城大观城市花园二期,3室2厅1厨2卫,117.43㎡,longquanyi,低楼层 (共6层),南,228万,19416元/平米,2009年
果壳里的城,3室2厅1厨1卫,88.82㎡,longquanyi,中楼层 (共34层),东南,145万,16326元/平米,2012年
首创万卷山,2室2厅1厨1卫,78㎡,longquanyi,高楼层 (共34层),东南,130万,16667元/平米,2013年
四季映像,2室1厅1厨1卫,61.48㎡,longquanyi,中楼层 (共34层),北,90万,14639元/平米,2012年
炜岸城一期,3室2厅1厨1卫,87.01㎡,longquanyi,低楼层 (共33层),东,140万,16091元/平米,未知年建/
花香龙都,2室2厅1厨1卫,90.56㎡,longquanyi,高楼层 (共28层),西南,120.5万,13307元/平米,2008年
龙城1号,2室1厅1厨1卫,99.99㎡,longquanyi,中楼层 (共17层),南,185万,18502元/平米,2014年
盛世中华,6室2厅1厨4卫,297㎡,longquanyi,低楼层 (共3层),东南,500万,16836元/平米,未知年建
美宸东方,2室2厅1厨1卫,82㎡,longquanyi,低楼层 (共18层),南,95万,11586元/平米,未知年建/
山水四季城,2室2厅1厨1卫,89.26㎡,longquanyi,高楼层 (共26层),西南,105万,11764元/平米,2015年
龙城1号,1室0厅0厨1卫,21.63㎡,longquanyi,高楼层 (共25层),北,23万,10634元/平米,2013年
果壳里的城,4室2厅1厨2卫,126.51㎡,longquanyi,低楼层 (共34层),南 西南,190万,15019元/平米,2012年
中国铁建国际城,3室1厅2厨1卫,88.7㎡,longquanyi,低楼层 (共34层),西,130万,14657元/平米,2015年
御源大湖区,4室2厅1厨3卫,232.35㎡,longquanyi,中楼层 (共4层),东南,420万,18077元/平米,2012年
琥珀庭院,3室1厅1厨1卫,109.23㎡,longquanyi,中楼层 (共9层),西南,180万,16479元/平米,2013年
劲力蓝色理想,3室2厅1厨2卫,129.78㎡,longquanyi,低楼层 (共26层),西南,145万,11173元/平米,2006年
金茂悦龙山,3室2厅1厨2卫,89㎡,longquanyi,中楼层 (共33层),西南,130万,14607元/平米,未知年建/
国一澳乡,5室2厅1厨3卫,260.69㎡,longquanyi,低楼层 (共3层),东,300万,11508元/平米,未知年建
劲力蓝色理想,3室2厅1厨1卫,104.69㎡,longquanyi,高楼层 (共26层),东南,105万,10030元/平米,2006年
艺锦湾一期,3室2厅1厨2卫,124㎡,longquanyi,低楼层 (共6层),东,195万,15726元/平米,2009年
东山国际新城E区,2室2厅1厨2卫,101.28㎡,longquanyi,中楼层 (共18层),东南,110万,10861元/平米,2009年
航天中区,4室2厅1厨2卫,174㎡,longquanyi,中楼层 (共8层),南,165万,9483元/平米,未知年建/
锦上城,3室2厅1厨1卫,95.35㎡,longquanyi,低楼层 (共33层),南,135万,14159元/平米,2015年
中国铁建国际城,2室1厅1厨1卫,67.15㎡,longquanyi,中楼层 (共20层),北,70万,10425元/平米,2015年
龙城1号,5室2厅1厨2卫,123.1㎡,longquanyi,低楼层 (共33层),西南,220万,17872元/平米,2013年
东麓驿境二期,3室2厅1厨2卫,143㎡,longquanyi,低楼层 (共6层),东北,170万,11889元/平米,2015年
东山国际新城H区二期,3室2厅1厨1卫,97㎡,longquanyi,高楼层 (共24层),东南,125万,12887元/平米,2015年
中国铁建国际城,3室1厅1厨1卫,86.3㎡,longquanyi,低楼层 (共34层),东,130万,15064元/平米,2015年
首创东公元,3室2厅1厨2卫,88.75㎡,longquanyi,高楼层 (共34层),东南,142万,16000元/平米,2012年
桃花源别墅,5室3厅1厨6卫,336㎡,longquanyi,低楼层 (共2层),东南 南,775万,23066元/平米,未知年建
师大现代花园,1室1厅1厨1卫,47㎡,longquanyi,高楼层 (共32层),南,56万,11915元/平米,2013年
金色极地,1室0厅1厨1卫,47㎡,longquanyi,中楼层 (共15层),东南,45万,9575元/平米,未知年建/
世茂城二期,1室1厅1厨1卫,54.43㎡,longquanyi,低楼层 (共33层),东南,88万,16168元/平米,2013年
龙城1号,1室0厅0厨1卫,21.63㎡,longquanyi,中楼层 (共25层),西南,21万,9709元/平米,2013年
天府逸家一期,3室2厅1厨1卫,86.96㎡,longquanyi,低楼层 (共41层),西,153万,17595元/平米,2015年
鑫源二小区,3室2厅1厨2卫,114.07㎡,longquanyi,中楼层 (共6层),东南,95万,8329元/平米,未知年建/
东山国际新城C区,3室2厅1厨2卫,22.99㎡,longquanyi,低楼层 (共1层),东,14万,6090元/平米,未知年建
东麓驿境四期,3室2厅1厨1卫,88.48㎡,longquanyi,中楼层 (共25层),西南,120万,13563元/平米,2015年
果壳里的城,5室2厅1厨3卫,147.29㎡,longquanyi,中楼层 (共34层),东南,204万,13851元/平米,2012年
龙城1号,1室0厅0厨1卫,21.63㎡,longquanyi,高楼层 (共25层),东北,23万,10634元/平米,2013年
中国铁建国际城,4室2厅1厨1卫,192㎡,longquanyi,低楼层 (共5层),南,450万,23438元/平米,2015年
果壳里的城,1室1厅1厨1卫,60㎡,longquanyi,中楼层 (共34层),南,90万,15000元/平米,2012年
师大现代花园,1室1厅0厨1卫,47.38㎡,longquanyi,中楼层 (共32层),东南,65万,13719元/平米,2013年
艺锦湾三期,3室2厅1厨2卫,122.87㎡,longquanyi,低楼层 (共6层),南,270万,21975元/平米,2013年
丽泉江南,3室2厅1厨2卫,120.48㎡,longquanyi,中楼层 (共5层),东南,188万,15605元/平米,2003年
世茂城一期,2室2厅1厨1卫,83㎡,longquanyi,低楼层 (共29层),南,122万,14699元/平米,2012年
芙蓉社区,3室2厅1厨1卫,110.84㎡,longquanyi,高楼层 (共6层),东南,128万,11549元/平米,2001年
龙城1号,4室2厅1厨3卫,187㎡,longquanyi,低楼层 (共6层),南,336万,17968元/平米,2013年
炜岸城一期,1室1厅1厨1卫,45.33㎡,longquanyi,中楼层 (共24层),东南,70万,15443元/平米,2016年
龙城1号,1室1厅1厨1卫,21.63㎡,longquanyi,中楼层 (共25层),东南,22万,10172元/平米,2013年
天府逸家一期,3室2厅1厨1卫,86.96㎡,longquanyi,中楼层 (共41层),南,148万,17020元/平米,2015年
世茂城一期,2室1厅1厨1卫,90.15㎡,longquanyi,高楼层 (共32层),东,130万,14421元/平米,2012年
华气苑,3室2厅1厨2卫,121.92㎡,longquanyi,中楼层 (共6层),西北,120万,9843元/平米,未知年建/
果壳里的城,4室1厅1厨2卫,119.41㎡,longquanyi,低楼层 (共34层),南,172万,14405元/平米,2012年
玉龙山庄,4室2厅1厨2卫,183.7㎡,longquanyi,低楼层 (共2层),东南,360万,19598元/平米,未知年建
蔚蓝花城B区,3室2厅1厨2卫,133.88㎡,longquanyi,低楼层 (共6层),东南,130万,9711元/平米,2004年
龙城1号,1室0厅0厨1卫,21.63㎡,longquanyi,低楼层 (共25层),东南,22万,10172元/平米,2013年
三盛都会城,3室2厅1厨1卫,83.46㎡,longquanyi,低楼层 (共18层),西北,120万,14379元/平米,2015年
首创东公元,2室2厅1厨1卫,80.37㎡,longquanyi,低楼层 (共34层),东,120万,14931元/平米,2012年
龙城1号,1室1厅1厨1卫,21.63㎡,longquanyi,高楼层 (共25层),东南,28万,12945元/平米,2013年
中国铁建国际城,3室2厅1厨2卫,116.92㎡,longquanyi,低楼层 (共34层),南,200万,17106元/平米,2015年
东山国际新城D区,2室2厅1厨1卫,79.9㎡,longquanyi,低楼层 (共11层),南,110万,13768元/平米,2011年
百悦天鹅湖,3室2厅1厨1卫,94.36㎡,longquanyi,高楼层 (共32层),南 北,170万,18017元/平米,2015年
