正成名城左岸,3室2厅1厨1卫,86.14㎡,pidou,高楼层 (共28层),东北,84万,9752元/平米,2008年
兴秀丽景,4室3厅1厨3卫,176.62㎡,pidou,高楼层 (共6层),东北,128万,7248元/平米,2006年
派克公馆,4室2厅1厨2卫,175.46㎡,pidou,低楼层 (共18层),东北,220万,12539元/平米,2011年
绿地国际花都三期,2室2厅1厨1卫,78.54㎡,pidou,高楼层 (共32层),西北 东北,94万,11969元/平米,2014年
合能四季城一期,3室2厅1厨1卫,79.68㎡,pidou,中楼层 (共28层),东南,110万,13806元/平米,2013年
派克公馆,2室2厅1厨1卫,88.4㎡,pidou,高楼层 (共18层),东北,130万,14706元/平米,2011年
龙湖弗莱明戈一期,3室1厅1厨2卫,81.44㎡,pidou,低楼层 (共32层),东南,105万,12893元/平米,2012年
交大卡布里城,1室1厅1厨1卫,50.59㎡,pidou,中楼层 (共25层),西北,60万,11861元/平米,2008年
中铁塔米亚,3室2厅1厨2卫,107.43㎡,pidou,低楼层 (共18层),东北,153万,14242元/平米,2011年
派克公馆,2室2厅1厨1卫,104.02㎡,pidou,低楼层 (共14层),东南,152万,14613元/平米,2008年
西郡兰庭,2室2厅1厨1卫,73.08㎡,pidou,中楼层 (共17层),西南,96万,13137元/平米,2010年
派克公馆,2室2厅1厨1卫,71.15㎡,pidou,中楼层 (共12层),东南,110万,15461元/平米,2011年
怡景城市花苑,3室2厅1厨3卫,85.96㎡,pidou,高楼层 (共26层),东南,130万,15124元/平米,2013年
警苑小区,5室2厅1厨3卫,227.04㎡,pidou,高楼层 (共6层),东南,145万,6387元/平米,未知年建
华邑阳光里,3室2厅1厨2卫,71.52㎡,pidou,中楼层 (共28层),西北,115万,16080元/平米,2015年
华润橡树湾A区,4室2厅1厨2卫,150.02㎡,pidou,中楼层 (共6层),西南,205万,13665元/平米,2013年
西区花园水云涧,4室2厅1厨2卫,158㎡,pidou,高楼层 (共6层),东,180万,11393元/平米,2005年
成都后花园三期,4室2厅1厨2卫,146.74㎡,pidou,高楼层 (共25层),西南,320万,21808元/平米,2012年
中铁塔米亚,2室2厅1厨1卫,81.01㎡,pidou,高楼层 (共18层),西北,120万,14813元/平米,2011年
万树森林二期,4室2厅1厨2卫,133.19㎡,pidou,中楼层 (共11层),南,142万,10662元/平米,2008年
派克公馆,2室2厅1厨1卫,75.2㎡,pidou,低楼层 (共12层),东北,133万,17687元/平米,2011年
天邑宏御花园御苑,2室2厅1厨1卫,93.43㎡,pidou,高楼层 (共25层),西,95万,10169元/平米,2016年
万树森林二期,3室2厅1厨2卫,130.75㎡,pidou,高楼层 (共18层),东南,155万,11855元/平米,2008年
君临天下,4室2厅1厨3卫,282㎡,pidou,低楼层 (共1层),东南,420万,14894元/平米,2004年
华润橡树湾A区,3室2厅1厨1卫,53.75㎡,pidou,高楼层 (共34层),东南,116万,21582元/平米,2013年
合能四季城一期,3室1厅1厨1卫,79.52㎡,pidou,中楼层 (共28层),东南,98万,12324元/平米,2013年
成都后花园三期,3室2厅1厨2卫,100.71㎡,pidou,中楼层 (共25层),南,175万,17377元/平米,2012年
绿地国际花都三期,3室2厅1厨1卫,83.3㎡,pidou,高楼层 (共32层),西南,98万,11765元/平米,2014年
海骏达蜀都1号一期北区,2室1厅1厨1卫,61㎡,pidou,高楼层 (共25层),南,80万,13115元/平米,2013年
阳光小筑二期,3室1厅1厨1卫,78.94㎡,pidou,高楼层 (共18层),东南,65万,8235元/平米,2009年
派克公馆,2室2厅1厨1卫,89.63㎡,pidou,低楼层 (共18层),西南,120万,13389元/平米,2011年
成都后花园二期,4室1厅1厨3卫,298.18㎡,pidou,中楼层 (共5层),东南,405万,13583元/平米,2011年
华润橡树湾B区,3室2厅1厨2卫,77.94㎡,pidou,中楼层 (共34层),西南,140万,17963元/平米,2013年
中信未来城北区,2室1厅1厨1卫,78.46㎡,pidou,中楼层 (共33层),东南,102万,13001元/平米,2013年
绿地国际花都三期,4室2厅1厨2卫,126.05㎡,pidou,低楼层 (共32层),南,140万,11107元/平米,2014年
华邑阳光里,4室2厅1厨2卫,99.94㎡,pidou,高楼层 (共30层),东南,170万,17011元/平米,2015年
东顺小区,6室2厅1厨3卫,172㎡,pidou,高楼层 (共5层),南,121万,7035元/平米,未知年建
派克公馆,3室2厅1厨2卫,117.11㎡,pidou,中楼层 (共18层),东南,155万,13236元/平米,2011年
派克公馆,3室2厅1厨2卫,130.23㎡,pidou,高楼层 (共18层),东南,195万,14974元/平米,2011年
华润橡树湾A区,3室2厅1厨1卫,54.1㎡,pidou,高楼层 (共34层),西南,110万,20333元/平米,2013年
锦绣东方,2室1厅1厨1卫,79.66㎡,pidou,低楼层 (共18层),西南,75.2万,9441元/平米,2015年
锦苑三期,4室2厅1厨2卫,134.29㎡,pidou,高楼层 (共11层),南,145万,10798元/平米,2000年
中信未来城南区,4室1厅1厨2卫,120.06㎡,pidou,高楼层 (共33层),东南,149万,12411元/平米,2013年
绿地国际花都三期,4室2厅1厨2卫,124㎡,pidou,低楼层 (共32层),东北,150万,12097元/平米,2014年
阿坝干休二所,4室2厅1厨2卫,159.83㎡,pidou,高楼层 (共6层),东南,72万,4505元/平米,未知年建/
中信未来城南区,4室2厅1厨2卫,116.38㎡,pidou,低楼层 (共27层),西南,158万,13577元/平米,2013年
绿地国际花都,6室3厅1厨2卫,185㎡,pidou,高楼层 (共31层),东北,300万,16217元/平米,2015年
三九八家属区,2室1厅1厨1卫,54.97㎡,pidou,中楼层 (共6层),东,39万,7095元/平米,未知年建
晶宝维吉尼亚,1室1厅1厨1卫,49.06㎡,pidou,低楼层 (共18层),南,50万,10192元/平米,2012年
兴秀丽景,4室2厅1厨2卫,179.69㎡,pidou,低楼层 (共6层),东南,135万,7513元/平米,2006年
天府明珠花园,4室2厅1厨2卫,192.71㎡,pidou,高楼层 (共6层),东南,158万,8199元/平米,2005年
中铁西郡英华二期,3室2厅1厨2卫,108.87㎡,pidou,高楼层 (共31层),东,108万,9921元/平米,2013年
西区花园花园洋房,4室2厅1厨2卫,162.59㎡,pidou,高楼层 (共6层),西南,185万,11379元/平米,2004年
何公路86号,3室2厅1厨2卫,76.73㎡,pidou,高楼层 (共6层),东南,45万,5865元/平米,未知年建
置信逸都C区,4室2厅1厨2卫,132㎡,pidou,中楼层 (共33层),西,130万,9849元/平米,2012年
西江月,4室2厅1厨2卫,145.08㎡,pidou,中楼层 (共16层),南,260万,17922元/平米,2009年
时代水岸康城,3室1厅1厨1卫,74.6㎡,pidou,高楼层 (共25层),西南,75万,10054元/平米,2013年
水岸天城,4室2厅1厨2卫,145.88㎡,pidou,中楼层 (共6层),东南,138万,9460元/平米,2009年
中冶田园世界,2室2厅1厨1卫,73.91㎡,pidou,高楼层 (共25层),东北,83万,11230元/平米,2013年
书香府邸二期英伦,2室2厅1厨1卫,85.63㎡,pidou,中楼层 (共16层),东南,125万,14598元/平米,2011年
时代花城豪庭二期,4室1厅1厨2卫,118.38㎡,pidou,高楼层 (共18层),西南,158万,13347元/平米,2010年
书香府邸,1室1厅1厨1卫,53.35㎡,pidou,高楼层 (共16层),西南,78万,14621元/平米,2009年
万基金蓝湾,1室0厅1厨1卫,36.35㎡,pidou,低楼层 (共18层),西北,23万,6328元/平米,2009年
公园榕郡,3室2厅1厨1卫,87.74㎡,pidou,中楼层 (共18层),东南,110万,12538元/平米,2011年
华润橡树湾B区,2室1厅1厨1卫,52.08㎡,pidou,低楼层 (共34层),西北,93万,17858元/平米,2013年
公园榕郡,4室2厅1厨2卫,121.55㎡,pidou,高楼层 (共18层),东南,130万,10696元/平米,2011年
交大卡布里城,4室2厅1厨2卫,132.1㎡,pidou,低楼层 (共25层),南,152万,11507元/平米,2009年
合能四季城二期,4室2厅1厨2卫,131.07㎡,pidou,高楼层 (共29层),东南,160万,12208元/平米,2014年
华润橡树湾A区,3室1厅1厨1卫,53.75㎡,pidou,高楼层 (共34层),西南,120万,22326元/平米,2013年
万基金蓝湾,3室1厅1厨2卫,126.05㎡,pidou,中楼层 (共24层),西南,120万,9521元/平米,2009年
实久花园,3室2厅1厨2卫,117.77㎡,pidou,低楼层 (共11层),西南,122万,10360元/平米,2000年
傲城,2室1厅1厨1卫,72.17㎡,pidou,高楼层 (共31层),南,110万,15242元/平米,2015年
华润橡树湾A区,3室2厅1厨1卫,54.1㎡,pidou,高楼层 (共34层),东南,110万,20333元/平米,2013年
派克公馆,2室2厅1厨2卫,115.73㎡,pidou,低楼层 (共6层),东南,170万,14690元/平米,2011年
一里阳光,2室2厅1厨1卫,89.32㎡,pidou,中楼层 (共6层),西南,80万,8957元/平米,2013年
一里阳光,3室2厅1厨2卫,112㎡,pidou,高楼层 (共32层),东北,138万,12322元/平米,2013年
书香府邸,2室2厅1厨1卫,92.27㎡,pidou,低楼层 (共16层),东南,135万,14631元/平米,2009年
交大卡布里城,3室2厅1厨1卫,98.97㎡,pidou,中楼层 (共25层),西南,125万,12631元/平米,2009年
海骏达蜀都1号凯悦二期,3室1厅1厨2卫,109.29㎡,pidou,中楼层 (共31层),西北,130万,11895元/平米,2013年
派克公馆,3室2厅1厨2卫,131.1㎡,pidou,中楼层 (共6层),西北,176万,13425元/平米,2011年
华润橡树湾B区,3室1厅1厨1卫,62.4㎡,pidou,中楼层 (共34层),西北,116万,18590元/平米,2013年
溪地湾,3室2厅1厨2卫,88.98㎡,pidou,中楼层 (共33层),东南,132万,14835元/平米,2015年
正成名城左岸,2室2厅1厨1卫,80.3㎡,pidou,中楼层 (共28层),西南,80.9万,10075元/平米,2008年
国安尚郡,1室1厅1厨1卫,56.34㎡,pidou,中楼层 (共16层),南,52万,9230元/平米,2007年
龙城国际,3室2厅1厨1卫,78.85㎡,pidou,低楼层 (共33层),东北,140万,17756元/平米,2013年
华邑阳光里,3室2厅1厨2卫,85.48㎡,pidou,中楼层 (共30层),南,158万,18484元/平米,2015年
城西阳光,2室2厅1厨1卫,85.33㎡,pidou,中楼层 (共15层),东北,100万,11720元/平米,2010年
成外雅庭,3室1厅1厨2卫,119.68㎡,pidou,中楼层 (共18层),南,150万,12534元/平米,2008年
书香府邸二期英伦,2室2厅1厨1卫,97.3㎡,pidou,高楼层 (共16层),西北,147万,15108元/平米,2011年
西江月,3室2厅1厨2卫,115.98㎡,pidou,高楼层 (共17层),东南,195万,16814元/平米,2011年
傲城,2室1厅1厨1卫,71㎡,pidou,高楼层 (共31层),东北,110万,15493元/平米,2015年
中铁塔米亚,2室2厅1厨1卫,85㎡,pidou,低楼层 (共18层),西南,112万,13177元/平米,2011年
锦苑三期,4室2厅1厨2卫,156.23㎡,pidou,低楼层 (共10层),东南,170万,10882元/平米,2000年
公园榕郡,4室2厅1厨2卫,121.66㎡,pidou,低楼层 (共18层),东南,150万,12330元/平米,2011年
龙城国际,3室2厅1厨2卫,109㎡,pidou,高楼层 (共33层),东,133万,12202元/平米,2013年
泰立观筑,3室1厅1厨1卫,98.89㎡,pidou,中楼层 (共18层),南,65万,6573元/平米,2011年
华邑阳光里,5室2厅1厨2卫,101.3㎡,pidou,高楼层 (共30层),东南,190万,18757元/平米,2015年
中铁塔米亚,3室1厅1厨2卫,105.16㎡,pidou,低楼层 (共18层),东北,160万,15215元/平米,2011年
中铁西郡英华二期,3室2厅1厨2卫,72.74㎡,pidou,高楼层 (共31层),北,130万,17872元/平米,2013年
派克公馆,3室2厅1厨2卫,113.84㎡,pidou,低楼层 (共18层),东南,170万,14934元/平米,2011年
晶宝维吉尼亚,3室2厅1厨2卫,105.18㎡,pidou,中楼层 (共18层),南,111万,10554元/平米,2012年
华润橡树湾A区,3室1厅1厨2卫,79.07㎡,pidou,中楼层 (共34层),西南,130万,16442元/平米,2013年
海骏达蜀都1号一期南区,3室2厅1厨2卫,108.57㎡,pidou,中楼层 (共26层),西北,138万,12711元/平米,2013年
兴秀丽景,3室2厅1厨2卫,117.16㎡,pidou,中楼层 (共6层),东南,95万,8109元/平米,2006年
中铁塔米亚,2室2厅1厨1卫,78.13㎡,pidou,中楼层 (共18层),东南,118万,15104元/平米,2011年
派克公馆,2室2厅1厨1卫,88.46㎡,pidou,高楼层 (共18层),西南,137万,15488元/平米,2011年
万基金蓝湾,2室1厅1厨1卫,48.29㎡,pidou,高楼层 (共18层),西北,45万,9319元/平米,2009年
傲城,3室2厅1厨1卫,89.13㎡,pidou,高楼层 (共31层),西南,150万,16830元/平米,2015年
龙湖弗莱明戈二期,2室1厅1厨1卫,72㎡,pidou,高楼层 (共34层),西,110万,15278元/平米,2012年
晶宝盛世桃源,3室2厅1厨1卫,99.17㎡,pidou,中楼层 (共18层),南,120万,12101元/平米,2012年
时代花城三期,3室2厅1厨1卫,87.87㎡,pidou,低楼层 (共18层),西南,80万,9105元/平米,2009年
蓝光幸福满庭,3室1厅1厨1卫,69.47㎡,pidou,高楼层 (共26层),东南,130万,18714元/平米,2015年
派克公馆,2室2厅1厨2卫,113.95㎡,pidou,高楼层 (共12层),东南,168万,14744元/平米,2011年
海骏达蜀都1号一期北区,2室2厅1厨1卫,67.76㎡,pidou,低楼层 (共30层),西南,84万,12397元/平米,2013年
海骏达蜀都1号一期北区,2室1厅1厨1卫,67.79㎡,pidou,中楼层 (共30层),东南 东北,80万,11802元/平米,2013年
蓝光幸福满庭,3室2厅1厨2卫,82.5㎡,pidou,中楼层 (共25层),东,135万,16364元/平米,2014年
派克公馆,2室2厅1厨1卫,69.99㎡,pidou,高楼层 (共18层),西北,107万,15288元/平米,2011年
正成名城左岸,4室2厅1厨2卫,120.21㎡,pidou,低楼层 (共26层),西南,108万,8985元/平米,2008年
一里阳光,3室1厅1厨1卫,92.86㎡,pidou,低楼层 (共18层),西南,89万,9585元/平米,2013年
一里阳光,3室1厅1厨1卫,92.86㎡,pidou,低楼层 (共18层),西南,89万,9585元/平米,2013年
溪地湾,3室2厅1厨2卫,88.88㎡,pidou,高楼层 (共33层),西南,140万,15752元/平米,2015年
中铁西郡英华二期,3室2厅1厨2卫,109㎡,pidou,中楼层 (共31层),东北,111万,10184元/平米,2013年
华宇天府花城,3室2厅1厨1卫,82.81㎡,pidou,高楼层 (共31层),东北,92万,11110元/平米,2016年
华宇天府花城,3室2厅1厨2卫,90.38㎡,pidou,低楼层 (共31层),东南,95万,10512元/平米,2016年
华侨凤凰国际城,3室2厅1厨2卫,104㎡,pidou,高楼层 (共32层),东南,102万,9808元/平米,2016年
成都后花园三期,5室2厅1厨2卫,141.26㎡,pidou,低楼层 (共25层),东,215万,15221元/平米,2012年
锦苑三期,4室2厅1厨2卫,156.23㎡,pidou,高楼层 (共10层),东南,171万,10946元/平米,2000年
桃园柳岸,4室2厅1厨2卫,148.39㎡,pidou,高楼层 (共7层),西南,160万,10783元/平米,未知年建/
攀交花园,4室2厅1厨2卫,119.69㎡,pidou,中楼层 (共6层),东北,110万,9191元/平米,2002年
中冶田园世界,3室1厅1厨1卫,86㎡,pidou,高楼层 (共30层),西南,86万,10000元/平米,2013年
福兴花园,3室2厅1厨2卫,125㎡,pidou,高楼层 (共6层),南,120万,9600元/平米,2004年
绿地国际花都三期,3室1厅1厨1卫,89.26㎡,pidou,高楼层 (共32层),西南,125万,14005元/平米,2014年
派克公馆,2室2厅1厨1卫,89.99㎡,pidou,高楼层 (共18层),西南,148万,16447元/平米,2011年
华润橡树湾B区,2室2厅1厨1卫,51.93㎡,pidou,低楼层 (共34层),西北,105万,20220元/平米,2013年
派克公馆,1室1厅1厨1卫,49.75㎡,pidou,高楼层 (共13层),东北,75万,15076元/平米,2011年
傲城,2室2厅1厨1卫,72.14㎡,pidou,低楼层 (共31层),东北,120万,16635元/平米,2015年
东大街102号,4室2厅1厨2卫,182.18㎡,pidou,高楼层 (共6层),东南,120万,6587元/平米,未知年建/
华润橡树湾A区,3室2厅1厨2卫,79.17㎡,pidou,中楼层 (共34层),东南,142万,17937元/平米,2013年
宇众曼城,2室2厅1厨1卫,62.82㎡,pidou,高楼层 (共32层),东南,79万,12576元/平米,2013年
西区花园水云涧,4室2厅1厨2卫,157.72㎡,pidou,高楼层 (共6层),西南,160万,10145元/平米,2005年
龙湖弗莱明戈一期,3室2厅1厨2卫,91.8㎡,pidou,中楼层 (共34层),西南,148万,16123元/平米,2012年
博园世家,3室2厅1厨2卫,109.02㎡,pidou,高楼层 (共7层),西南,95万,8714元/平米,未知年建/
派克公馆,3室2厅1厨2卫,121.81㎡,pidou,中楼层 (共18层),东南,178万,14613元/平米,2011年
书香府邸,2室1厅1厨1卫,60.83㎡,pidou,高楼层 (共16层),西北,90万,14796元/平米,2009年
绿地国际花都三期,3室2厅1厨1卫,88.62㎡,pidou,中楼层 (共32层),东南,110万,12413元/平米,2014年
派克公馆,2室1厅1厨1卫,81.92㎡,pidou,低楼层 (共12层),东南,150万,18311元/平米,2011年
海骏达蜀都1号一期北区,3室2厅1厨1卫,88.22㎡,pidou,高楼层 (共30层),东,106万,12016元/平米,2013年
正成名城左岸,3室1厅1厨1卫,90.98㎡,pidou,低楼层 (共27层),东南,100万,10992元/平米,2008年
时代水岸康城,3室2厅1厨1卫,75.15㎡,pidou,高楼层 (共25层),南,95万,12642元/平米,2013年
华润橡树湾B区,2室1厅1厨1卫,51.34㎡,pidou,高楼层 (共34层),南,102万,19868元/平米,2013年
派克公馆,2室2厅1厨1卫,86.4㎡,pidou,低楼层 (共18层),东南,133万,15394元/平米,2011年
派克公馆,2室2厅1厨1卫,69.98㎡,pidou,低楼层 (共18层),西北,96万,13719元/平米,2011年
兴秀丽景,4室2厅1厨2卫,179.5㎡,pidou,中楼层 (共6层),东南,138万,7689元/平米,2006年
桃园柳岸,5室2厅1厨3卫,171㎡,pidou,高楼层 (共6层),东南,140万,8188元/平米,未知年建/
龙城国际,4室2厅1厨2卫,143.37㎡,pidou,高楼层 (共10层),东南,270万,18833元/平米,2013年
华润橡树湾B区,3室2厅1厨2卫,77.94㎡,pidou,高楼层 (共34层),西北,140万,17963元/平米,2013年
时代花城豪庭二期,5室2厅1厨3卫,234.64㎡,pidou,低楼层 (共6层),南 北,200万,8524元/平米,2010年
书香府邸,3室2厅1厨2卫,124.47㎡,pidou,低楼层 (共16层),东南,180万,14462元/平米,2009年
时代水岸康城,4室2厅1厨2卫,88.97㎡,pidou,高楼层 (共25层),南 西,135万,15174元/平米,2013年
万树森林一期,2室2厅1厨1卫,90.58㎡,pidou,低楼层 (共11层),东北,117万,12917元/平米,2008年
龙湖弗莱明戈二期,3室2厅1厨2卫,81.49㎡,pidou,中楼层 (共32层),北,138万,16935元/平米,2012年
星光大道C区,4室2厅1厨2卫,153㎡,pidou,高楼层 (共9层),东南,115万,7517元/平米,未知年建/
中铁西郡英华二期,3室2厅1厨3卫,109.32㎡,pidou,低楼层 (共31层),西北,168万,15368元/平米,2013年
一里阳光,3室2厅1厨2卫,107.18㎡,pidou,高楼层 (共18层),西南,105万,9797元/平米,2013年
龙城国际,3室2厅1厨2卫,117㎡,pidou,中楼层 (共10层),东南,164万,14018元/平米,2013年
绿地国际花都三期,2室2厅1厨1卫,78.54㎡,pidou,中楼层 (共32层),东,85万,10823元/平米,2014年
中铁塔米亚,2室2厅1厨1卫,83.92㎡,pidou,高楼层 (共17层),西南 东北,120万,14300元/平米,2011年
绿地国际花都三期,2室1厅1厨1卫,79㎡,pidou,高楼层 (共32层),东,90万,11393元/平米,2014年
华润橡树湾B区,3室2厅1厨1卫,62㎡,pidou,低楼层 (共34层),东南,105万,16936元/平米,2013年
今日花园,3室2厅1厨2卫,123.01㎡,pidou,低楼层 (共6层),西南,116.5万,9471元/平米,2006年
尚林家园,3室2厅1厨1卫,89㎡,pidou,高楼层 (共18层),东北,106万,11911元/平米,2009年
中信未来城南区,2室1厅1厨1卫,79.08㎡,pidou,中楼层 (共33层),西南,100万,12646元/平米,2013年
溪地湾,3室2厅1厨2卫,89㎡,pidou,高楼层 (共33层),南 北,132万,14832元/平米,2015年
正成名城左岸,3室1厅1厨2卫,119.97㎡,pidou,低楼层 (共26层),东南,115万,9586元/平米,2008年
蓝光幸福满庭,3室2厅1厨1卫,71.49㎡,pidou,中楼层 (共26层),东南,126万,17625元/平米,2015年
交大万嘉樟菊园,2室2厅1厨1卫,91.04㎡,pidou,高楼层 (共26层),东南,92万,10106元/平米,2014年
华润橡树湾A区,2室2厅1厨1卫,52.55㎡,pidou,中楼层 (共34层),东北,96万,18269元/平米,2013年
348厂家属院,2室1厅1厨1卫,83.56㎡,pidou,高楼层 (共6层),东南,72万,8617元/平米,2000年
合能四季城一期,3室2厅1厨1卫,89.31㎡,pidou,中楼层 (共29层),南,137万,15340元/平米,2013年
中信未来城北区,4室2厅1厨2卫,108.93㎡,pidou,低楼层 (共33层),西南,150万,13771元/平米,2013年
西区花园花园洋房,3室2厅1厨2卫,146㎡,pidou,低楼层 (共6层),西南,150万,10274元/平米,2004年
中铁瑞景茗城,3室2厅1厨1卫,85.63㎡,pidou,低楼层 (共18层),东南,110万,12846元/平米,2012年
绿地国际花都三期,4室2厅1厨1卫,123.75㎡,pidou,低楼层 (共32层),西南,130万,10506元/平米,2014年
书香府邸,3室2厅1厨2卫,124.47㎡,pidou,低楼层 (共16层),东,174万,13980元/平米,2009年
中铁伊萨贝拉,4室2厅1厨2卫,166㎡,pidou,中楼层 (共9层),东,170万,10241元/平米,2010年
合能四季城一期,4室1厅1厨2卫,131㎡,pidou,低楼层 (共29层),东北,159万,12138元/平米,2013年
华润橡树湾B区,3室2厅1厨2卫,141.1㎡,pidou,中楼层 (共6层),西北,180万,12757元/平米,2013年
正成名城左岸,3室2厅1厨2卫,101㎡,pidou,低楼层 (共27层),东南,130万,12872元/平米,2008年
牡丹庭园,4室2厅1厨2卫,186.88㎡,pidou,高楼层 (共6层),西南,110万,5887元/平米,未知年建
宇众曼城,2室1厅1厨1卫,65.57㎡,pidou,中楼层 (共32层),北,85万,12964元/平米,2013年
芙蓉小区,3室3厅1厨2卫,129.75㎡,pidou,中楼层 (共6层),东,108万,8324元/平米,2004年
华邑阳光里,3室2厅1厨1卫,71.95㎡,pidou,中楼层 (共28层),西北,120万,16679元/平米,2015年
中铁瑞景茗城,3室2厅1厨2卫,110.42㎡,pidou,中楼层 (共18层),东北,125万,11321元/平米,2012年
西区花园花园洋房,3室2厅1厨2卫,135㎡,pidou,低楼层 (共6层),西北,170万,12593元/平米,2004年
绿地国际花都三期,2室2厅1厨1卫,73.29㎡,pidou,高楼层 (共25层),东北,81万,11052元/平米,2014年
中冶田园世界,3室1厅1厨1卫,88.82㎡,pidou,低楼层 (共25层),南,93万,10471元/平米,2013年
西区地标,3室2厅1厨1卫,84.34㎡,pidou,低楼层 (共25层),东,109万,12924元/平米,2010年
派克公馆,3室2厅1厨1卫,266.06㎡,pidou,低楼层 (共18层),西北,240万,9021元/平米,2011年
中信未来城北区,3室2厅1厨2卫,100.68㎡,pidou,中楼层 (共33层),西北,123万,12217元/平米,2013年
海骏达蜀都1号一期北区,3室2厅1厨2卫,89.03㎡,pidou,中楼层 (共30层),西南,110万,12356元/平米,2013年
宇众曼城,2室1厅1厨1卫,62.15㎡,pidou,中楼层 (共32层),东南,78万,12551元/平米,2013年
中铁伊萨贝拉,3室2厅1厨1卫,92㎡,pidou,低楼层 (共26层),东北,113万,12283元/平米,2010年
置信逸都B区,3室2厅1厨2卫,118.12㎡,pidou,高楼层 (共33层),东南,120万,10160元/平米,2014年
金枫名苑,2室2厅1厨1卫,70.39㎡,pidou,高楼层 (共18层),东南,91万,12928元/平米,2013年
五彩城,3室2厅1厨2卫,113.46㎡,pidou,高楼层 (共32层),东南,108万,9519元/平米,2014年
中冶田园世界,3室2厅1厨1卫,89.16㎡,pidou,中楼层 (共30层),西南,82万,9197元/平米,2013年
天邑宏御花园御苑,2室1厅1厨1卫,91.76㎡,pidou,低楼层 (共26层),西南,106万,11552元/平米,2016年
中铁塔米亚,2室1厅1厨1卫,85㎡,pidou,中楼层 (共18层),西南,120万,14118元/平米,2011年
华润橡树湾A区,3室1厅1厨1卫,54㎡,pidou,高楼层 (共34层),东南,116万,21482元/平米,2013年
中信未来城南区,3室1厅1厨1卫,88.12㎡,pidou,高楼层 (共33层),北,105万,11916元/平米,2013年
派克公馆,2室2厅1厨1卫,90.31㎡,pidou,中楼层 (共18层),西北,138万,15281元/平米,2011年
傲城,3室2厅1厨2卫,99㎡,pidou,高楼层 (共31层),东南,145万,14647元/平米,2015年
怡景城市花苑,3室2厅1厨2卫,86㎡,pidou,中楼层 (共26层),西,110万,12791元/平米,2013年
龙湖弗莱明戈一期,2室2厅1厨1卫,72.15㎡,pidou,低楼层 (共34层),西北,90万,12475元/平米,2012年
宇众悦府,2室2厅1厨1卫,49.37㎡,pidou,高楼层 (共27层),东北,80万,16205元/平米,2013年
龙城国际,3室2厅1厨1卫,79㎡,pidou,低楼层 (共33层),东北,120万,15190元/平米,2013年
西区花园花园洋房,3室2厅1厨2卫,108.57㎡,pidou,高楼层 (共6层),东南,113万,10409元/平米,2004年
中铁西郡英华二期,3室2厅1厨2卫,109.67㎡,pidou,中楼层 (共31层),东南,125万,11398元/平米,2013年
中信未来城北区,3室2厅1厨2卫,100.68㎡,pidou,中楼层 (共33层),西北,123万,12217元/平米,2013年
海骏达蜀都1号一期北区,3室2厅1厨2卫,89.03㎡,pidou,中楼层 (共30层),西南,110万,12356元/平米,2013年
宇众曼城,2室1厅1厨1卫,62.15㎡,pidou,中楼层 (共32层),东南,78万,12551元/平米,2013年
中铁伊萨贝拉,3室2厅1厨1卫,92㎡,pidou,低楼层 (共26层),东北,113万,12283元/平米,2010年
置信逸都B区,3室2厅1厨2卫,118.12㎡,pidou,高楼层 (共33层),东南,120万,10160元/平米,2014年
金枫名苑,2室2厅1厨1卫,70.39㎡,pidou,高楼层 (共18层),东南,91万,12928元/平米,2013年
五彩城,3室2厅1厨2卫,113.46㎡,pidou,高楼层 (共32层),东南,108万,9519元/平米,2014年
置信逸都D区,3室1厅1厨1卫,93㎡,pidou,低楼层 (共33层),西北,98万,10538元/平米,2014年
中冶田园世界,3室1厅1厨1卫,88㎡,pidou,高楼层 (共25层),西南,85万,9660元/平米,2013年
天邑宏御花园御苑,2室1厅1厨1卫,91㎡,pidou,高楼层 (共23层),东南,85万,9341元/平米,2016年
中铁伊萨贝拉,2室1厅1厨1卫,79.59㎡,pidou,中楼层 (共26层),东南,95万,11937元/平米,2010年
绿地国际花都三期,3室2厅1厨1卫,90.82㎡,pidou,低楼层 (共32层),东南,98万,10791元/平米,2014年
绿地国际花都三期,2室1厅1厨1卫,79.67㎡,pidou,中楼层 (共32层),北 东北,90万,11297元/平米,2014年
中铁西郡英华二期,3室2厅1厨1卫,89㎡,pidou,中楼层 (共31层),东南,90万,10113元/平米,2013年
兰枫园,4室2厅1厨2卫,164.63㎡,pidou,低楼层 (共10层),东南,175万,10630元/平米,2011年
今日花园,4室2厅1厨2卫,153㎡,pidou,高楼层 (共6层),西南,138万,9020元/平米,2006年
中铁西郡英华一期,4室2厅1厨2卫,155.79㎡,pidou,低楼层 (共6层),西南,248万,15919元/平米,2012年
龙城国际,4室2厅1厨2卫,126㎡,pidou,高楼层 (共33层),东南,200万,15874元/平米,2013年
博园世家,3室2厅1厨2卫,87.93㎡,pidou,高楼层 (共7层),东南,70万,7961元/平米,2006年
华润橡树湾A区,7室3厅2厨3卫,57.7㎡,pidou,高楼层 (共34层),东南,180万,31196元/平米,2013年
天府明珠花园,3室2厅1厨2卫,140.41㎡,pidou,中楼层 (共6层),北,128万,9117元/平米,2005年
天府明珠花园,3室2厅1厨2卫,117.1㎡,pidou,中楼层 (共6层),东南,110万,9394元/平米,2005年
天邑宏御花园御苑,3室2厅1厨2卫,131㎡,pidou,高楼层 (共25层),西南,140万,10688元/平米,2016年
中铁伊萨贝拉,2室1厅1厨1卫,68.45㎡,pidou,低楼层 (共26层),西南,73万,10665元/平米,2010年
龙城国际,3室2厅1厨2卫,109㎡,pidou,高楼层 (共33层),东北,135万,12386元/平米,2013年
交大万嘉樟菊园,3室2厅1厨1卫,104.58㎡,pidou,低楼层 (共26层),西北,105万,10041元/平米,2014年
中铁塔米亚,2室1厅1厨1卫,78.13㎡,pidou,高楼层 (共18层),东南,118万,15104元/平米,2011年
泰立观筑,2室1厅1厨1卫,64.9㎡,pidou,高楼层 (共18层),南,63万,9708元/平米,2011年
派克公馆,2室2厅1厨1卫,93.01㎡,pidou,低楼层 (共18层),东南,136万,14623元/平米,2011年
派克公馆,2室2厅1厨1卫,84.73㎡,pidou,高楼层 (共18层),东南,123万,14517元/平米,2011年
书香府邸,2室1厅1厨1卫,60.54㎡,pidou,低楼层 (共15层),西南,86.8万,14338元/平米,2009年
置信逸都C区,3室1厅1厨2卫,124.09㎡,pidou,中楼层 (共33层),东南,148万,11927元/平米,2012年
置信逸都B区,2室1厅1厨1卫,74.34㎡,pidou,中楼层 (共33层),东南,86万,11569元/平米,2014年
天邑宏御花园御苑,3室2厅1厨2卫,131.91㎡,pidou,中楼层 (共25层),东南,125万,9477元/平米,2016年
龙城国际,3室2厅1厨2卫,88.51㎡,pidou,低楼层 (共33层),南,155万,17513元/平米,2013年
中信未来城北区,3室1厅1厨1卫,89.5㎡,pidou,中楼层 (共33层),西南,110万,12291元/平米,2013年
中冶田园世界,4室1厅1厨2卫,138.78㎡,pidou,低楼层 (共25层),西南,120万,8647元/平米,2013年
华润橡树湾A区,3室2厅1厨2卫,79㎡,pidou,高楼层 (共34层),西南,150万,18988元/平米,2013年
万基金蓝湾,3室2厅1厨2卫,132.15㎡,pidou,高楼层 (共24层),东南,120万,9081元/平米,2009年
西区御景,2室2厅1厨1卫,76.29㎡,pidou,高楼层 (共6层),东南,68万,8914元/平米,2005年
时代水岸康城,4室2厅1厨2卫,91.6㎡,pidou,中楼层 (共25层),南,100万,10918元/平米,2013年
华润橡树湾A区,3室1厅1厨2卫,79㎡,pidou,低楼层 (共34层),东南,132万,16709元/平米,2013年
中铁西郡英华二期,3室2厅1厨2卫,109.24㎡,pidou,中楼层 (共31层),东南,110万,10070元/平米,2013年
绿地国际花都,3室2厅1厨2卫,117㎡,pidou,中楼层 (共31层),东南,117万,10000元/平米,2015年
派克公馆,2室2厅1厨1卫,90.28㎡,pidou,高楼层 (共18层),东,130万,14400元/平米,2011年
西郡兰庭,3室2厅1厨2卫,124.71㎡,pidou,中楼层 (共17层),东南,139万,11146元/平米,2010年
晶宝盛世桃源,3室2厅1厨1卫,94.95㎡,pidou,高楼层 (共18层),西南,120万,12639元/平米,2012年
交大卡布里城,2室2厅1厨1卫,89.43㎡,pidou,中楼层 (共25层),西北,105万,11742元/平米,2009年
今日花园,3室2厅1厨2卫,107.13㎡,pidou,高楼层 (共6层),西南,105万,9802元/平米,2006年
交大卡布里城,3室2厅1厨2卫,106㎡,pidou,中楼层 (共25层),东北,136万,12831元/平米,2009年
交大卡布里城,3室2厅1厨2卫,106㎡,pidou,中楼层 (共25层),东北,136万,12831元/平米,2009年
绿地国际花都,3室2厅1厨2卫,117㎡,pidou,中楼层 (共31层),东南,117万,10000元/平米,2015年
派克公馆,2室2厅1厨1卫,90.28㎡,pidou,高楼层 (共18层),东,130万,14400元/平米,2011年
西郡兰庭,3室2厅1厨2卫,124.71㎡,pidou,中楼层 (共17层),东南,139万,11146元/平米,2010年
绿地国际花都三期,3室1厅1厨1卫,87㎡,pidou,中楼层 (共32层),东北,100万,11495元/平米,2014年
今日田园,5室2厅1厨5卫,323㎡,pidou,低楼层 (共3层),南,300万,9288元/平米,未知年建
派克公馆,1室1厅1厨1卫,50.63㎡,pidou,低楼层 (共18层),西南,70万,13826元/平米,2011年
中信未来城南区,4室2厅1厨2卫,129.9㎡,pidou,中楼层 (共33层),东南,210万,16167元/平米,2013年
书香府邸,1室1厅1厨1卫,55.83㎡,pidou,高楼层 (共16层),西南,80万,14330元/平米,2009年
华润橡树湾A区,7室3厅1厨3卫,54.14㎡,pidou,高楼层 (共34层),西南,180万,33248元/平米,2013年
华润橡树湾B区,3室2厅1厨1卫,62.4㎡,pidou,中楼层 (共34层),东南,120万,19231元/平米,2013年
时代花城三期,2室2厅1厨1卫,81.77㎡,pidou,低楼层 (共18层),西南,90万,11007元/平米,2009年
犀浦下街165号,2室2厅1厨1卫,66.47㎡,pidou,中楼层 (共5层),西南,75万,11284元/平米,1990年
泰立观筑,1室1厅1厨1卫,51.44㎡,pidou,低楼层 (共18层),东南,52万,10109元/平米,2011年
派克公馆,2室2厅1厨1卫,86.4㎡,pidou,高楼层 (共18层),东南,125万,14468元/平米,2011年
华润橡树湾B区,2室2厅1厨1卫,51.34㎡,pidou,中楼层 (共34层),西,97万,18894元/平米,2013年
华润橡树湾B区,3室2厅1厨2卫,77.94㎡,pidou,低楼层 (共34层),南,135万,17322元/平米,2013年
正成名城左岸,2室0厅0厨2卫,56.23㎡,pidou,高楼层 (共22层),西北,45万,8003元/平米,2008年
正成名城左岸,3室2厅1厨1卫,85.54㎡,pidou,高楼层 (共27层),西北,90万,10522元/平米,2008年
华润橡树湾A区,3室2厅1厨2卫,148.8㎡,pidou,中楼层 (共6层),东北,260万,17474元/平米,2013年
尚林家园,2室2厅1厨1卫,83.56㎡,pidou,低楼层 (共26层),西北,92万,11011元/平米,未知年建/
中铁伊萨贝拉,1室1厅1厨1卫,42.42㎡,pidou,高楼层 (共26层),东南,45万,10609元/平米,2010年
龙湖弗莱明戈二期,2室2厅1厨1卫,71.99㎡,pidou,中楼层 (共34层),西南,93万,12919元/平米,2012年
精城名典,3室2厅1厨2卫,131㎡,pidou,低楼层 (共6层),东南,128万,9771元/平米,2006年
绿地国际花都三期,4室2厅1厨2卫,126.72㎡,pidou,高楼层 (共32层),西南,140万,11048元/平米,2014年
今日花园,4室2厅1厨3卫,157㎡,pidou,高楼层 (共6层),西南,130万,8281元/平米,2006年
西华阳光,4室2厅1厨2卫,174.3㎡,pidou,高楼层 (共6层),东南,112万,6426元/平米,2002年
华润橡树湾A区,4室2厅1厨2卫,140.45㎡,pidou,低楼层 (共6层),西南,202万,14383元/平米,2013年
中铁西郡英华一期,4室2厅1厨2卫,143㎡,pidou,中楼层 (共6层),南,150万,10490元/平米,2012年
君临天下,4室2厅1厨3卫,281.47㎡,pidou,低楼层 (共1层),西北,400万,14212元/平米,2004年
华润橡树湾A区,4室2厅1厨2卫,140.45㎡,pidou,低楼层 (共6层),西南,202万,14383元/平米,2013年
西城御景,4室2厅1厨2卫,124.33㎡,pidou,中楼层 (共27层),西南,133万,10698元/平米,2015年
中铁西郡英华一期,3室2厅1厨2卫,128㎡,pidou,中楼层 (共6层),南,135万,10547元/平米,2012年
华润橡树湾A区,2室1厅1厨1卫,62㎡,pidou,低楼层 (共32层),西南,90万,14517元/平米,2013年
河滨鹭岛,2室1厅1厨1卫,74.58㎡,pidou,中楼层 (共31层),西南,70万,9386元/平米,2012年
华润橡树湾B区,3室2厅1厨2卫,148.82㎡,pidou,中楼层 (共6层),南,200万,13440元/平米,2013年
派克公馆,1室1厅1厨1卫,55.4㎡,pidou,低楼层 (共12层),西北,78万,14080元/平米,2011年
中信未来城南区,4室2厅1厨2卫,120㎡,pidou,高楼层 (共33层),东北,200万,16667元/平米,2013年
龙城国际,3室2厅1厨2卫,89㎡,pidou,高楼层 (共33层),南,140万,15731元/平米,2013年
龙城国际,4室2厅1厨2卫,122.81㎡,pidou,中楼层 (共33层),东南,190万,15472元/平米,2013年
华润橡树湾A区,3室1厅1厨2卫,79㎡,pidou,低楼层 (共34层),西南,145万,18355元/平米,2013年
天邑宏御花园御苑,3室2厅1厨2卫,126.41㎡,pidou,高楼层 (共19层),西北,125万,9889元/平米,2016年
龙湖弗莱明戈一期,3室2厅1厨2卫,93㎡,pidou,中楼层 (共34层),西南,142万,15269元/平米,2012年
正成名城左岸,2室1厅1厨1卫,71.02㎡,pidou,中楼层 (共22层),东南,58万,8167元/平米,2008年
傲城,2室2厅1厨1卫,71.12㎡,pidou,中楼层 (共31层),东南,103万,14483元/平米,2015年
中铁西郡英华二期,2室2厅1厨1卫,72.84㎡,pidou,高楼层 (共31层),西南,85万,11670元/平米,2013年
西锦集二期,1室0厅1厨1卫,40.51㎡,pidou,高楼层 (共11层),东南,33.5万,8270元/平米,未知年建/
傲城,2室1厅1厨1卫,70㎡,pidou,中楼层 (共31层),南,110万,15715元/平米,2015年
中铁塔米亚,4室2厅1厨2卫,127.77㎡,pidou,中楼层 (共11层),西北,198万,15497元/平米,2011年
中铁塔米亚,2室2厅1厨1卫,83.92㎡,pidou,高楼层 (共17层),东南,135万,16087元/平米,2011年
土产公司家属院,2室2厅1厨1卫,62.45㎡,pidou,中楼层 (共7层),南,40万,6406元/平米,2006年
派克公馆,2室2厅1厨1卫,68.89㎡,pidou,中楼层 (共18层),西北,95万,13791元/平米,2011年
中铁塔米亚,2室2厅1厨1卫,75㎡,pidou,高楼层 (共17层),西北,98万,13067元/平米,2011年
杜鹃园,3室2厅1厨2卫,171.05㎡,pidou,高楼层 (共6层),南,78万,4561元/平米,未知年建
交大万嘉季柳园,2室2厅1厨1卫,87.75㎡,pidou,中楼层 (共25层),东北,100万,11397元/平米,2013年
中铁塔米亚,2室2厅1厨1卫,75.08㎡,pidou,低楼层 (共17层),西北,105万,13986元/平米,2011年
君临天下,5室2厅1厨3卫,194.66㎡,pidou,低楼层 (共1层),东北,400万,20549元/平米,2004年
绿地圣罗兰,4室2厅1厨3卫,281.42㎡,pidou,低楼层 (共1层),东南,400万,14214元/平米,2012年
华邑阳光里,2室2厅1厨2卫,71.52㎡,pidou,中楼层 (共28层),西北,125万,17478元/平米,2015年
交大卡布里城,2室2厅1厨1卫,85.61㎡,pidou,中楼层 (共25层),南,120万,14018元/平米,2009年
傲城,2室2厅1厨1卫,75.45㎡,pidou,高楼层 (共31层),西南,107万,14182元/平米,2015年
华邑阳光里,3室2厅1厨2卫,99.94㎡,pidou,低楼层 (共30层),西南,160万,16010元/平米,2015年
华润橡树湾A区,2室2厅1厨1卫,51.88㎡,pidou,中楼层 (共34层),西北,105万,20240元/平米,2013年
佳苑,2室2厅1厨1卫,72.42㎡,pidou,中楼层 (共6层),北,78万,10771元/平米,未知年建/
华润橡树湾A区,3室2厅1厨2卫,79.07㎡,pidou,低楼层 (共34层),南,150万,18971元/平米,2013年
华润橡树湾B区,2室1厅1厨1卫,52㎡,pidou,中楼层 (共34层),西北,112万,21539元/平米,2013年
书香府邸,3室2厅1厨2卫,124.57㎡,pidou,低楼层 (共16层),东,150万,12042元/平米,2009年
中铁瑞景茗城二期,3室2厅1厨1卫,87.4㎡,pidou,中楼层 (共32层),东北,112万,12815元/平米,未知年建
中铁塔米亚,2室2厅1厨1卫,78.13㎡,pidou,低楼层 (共18层),西南,110万,14080元/平米,2011年
书香府邸二期英伦,3室2厅1厨1卫,110.55㎡,pidou,低楼层 (共16层),西南,176万,15921元/平米,2011年
上置雅宾利,3室2厅1厨2卫,94㎡,pidou,低楼层 (共24层),东南,96万,10213元/平米,2016年
绿地国际花都三期,3室1厅1厨1卫,87.32㎡,pidou,低楼层 (共25层),东南,110万,12598元/平米,2014年
龙湖弗莱明戈一期,3室2厅1厨2卫,93㎡,pidou,中楼层 (共34层),西南,145万,15592元/平米,2012年
四季豪廷,2室2厅1厨1卫,94.8㎡,pidou,低楼层 (共30层),西南,125万,13186元/平米,2010年
中铁瑞景茗城,2室2厅1厨1卫,78.62㎡,pidou,高楼层 (共18层),东北,90万,11448元/平米,2012年
绿地国际花都,3室1厅1厨2卫,117㎡,pidou,低楼层 (共31层),西南,135万,11539元/平米,2015年
银丰园一区,3室2厅1厨2卫,142.98㎡,pidou,中楼层 (共7层),东南,93万,6505元/平米,2004年
傲城,3室2厅1厨1卫,89.06㎡,pidou,中楼层 (共31层),西南,140万,15720元/平米,2015年
上置雅宾利,2室2厅1厨1卫,81㎡,pidou,高楼层 (共24层),东南,95万,11729元/平米,2016年
今日花园,3室2厅1厨1卫,85.59㎡,pidou,高楼层 (共11层),南,112万,13086元/平米,2006年
交大万嘉季柳园,3室1厅1厨1卫,111.97㎡,pidou,中楼层 (共26层),东北,120万,10718元/平米,2013年
花样年龙年中心,3室1厅1厨1卫,86㎡,pidou,高楼层 (共26层),东南,85万,9884元/平米,2015年
万树森林一期,2室2厅1厨1卫,86.12㎡,pidou,低楼层 (共11层),东北,100万,11612元/平米,2008年
中铁西郡英华二期,2室2厅1厨1卫,73.37㎡,pidou,中楼层 (共31层),东南,86万,11722元/平米,2013年
精城名典,2室2厅1厨1卫,89.4㎡,pidou,中楼层 (共11层),西南,78万,8725元/平米,2006年
溪地湾,3室2厅1厨2卫,86.84㎡,pidou,中楼层 (共33层),西南,135万,15546元/平米,2015年
泰立观筑,2室2厅1厨1卫,99.67㎡,pidou,低楼层 (共18层),南 北,65万,6522元/平米,2011年
鹃城园三期,2室1厅1厨1卫,70㎡,pidou,高楼层 (共6层),东北,47万,6715元/平米,未知年建
华宇天府花城,3室2厅1厨2卫,90.57㎡,pidou,高楼层 (共31层),南,106万,11704元/平米,2015年
绿地国际花都三期,2室2厅1厨1卫,73.77㎡,pidou,高楼层 (共32层),东南,80万,10845元/平米,2014年
警苑小区,3室2厅1厨2卫,333.53㎡,pidou,低楼层 (共6层),西南,240万,7196元/平米,未知年建
阳光小筑,1室0厅1厨1卫,45.99㎡,pidou,高楼层 (共12层),东南,28.5万,6197元/平米,未知年建
华润橡树湾A区,3室2厅1厨2卫,138.79㎡,pidou,低楼层 (共6层),西南,200万,14411元/平米,2013年
交大卡布里城,4室2厅1厨2卫,127.12㎡,pidou,高楼层 (共25层),东南,160万,12587元/平米,2009年
华润橡树湾A区,4室2厅1厨2卫,151.72㎡,pidou,低楼层 (共6层),东南,210万,13842元/平米,2013年
成都后花园二期,4室3厅1厨3卫,291.09㎡,pidou,中楼层 (共5层),南,480万,16490元/平米,2011年
精城名典,2室2厅2厨1卫,89.4㎡,pidou,低楼层 (共11层),东南,90万,10068元/平米,2006年
今日田园,5室2厅1厨3卫,319.86㎡,pidou,低楼层 (共3层),东南,260万,8129元/平米,未知年建
时代花城豪庭二期,6室1厅1厨3卫,206.84㎡,pidou,低楼层 (共6层),西南,200万,9670元/平米,2010年
龙湖弗莱明戈一期,5室3厅1厨2卫,98.59㎡,pidou,高楼层 (共34层),东南,220万,22315元/平米,2012年
华侨凤凰国际城,3室2厅1厨2卫,104㎡,pidou,低楼层 (共32层),西南,125万,12020元/平米,2016年
华润橡树湾A区,7室2厅1厨3卫,54.05㎡,pidou,高楼层 (共34层),西北,200万,37003元/平米,2013年
成都后花园三期,4室2厅1厨2卫,113.54㎡,pidou,高楼层 (共25层),东,175万,15414元/平米,2012年
泰立观筑,1室1厅1厨1卫,51.38㎡,pidou,高楼层 (共18层),西北,55万,10705元/平米,2011年
华润橡树湾B区,3室2厅1厨1卫,62.4㎡,pidou,低楼层 (共34层),东南,120万,19231元/平米,2013年
五彩城,3室2厅1厨1卫,96.83㎡,pidou,低楼层 (共32层),东南,100万,10328元/平米,2014年
华润橡树湾A区,1室1厅1厨1卫,36㎡,pidou,高楼层 (共32层),西南,57万,15834元/平米,2013年
五彩城,3室2厅1厨2卫,113.82㎡,pidou,中楼层 (共24层),西南,140万,12301元/平米,2014年
景尚景一期,4室2厅1厨2卫,155.21㎡,pidou,高楼层 (共6层),南,220万,14175元/平米,2012年
西区花园水云庭,3室2厅1厨2卫,116.72㎡,pidou,低楼层 (共6层),西南,150万,12852元/平米,2007年
华邑阳光里,4室2厅1厨2卫,99.57㎡,pidou,低楼层 (共30层),东南,150万,15065元/平米,2015年
五彩城,3室2厅1厨1卫,100.92㎡,pidou,低楼层 (共32层),东南,150万,14864元/平米,2014年
派克公馆,4室2厅1厨2卫,175.92㎡,pidou,低楼层 (共18层),西南,280万,15917元/平米,2011年
时代水岸康城,3室2厅1厨2卫,90.35㎡,pidou,低楼层 (共25层),南,109万,12065元/平米,2013年
福兴花园,3室2厅1厨2卫,127.77㎡,pidou,中楼层 (共6层),东南,90万,7044元/平米,2003年
华润橡树湾B区,2室1厅1厨1卫,107.66㎡,pidou,高楼层 (共34层),东南,120万,11147元/平米,2013年
华邑阳光里,4室2厅1厨2卫,120㎡,pidou,高楼层 (共30层),西南,166.8万,13900元/平米,2015年
中铁西郡英华二期,3室1厅1厨1卫,92㎡,pidou,高楼层 (共31层),南,100万,10870元/平米,2013年
龙城国际,3室2厅1厨2卫,137.14㎡,pidou,高楼层 (共10层),西南,180万,13126元/平米,2012年
五彩城,3室1厅1厨1卫,102㎡,pidou,低楼层 (共24层),西,120万,11765元/平米,2014年
五彩城,3室1厅1厨1卫,102㎡,pidou,低楼层 (共24层),西,120万,11765元/平米,2014年
绿地国际花都三期,2室1厅1厨1卫,78.54㎡,pidou,高楼层 (共32层),东北,90万,11460元/平米,2014年
西郡兰庭,3室2厅1厨2卫,135.5㎡,pidou,低楼层 (共17层),东北,138万,10185元/平米,2010年
一里阳光,3室2厅1厨2卫,125㎡,pidou,高楼层 (共6层),南,100万,8000元/平米,2013年
中铁塔米亚,2室2厅1厨1卫,85.08㎡,pidou,低楼层 (共18层),南,125万,14693元/平米,2011年
西区花园水云涧,3室2厅1厨2卫,151.32㎡,pidou,中楼层 (共5层),西北,151万,9979元/平米,2005年
中信未来城南区,2室1厅1厨1卫,79.08㎡,pidou,中楼层 (共33层),南,95万,12014元/平米,2013年
华邑阳光里,3室1厅1厨2卫,93㎡,pidou,中楼层 (共8层),东南,158万,16990元/平米,2015年
西区花园水云涧,3室2厅1厨1卫,109㎡,pidou,低楼层 (共6层),西南,110万,10092元/平米,2005年
中铁塔米亚,2室2厅1厨1卫,74.53㎡,pidou,低楼层 (共17层),西北,120万,16101元/平米,2011年
卡碧蓝湾,2室2厅1厨1卫,63.02㎡,pidou,高楼层 (共18层),北,68万,10791元/平米,未知年建/
广成苑,6室3厅1厨4卫,253.77㎡,pidou,中楼层 (共4层),东南,340万,13398元/平米,2002年
今日田园,6室3厅2厨5卫,433.65㎡,pidou,低楼层 (共3层),南,360万,8302元/平米,未知年建
一里阳光,3室2厅1厨2卫,150㎡,pidou,高楼层 (共6层),南,110万,7334元/平米,2013年
中铁伊萨贝拉,3室2厅1厨1卫,92㎡,pidou,中楼层 (共26层),东北,116.5万,12664元/平米,2010年
尚林家园,1室1厅1厨1卫,35.01㎡,pidou,低楼层 (共15层),东南,34万,9712元/平米,2009年
鹃城雅舍,5室2厅1厨3卫,241.71㎡,pidou,高楼层 (共6层),东南,105万,4345元/平米,2007年
景尚景二期,1室1厅1厨1卫,48.53㎡,pidou,中楼层 (共11层),南,42万,8655元/平米,2010年
中铁瑞景茗城二期,1室1厅1厨1卫,78.17㎡,pidou,低楼层 (共6层),东南,72万,9211元/平米,未知年建
天邑宏御花园御苑,3室2厅1厨2卫,128.77㎡,pidou,高楼层 (共25层),南,167万,12969元/平米,2016年
西区地标,3室2厅1厨1卫,84㎡,pidou,中楼层 (共25层),东南 西南,110万,13096元/平米,2010年
合能四季城一期,3室2厅1厨1卫,90㎡,pidou,高楼层 (共29层),东南,136万,15112元/平米,2013年
晶宝盛世桃源,2室1厅1厨1卫,79.06㎡,pidou,低楼层 (共18层),东南,150万,18973元/平米,2012年
华润橡树湾B区,3室1厅1厨1卫,62.04㎡,pidou,高楼层 (共34层),西南,118万,19020元/平米,2013年
西郡兰庭,2室2厅1厨1卫,90.06㎡,pidou,中楼层 (共17层),西南,100万,11104元/平米,2010年
西区花园花园洋房,2室2厅1厨1卫,85.9㎡,pidou,低楼层 (共6层),东南,88万,10245元/平米,2004年
金枫名苑,2室2厅1厨1卫,69.65㎡,pidou,中楼层 (共18层),西南,94万,13497元/平米,2013年
何公路86号,3室2厅1厨1卫,76.73㎡,pidou,中楼层 (共6层),东南,50万,6517元/平米,未知年建
西区花园晨之曦,3室1厅1厨1卫,103㎡,pidou,中楼层 (共6层),西南,112万,10874元/平米,2004年
中信未来城南区,3室2厅1厨2卫,94.99㎡,pidou,高楼层 (共27层),东南,126万,13265元/平米,2013年
合能四季城一期,3室1厅1厨1卫,79.53㎡,pidou,高楼层 (共28层),东南,110万,13832元/平米,2013年
中铁瑞景茗城,2室2厅1厨1卫,88.7㎡,pidou,高楼层 (共18层),东南,90万,10147元/平米,2012年
西华枫林,2室2厅1厨1卫,74㎡,pidou,中楼层 (共6层),东南,65万,8784元/平米,2001年
万树森林二期,2室2厅1厨1卫,76.12㎡,pidou,中楼层 (共12层),北,79.9万,10497元/平米,2008年
成外雅庭,2室1厅1厨1卫,68.34㎡,pidou,中楼层 (共18层),东,85万,12438元/平米,2008年
绿地国际花都三期,3室2厅1厨2卫,100.84㎡,pidou,中楼层 (共32层),西南,140万,13884元/平米,2014年
金枫名苑,2室1厅1厨1卫,70.26㎡,pidou,中楼层 (共18层),东南,90万,12810元/平米,2013年
成都后花园一期,6室2厅1厨4卫,301.36㎡,pidou,低楼层 (共3层),东南,560万,18583元/平米,2006年
公园1号,2室2厅1厨1卫,63.95㎡,pidou,低楼层 (共27层),西南,76万,11885元/平米,2016年
中铁塔米亚,3室1厅1厨2卫,114.48㎡,pidou,低楼层 (共18层),东南,148万,12929元/平米,2011年
华润橡树湾B区,3室2厅1厨2卫,62.4㎡,pidou,高楼层 (共34层),西北,260万,41667元/平米,2013年
北埠雅园,3室2厅1厨2卫,136.25㎡,pidou,中楼层 (共6层),东南,110万,8074元/平米,2009年
龙湖弗莱明戈一期,3室1厅1厨2卫,91.73㎡,pidou,中楼层 (共34层),西南,145万,15808元/平米,2012年
龙城国际,3室2厅1厨2卫,97.99㎡,pidou,中楼层 (共33层),南,155万,15818元/平米,2013年
中铁西郡英华二期,3室2厅1厨2卫,89.92㎡,pidou,高楼层 (共31层),东南,165万,18350元/平米,2013年
西区花园水云庭,3室2厅1厨2卫,141㎡,pidou,高楼层 (共6层),西南,169万,11986元/平米,2007年
派克公馆,2室1厅1厨1卫,88.46㎡,pidou,中楼层 (共14层),东北,135万,15262元/平米,2008年
傲城,3室2厅1厨1卫,89.08㎡,pidou,中楼层 (共31层),西,140万,15717元/平米,2015年
华润橡树湾B区,2室1厅1厨1卫,52.08㎡,pidou,低楼层 (共34层),西北,110万,21122元/平米,2013年
中铁西郡英华二期,2室1厅1厨1卫,72.43㎡,pidou,低楼层 (共31层),东南,85万,11736元/平米,2013年
西城鸥鹭湾,3室2厅1厨2卫,110.3㎡,pidou,中楼层 (共26层),东,95万,8613元/平米,未知年建/
华润橡树湾B区,2室2厅1厨2卫,51.34㎡,pidou,中楼层 (共34层),东南,97万,18894元/平米,2013年
龙湖弗莱明戈二期,2室1厅1厨1卫,71.99㎡,pidou,高楼层 (共34层),西北,105万,14586元/平米,2012年
龙湖弗莱明戈二期,4室2厅1厨2卫,165.94㎡,pidou,中楼层 (共8层),东南,300万,18079元/平米,2012年
万树森林三期,1室0厅1厨1卫,41.76㎡,pidou,低楼层 (共23层),南,35万,8382元/平米,2007年
派克公馆,8室2厅2厨2卫,385㎡,pidou,低楼层 (共18层),东南,300万,7793元/平米,2011年
中信未来城南区,4室2厅1厨2卫,138.62㎡,pidou,高楼层 (共33层),西南,180万,12986元/平米,2013年
华润橡树湾A区,3室2厅1厨2卫,75.88㎡,pidou,低楼层 (共34层),东南,135万,17792元/平米,2013年
合能四季城一期,2室2厅1厨1卫,62.53㎡,pidou,高楼层 (共28层),西北,80万,12794元/平米,2013年
溪地湾,3室2厅1厨2卫,120.31㎡,pidou,低楼层 (共33层),西南,170万,14131元/平米,2015年
合能四季城一期,2室2厅1厨1卫,62.53㎡,pidou,高楼层 (共28层),西北,80万,12794元/平米,2013年
荷塘月色,3室2厅1厨2卫,150.8㎡,pidou,中楼层 (共6层),西南,98万,6499元/平米,2005年
派克公馆,2室2厅1厨1卫,68.9㎡,pidou,中楼层 (共18层),西 西北,100万,14514元/平米,2011年
龙湖弗莱明戈一期,2室1厅1厨1卫,72㎡,pidou,低楼层 (共34层),东北,105万,14584元/平米,2012年
派克公馆,1室1厅1厨1卫,58.17㎡,pidou,高楼层 (共18层),西北,83万,14269元/平米,2011年
桃园柳岸,4室2厅1厨3卫,173㎡,pidou,高楼层 (共6层),西南,150万,8671元/平米,未知年建/
中铁塔米亚,4室2厅1厨2卫,127.77㎡,pidou,高楼层 (共11层),东南,189万,14793元/平米,2011年
西华阳光,3室2厅1厨2卫,121.01㎡,pidou,低楼层 (共6层),东南,115万,9504元/平米,2002年
华侨凤凰国际城,3室2厅1厨2卫,100㎡,pidou,低楼层 (共30层),西南,130万,13000元/平米,2016年
正成名城左岸,3室2厅1厨2卫,117.67㎡,pidou,中楼层 (共26层),西南,130万,11048元/平米,2008年
书香府邸二期英伦,2室1厅1厨1卫,56.5㎡,pidou,高楼层 (共16层),东南,95万,16815元/平米,2011年
绿地国际花都三期,3室1厅1厨2卫,97㎡,pidou,中楼层 (共32层),东南,122万,12578元/平米,2014年
华润橡树湾B区,2室2厅1厨1卫,107.66㎡,pidou,高楼层 (共34层),西南,135万,12540元/平米,2013年
龙湖弗莱明戈二期,2室2厅1厨1卫,72㎡,pidou,高楼层 (共34层),东南,100万,13889元/平米,2012年
成外雅庭,2室2厅1厨1卫,89.59㎡,pidou,高楼层 (共18层),西南,120万,13395元/平米,2008年
中铁西郡英华三期,3室1厅1厨1卫,87㎡,pidou,低楼层 (共22层),南,105万,12069元/平米,2015年
河滨鹭岛,2室1厅1厨2卫,96.67㎡,pidou,中楼层 (共31层),西南,96万,9931元/平米,2012年
银丰园一区,3室2厅1厨2卫,136.19㎡,pidou,高楼层 (共7层),东,108万,7931元/平米,2004年
五彩城,3室2厅1厨1卫,100.94㎡,pidou,低楼层 (共32层),东南,110万,10898元/平米,2014年
华润橡树湾A区,3室2厅1厨2卫,75.43㎡,pidou,低楼层 (共34层),东南,125万,16572元/平米,2013年
天立香缇华府,3室1厅1厨1卫,78㎡,pidou,低楼层 (共23层),西 北,103万,13206元/平米,未知年建/
正成名城左岸,2室0厅1厨2卫,56.5㎡,pidou,低楼层 (共22层),北,38.5万,6815元/平米,2008年
成都后花园三期,3室2厅1厨2卫,116.03㎡,pidou,中楼层 (共25层),西北,220万,18961元/平米,2012年
鹃城园三期,2室1厅1厨1卫,71.37㎡,pidou,低楼层 (共6层),东,62万,8688元/平米,未知年建
绿地国际花都三期,2室1厅1厨1卫,73.02㎡,pidou,中楼层 (共32层),西南,92万,12600元/平米,2014年
华邑阳光里,3室1厅1厨2卫,92.59㎡,pidou,高楼层 (共8层),西北,145万,15661元/平米,2015年
交大万嘉樟菊园,2室2厅1厨1卫,91.5㎡,pidou,中楼层 (共26层),东南,92万,10055元/平米,2014年
上河苑,2室2厅1厨1卫,65.38㎡,pidou,中楼层 (共18层),东南,55万,8413元/平米,未知年建/
成都后花园三期,3室2厅1厨1卫,99.36㎡,pidou,低楼层 (共25层),东南,208万,20934元/平米,2012年
西江月,2室2厅1厨1卫,79.26㎡,pidou,高楼层 (共17层),西北,120万,15141元/平米,2009年
绿地国际花都三期,4室1厅1厨2卫,126.72㎡,pidou,高楼层 (共32层),东南,160万,12627元/平米,2014年
合能四季城二期,3室2厅1厨1卫,78.63㎡,pidou,高楼层 (共28层),西南,110万,13990元/平米,2013年
天邑宏御花园御苑,2室2厅1厨1卫,91.75㎡,pidou,低楼层 (共26层),东南,85万,9265元/平米,2016年
天邑宏御花园御苑,3室2厅1厨2卫,129.79㎡,pidou,中楼层 (共19层),西北,130万,10017元/平米,2016年
天立香缇华府,3室2厅1厨2卫,108.42㎡,pidou,中楼层 (共11层),东南,163万,15035元/平米,2016年
派克公馆,3室2厅1厨2卫,161.02㎡,pidou,高楼层 (共6层),南,266万,16520元/平米,2007年
置信逸都B区,3室2厅1厨2卫,115㎡,pidou,高楼层 (共33层),西南,121万,10522元/平米,2014年
尚林家园,3室2厅1厨1卫,89.92㎡,pidou,低楼层 (共18层),东南,106万,11789元/平米,2009年
中铁西郡英华一期,5室3厅1厨4卫,241.78㎡,pidou,低楼层 (共3层),东,420万,17372元/平米,2012年
万基金蓝湾,1室0厅0厨1卫,35.69㎡,pidou,高楼层 (共18层),东南,22万,6165元/平米,2009年
合能四季城二期,3室2厅1厨1卫,76.25㎡,pidou,低楼层 (共28层),西北,118万,15476元/平米,2013年
龙城国际,2室1厅1厨2卫,78.9㎡,pidou,高楼层 (共33层),东南,119万,15083元/平米,2013年
实久花园,1室1厅1厨1卫,51.53㎡,pidou,中楼层 (共29层),西南,36万,6987元/平米,2000年
天府明珠花园,3室2厅1厨2卫,140.21㎡,pidou,低楼层 (共6层),西南,128万,9130元/平米,2005年
成都后花园三期,3室2厅1厨2卫,95.28㎡,pidou,低楼层 (共25层),东南,160万,16793元/平米,2012年
中铁塔米亚,2室2厅1厨1卫,78.45㎡,pidou,中楼层 (共18层),西北,125万,15934元/平米,2011年
红光苑,3室2厅1厨2卫,109.44㎡,pidou,高楼层 (共6层),东南,95万,8681元/平米,2005年
派克公馆,3室2厅1厨2卫,134.09㎡,pidou,低楼层 (共18层),南,198万,14767元/平米,2011年
合能四季城一期,3室2厅1厨1卫,79㎡,pidou,低楼层 (共28层),东南,130万,16456元/平米,2013年
金枫名苑,3室2厅1厨1卫,82.17㎡,pidou,高楼层 (共18层),东北,110万,13387元/平米,2013年
景尚景二期,1室1厅1厨1卫,47.38㎡,pidou,中楼层 (共11层),东南,43万,9076元/平米,2010年
一里阳光,2室2厅1厨1卫,76.35㎡,pidou,中楼层 (共31层),东北,80万,10479元/平米,2015年
中信未来城南区,3室2厅1厨2卫,138㎡,pidou,低楼层 (共33层),东南,220万,15943元/平米,2013年
中铁瑞景茗城,3室2厅1厨2卫,115.88㎡,pidou,低楼层 (共18层),南,180万,15534元/平米,2012年
万基金蓝湾,3室2厅1厨2卫,144.73㎡,pidou,高楼层 (共18层),西南,130万,8983元/平米,2009年
成都后花园二期,1室0厅1厨1卫,41.48㎡,pidou,中楼层 (共11层),东南,55万,13260元/平米,2011年
中铁瑞景茗城,3室2厅1厨1卫,120.63㎡,pidou,中楼层 (共31层),西南,140万,11606元/平米,2012年
正成名城左岸,3室1厅1厨1卫,85.54㎡,pidou,高楼层 (共27层),西北,90万,10522元/平米,2008年
金枫名苑,2室1厅1厨1卫,69.61㎡,pidou,低楼层 (共18层),东南,96万,13792元/平米,2013年
华宇天府花城,2室1厅1厨1卫,71.4㎡,pidou,低楼层 (共28层),东南 东北,98万,13726元/平米,2015年
华润橡树湾A区,2室2厅1厨1卫,52㎡,pidou,低楼层 (共34层),东北,100万,19231元/平米,2013年
一里阳光,2室2厅1厨1卫,66.15㎡,pidou,高楼层 (共31层),西南,68万,10280元/平米,2015年
金枫名苑,2室2厅1厨1卫,70.39㎡,pidou,低楼层 (共18层),西南,92万,13071元/平米,2013年
一里阳光,3室2厅1厨2卫,93㎡,pidou,低楼层 (共18层),南,110万,11828元/平米,2013年
中铁西郡英华一期,3室2厅1厨2卫,124㎡,pidou,高楼层 (共9层),西南,160万,12904元/平米,2012年
龙湖弗莱明戈一期,4室2厅1厨2卫,146㎡,pidou,中楼层 (共9层),东南,230万,15754元/平米,2012年
中铁瑞景茗城二期,3室1厅1厨1卫,96.37㎡,pidou,中楼层 (共32层),西南,116万,12037元/平米,未知年建
交大卡布里城,4室1厅1厨2卫,127.11㎡,pidou,高楼层 (共25层),西南,160万,12588元/平米,2009年
派克公馆,2室2厅1厨1卫,88.88㎡,pidou,低楼层 (共14层),东北,125万,14064元/平米,2008年
天邑宏御花园御苑,3室2厅1厨2卫,119㎡,pidou,中楼层 (共25层),东南,119万,10000元/平米,2016年
天邑宏御花园御苑,2室2厅1厨1卫,91.89㎡,pidou,高楼层 (共23层),西北,90万,9795元/平米,2016年
交大卡布里城,3室1厅1厨2卫,110㎡,pidou,中楼层 (共25层),南,138万,12546元/平米,2009年
中信未来城南区,4室2厅1厨2卫,117㎡,pidou,高楼层 (共27层),东南,158万,13505元/平米,2013年
中铁瑞景茗城,3室2厅1厨1卫,113.27㎡,pidou,中楼层 (共31层),东北,120万,10595元/平米,2012年
天邑宏御花园御苑,3室1厅1厨2卫,128.19㎡,pidou,中楼层 (共25层),西南,135万,10532元/平米,2016年
溪地湾,1室0厅1厨1卫,35.47㎡,pidou,中楼层 (共31层),东南,27万,7613元/平米,2015年
启明花园,2室2厅1厨1卫,93.41㎡,pidou,高楼层 (共6层),东南,90万,9635元/平米,2003年
中铁伊萨贝拉,4室2厅1厨2卫,181㎡,pidou,高楼层 (共26层),东北,185万,10221元/平米,2010年
万基金蓝湾,3室1厅1厨2卫,132.15㎡,pidou,低楼层 (共24层),西南,120万,9081元/平米,2009年
万基金蓝湾,3室2厅1厨2卫,114.46㎡,pidou,中楼层 (共26层),西北,110万,9611元/平米,2009年
龙湖弗莱明戈二期,4室2厅1厨2卫,128㎡,pidou,高楼层 (共8层),东南,210万,16407元/平米,2012年
红光苑,2室2厅1厨1卫,90.19㎡,pidou,高楼层 (共6层),东南,72万,7984元/平米,2005年
景尚景一期,3室2厅1厨2卫,106.52㎡,pidou,中楼层 (共33层),西南,130万,12205元/平米,2012年
绿地国际花都,3室1厅1厨1卫,89.31㎡,pidou,高楼层 (共31层),西南,100万,11197元/平米,2015年
西汇鹃声里,2室2厅1厨1卫,71.95㎡,pidou,中楼层 (共27层),东南 东北,70万,9729元/平米,未知年建
华润橡树湾B区,3室2厅1厨2卫,125.74㎡,pidou,高楼层 (共34层),东北,158万,12566元/平米,2013年
景尚景一期,3室2厅1厨2卫,119㎡,pidou,中楼层 (共33层),东,160万,13446元/平米,2012年
中信未来城南区,2室2厅1厨1卫,70.82㎡,pidou,高楼层 (共27层),西北,96万,13556元/平米,2013年
上置雅宾利,2室2厅1厨1卫,81.54㎡,pidou,高楼层 (共24层),南,94万,11529元/平米,2016年
中铁西郡英华一期,3室3厅1厨3卫,256.21㎡,pidou,低楼层 (共3层),南,320万,12490元/平米,2012年
郫筒镇西大街263号,4室2厅1厨1卫,139㎡,pidou,高楼层 (共6层),西北,79万,5684元/平米,2006年
华邑阳光里,3室2厅1厨1卫,88.5㎡,pidou,高楼层 (共30层),东南,150万,16950元/平米,2015年
交大万嘉季柳园,2室1厅1厨1卫,85.51㎡,pidou,中楼层 (共25层),东南,90万,10526元/平米,2013年
傲城,3室2厅1厨2卫,97㎡,pidou,中楼层 (共31层),西南,150万,15464元/平米,2015年
龙城国际,3室2厅1厨1卫,78.85㎡,pidou,高楼层 (共33层),东北,125万,15853元/平米,2013年
派克公馆,2室2厅1厨2卫,111.44㎡,pidou,低楼层 (共6层),南,180万,16153元/平米,2007年
华邑阳光里,3室2厅1厨2卫,71.52㎡,pidou,中楼层 (共28层),东南,120万,16779元/平米,2015年
西区地标,3室2厅1厨1卫,86㎡,pidou,低楼层 (共25层),东南,112万,13024元/平米,2010年
交大万嘉樟菊园,2室2厅1厨1卫,91.04㎡,pidou,低楼层 (共26层),东南,96万,10545元/平米,2014年
华邑阳光里,2室2厅1厨1卫,70.7㎡,pidou,高楼层 (共30层),东北,115万,16266元/平米,2015年
府河御景,2室2厅1厨1卫,102.27㎡,pidou,低楼层 (共6层),南,85万,8312元/平米,2008年
中铁伊萨贝拉,2室2厅1厨1卫,79㎡,pidou,高楼层 (共26层),西南,90万,11393元/平米,2010年
正成名城左岸,2室2厅1厨1卫,71.02㎡,pidou,中楼层 (共22层),西南,58万,8167元/平米,2008年
万基金蓝湾,1室1厅1厨1卫,48.29㎡,pidou,中楼层 (共18层),东南,45万,9319元/平米,2009年
滨河花园,3室2厅1厨2卫,132.99㎡,pidou,低楼层 (共6层),西南,119.7万,9001元/平米,未知年建/
成都后花园一期,5室2厅1厨4卫,327.83㎡,pidou,低楼层 (共3层),东南,900万,27454元/平米,2006年
崇兴小区,3室2厅1厨1卫,72.22㎡,pidou,中楼层 (共7层),东南,50万,6924元/平米,2000年
四季豪廷,3室2厅1厨2卫,122.75㎡,pidou,低楼层 (共30层),西南,180万,14664元/平米,2010年
中铁塔米亚,3室2厅1厨1卫,86.49㎡,pidou,低楼层 (共11层),东北,125万,14453元/平米,2011年
西都会,2室1厅1厨1卫,84.88㎡,pidou,高楼层 (共19层),西北,69万,8130元/平米,未知年建/
置信逸都B区,3室2厅1厨1卫,96.68㎡,pidou,高楼层 (共33层),东南,118万,12206元/平米,2014年
龙湖弗莱明戈一期,3室1厅1厨2卫,91㎡,pidou,中楼层 (共34层),西南,139.8万,15363元/平米,2012年
实久花园,3室2厅1厨2卫,106.26㎡,pidou,高楼层 (共6层),西南,103万,9694元/平米,2000年
绿地国际花都三期,2室2厅1厨1卫,74.2㎡,pidou,高楼层 (共25层),西南,86万,11591元/平米,2014年
交大卡布里城,2室1厅1厨1卫,89.86㎡,pidou,中楼层 (共25层),西南,110万,12242元/平米,2009年
中铁西郡英华二期,3室2厅1厨2卫,72.92㎡,pidou,高楼层 (共31层),东,137万,18788元/平米,2013年
中铁西郡英华三期,2室2厅1厨1卫,64.3㎡,pidou,低楼层 (共17层),东南,75万,11665元/平米,2015年
万基金蓝湾,2室2厅1厨1卫,84.56㎡,pidou,高楼层 (共18层),东南,85万,10053元/平米,2009年
金枫名苑,3室1厅1厨1卫,79.92㎡,pidou,高楼层 (共18层),西南,111万,13889元/平米,2013年
派克公馆,2室2厅1厨1卫,69㎡,pidou,低楼层 (共18层),南,101万,14638元/平米,2011年
三九八家属区,2室2厅1厨1卫,57.91㎡,pidou,中楼层 (共6层),东南,36万,6217元/平米,未知年建/
宇众悦府,3室2厅1厨1卫,58.47㎡,pidou,中楼层 (共23层),东北,115万,19669元/平米,2013年
华润橡树湾A区,3室2厅1厨2卫,79㎡,pidou,高楼层 (共34层),东南,136万,17216元/平米,2013年
宇众曼城,2室2厅1厨1卫,65.57㎡,pidou,高楼层 (共32层),西北,80万,12201元/平米,2013年
天邑宏御花园宏苑,2室2厅1厨1卫,91.7㎡,pidou,低楼层 (共26层),西南,96万,10469元/平米,2016年
派克公馆,2室2厅1厨1卫,84.67㎡,pidou,高楼层 (共14层),西南,130万,15354元/平米,2008年
派克公馆,3室2厅1厨2卫,128.24㎡,pidou,低楼层 (共14层),西北,192万,14972元/平米,2008年
华润橡树湾B区,2室1厅1厨1卫,51.19㎡,pidou,中楼层 (共34层),西北,105万,20512元/平米,2013年
水岸天城,3室2厅1厨2卫,121.71㎡,pidou,中楼层 (共11层),西北,110万,9038元/平米,2009年
中铁奥维尔,2室1厅1厨1卫,92.73㎡,pidou,低楼层 (共6层),南,130万,14020元/平米,未知年建/
启明花园,3室2厅1厨2卫,133.13㎡,pidou,低楼层 (共6层),南,120万,9014元/平米,2003年
天邑宏御花园御苑,3室2厅1厨2卫,130㎡,pidou,低楼层 (共19层),西北,140万,10770元/平米,2016年
成都后花园二期,5室2厅1厨3卫,247.76㎡,pidou,低楼层 (共12层),东南,350万,14127元/平米,2011年
西区花园花园洋房,4室2厅1厨3卫,161㎡,pidou,高楼层 (共6层),西北,168万,10435元/平米,2004年
龙城国际,4室2厅1厨2卫,122.81㎡,pidou,高楼层 (共33层),东南,170万,13843元/平米,2013年
交大卡布里城,3室2厅1厨2卫,106㎡,pidou,中楼层 (共25层),东北,145万,13680元/平米,2009年
溪地湾,1室0厅1厨1卫,37.56㎡,pidou,中楼层 (共31层),东南,25万,6657元/平米,2015年
水榭花都,3室2厅1厨2卫,107.74㎡,pidou,低楼层 (共6层),东南,95万,8818元/平米,2008年
绿地国际花都三期,2室1厅1厨1卫,73㎡,pidou,高楼层 (共25层),东南,79.9万,10946元/平米,2014年
西江月,3室2厅1厨2卫,123㎡,pidou,中楼层 (共17层),南,210万,17074元/平米,2009年
西江月,3室2厅1厨2卫,116.1㎡,pidou,低楼层 (共17层),西南,210万,18088元/平米,2011年
华润橡树湾A区,3室2厅1厨2卫,144㎡,pidou,低楼层 (共6层),西南,235万,16320元/平米,2013年
书香府邸,1室1厅1厨1卫,55㎡,pidou,中楼层 (共16层),西南,78万,14182元/平米,2009年
鹃城帝景,4室2厅1厨3卫,190.13㎡,pidou,高楼层 (共11层),西南,188万,9888元/平米,2008年
利阳阿里山,2室2厅1厨1卫,82.97㎡,pidou,低楼层 (共11层),西南,77万,9281元/平米,2008年
鹃城帝景,4室2厅1厨2卫,176㎡,pidou,高楼层 (共6层),西南,155万,8807元/平米,2008年
时代花城一期,4室2厅1厨2卫,145㎡,pidou,中楼层 (共6层),南,142万,9794元/平米,2009年
和韵美联墅,3室2厅1厨2卫,125.48㎡,pidou,低楼层 (共6层),东南,150万,11955元/平米,2012年
龙湖弗莱明戈二期,4室2厅2厨2卫,178.52㎡,pidou,高楼层 (共8层),西北,300万,16805元/平米,2012年
海骏达蜀都1号一期北区,2室2厅1厨1卫,67.79㎡,pidou,中楼层 (共30层),西南,80万,11802元/平米,2013年
和平小区,3室2厅1厨2卫,101.09㎡,pidou,低楼层 (共6层),东北,78万,7716元/平米,2000年
和韵美联墅,3室2厅1厨2卫,125.48㎡,pidou,高楼层 (共6层),西南,106万,8448元/平米,2012年
中铁瑞景茗城二期,2室2厅1厨1卫,71.46㎡,pidou,高楼层 (共32层),东北,85万,11895元/平米,未知年建
怡华居,2室2厅1厨1卫,65.26㎡,pidou,高楼层 (共6层),西南,62万,9501元/平米,2006年
派克公馆,2室1厅1厨1卫,70.77㎡,pidou,低楼层 (共18层),东南,130万,18370元/平米,2011年
中信未来城南区,3室2厅1厨2卫,120㎡,pidou,中楼层 (共33层),西南,170万,14167元/平米,2013年
龙城国际,3室2厅1厨2卫,84.09㎡,pidou,高楼层 (共33层),南,158万,18790元/平米,2013年
华润橡树湾B区,2室1厅1厨1卫,51.34㎡,pidou,低楼层 (共34层),东北,109万,21232元/平米,2013年
西区御景,2室2厅1厨1卫,85.47㎡,pidou,中楼层 (共6层),东南,85万,9946元/平米,未知年建/
华邑阳光里,3室2厅1厨1卫,88.5㎡,pidou,中楼层 (共30层),东南,140万,15820元/平米,2015年
西江月,2室2厅1厨1卫,82.11㎡,pidou,低楼层 (共17层),西北,123万,14980元/平米,2013年
溪地湾,2室2厅1厨1卫,73.81㎡,pidou,低楼层 (共33层),东北,120万,16258元/平米,2015年
合能四季城二期,3室1厅1厨1卫,79㎡,pidou,中楼层 (共28层),东南,115万,14557元/平米,2013年
派克公馆,2室2厅1厨1卫,86.06㎡,pidou,低楼层 (共18层),东北,146万,16965元/平米,2011年
阳光小筑,1室0厅1厨1卫,43㎡,pidou,高楼层 (共12层),东南,35万,8140元/平米,未知年建
西区花园水云阁,2室2厅1厨1卫,83.48㎡,pidou,中楼层 (共11层),东,98万,11740元/平米,2007年
中铁瑞景茗城,3室2厅1厨1卫,110.45㎡,pidou,低楼层 (共18层),东南,110万,9960元/平米,2012年
中铁瑞景茗城二期,3室1厅1厨2卫,109.63㎡,pidou,低楼层 (共6层),东南,180万,16419元/平米,未知年建
中信未来城北区,3室1厅1厨1卫,85.32㎡,pidou,低楼层 (共33层),西南,120万,14065元/平米,2013年
上河苑,2室2厅1厨1卫,65.34㎡,pidou,低楼层 (共18层),东,50万,7653元/平米,未知年建/
傲城,2室1厅1厨1卫,76.69㎡,pidou,低楼层 (共31层),西北,114.5万,14931元/平米,2015年
派克公馆,3室2厅1厨2卫,142.13㎡,pidou,低楼层 (共18层),东北,224万,15761元/平米,2011年
一里阳光,2室2厅1厨1卫,89㎡,pidou,低楼层 (共6层),东南,85万,9551元/平米,2013年
华润橡树湾B区,2室1厅1厨1卫,52.08㎡,pidou,低楼层 (共34层),南,93万,17858元/平米,2013年
西江月,2室2厅1厨1卫,76.17㎡,pidou,高楼层 (共17层),西北,125万,16411元/平米,2011年
西江月,3室2厅1厨1卫,94.27㎡,pidou,高楼层 (共17层),东南,145万,15382元/平米,2011年
人防大厦,2室2厅1厨1卫,87.09㎡,pidou,高楼层 (共6层),东南,50万,5742元/平米,未知年建/
交大万嘉季柳园,3室2厅1厨1卫,117.94㎡,pidou,低楼层 (共26层),东南,135.7万,11506元/平米,2013年
三九八新二区,2室2厅1厨1卫,87.88㎡,pidou,高楼层 (共6层),东南,66万,7511元/平米,2000年
文庙巷61号,2室2厅1厨1卫,90.16㎡,pidou,高楼层 (共5层),西南,66万,7321元/平米,未知年建
华润橡树湾B区,2室2厅1厨1卫,107.66㎡,pidou,高楼层 (共34层),东南,140万,13004元/平米,2013年
中信未来城南区,2室1厅1厨1卫,79㎡,pidou,高楼层 (共33层),南,95万,12026元/平米,2013年
西城鸥鹭湾,3室2厅1厨2卫,115㎡,pidou,中楼层 (共26层),东南,90万,7827元/平米,未知年建/
交大万嘉季柳园,3室2厅1厨1卫,118㎡,pidou,低楼层 (共25层),西南,135万,11441元/平米,2013年
绿地国际花都三期,2室1厅1厨1卫,78㎡,pidou,中楼层 (共32层),东南,90万,11539元/平米,2014年
锦绣西苑二期,3室1厅1厨1卫,90.46㎡,pidou,中楼层 (共18层),东北,95万,10502元/平米,2010年
溪地湾,2室1厅1厨1卫,82.44㎡,pidou,低楼层 (共33层),西南,115万,13950元/平米,2015年
绿地国际花都三期,3室2厅1厨1卫,89.02㎡,pidou,中楼层 (共31层),东南,78万,8763元/平米,2014年
龙湖弗莱明戈一期,6室3厅1厨3卫,151.1㎡,pidou,低楼层 (共6层),东南,330万,21840元/平米,2012年
西汇佳苑,3室2厅1厨2卫,119㎡,pidou,高楼层 (共6层),西北,98万,8236元/平米,未知年建/
锦苑三期,4室2厅1厨2卫,150㎡,pidou,低楼层 (共6层),东北,200万,13334元/平米,2000年
滨河花园,5室2厅1厨2卫,160㎡,pidou,高楼层 (共6层),东南,175万,10938元/平米,2007年
交大卡布里城,3室2厅1厨2卫,119.2㎡,pidou,中楼层 (共25层),南,144万,12081元/平米,2009年
紫藤居,3室2厅1厨2卫,121.47㎡,pidou,低楼层 (共6层),东南,91万,7492元/平米,2000年
蜀源国都,3室1厅1厨2卫,126㎡,pidou,低楼层 (共6层),东南,110万,8731元/平米,2011年
中信未来城南区,3室1厅1厨1卫,88.12㎡,pidou,高楼层 (共33层),南,110万,12483元/平米,2013年
傲城,3室2厅1厨1卫,89.13㎡,pidou,中楼层 (共31层),东,140万,15708元/平米,2015年
龙湖弗莱明戈一期,2室1厅1厨1卫,72.15㎡,pidou,中楼层 (共34层),东南,100万,13861元/平米,2012年
今日花园,2室2厅1厨1卫,80.84㎡,pidou,中楼层 (共6层),东南,82万,10144元/平米,2006年
锦绣西苑一期,3室2厅1厨2卫,104.37㎡,pidou,高楼层 (共6层),南,86万,8240元/平米,2003年
华润橡树湾B区,2室1厅1厨1卫,51.33㎡,pidou,低楼层 (共34层),东南,100万,19482元/平米,2013年
尚林家园,2室2厅1厨1卫,87.37㎡,pidou,低楼层 (共26层),东,92万,10530元/平米,2009年
中铁瑞景茗城二期,3室2厅1厨1卫,96㎡,pidou,低楼层 (共32层),西南,120万,12500元/平米,未知年建
绿地国际花都三期,3室2厅1厨1卫,88.64㎡,pidou,高楼层 (共32层),东南,105万,11846元/平米,2014年
西江月,2室1厅1厨1卫,84.49㎡,pidou,低楼层 (共17层),西北,135万,15979元/平米,2011年
西江月,2室1厅1厨1卫,84.34㎡,pidou,中楼层 (共17层),东南,130万,15414元/平米,2011年
五彩城,3室1厅1厨1卫,101㎡,pidou,低楼层 (共32层),东南,118万,11684元/平米,2014年
溪地湾,3室2厅1厨2卫,89㎡,pidou,中楼层 (共33层),东南,160万,17978元/平米,2015年
景尚景一期,2室2厅1厨1卫,83.96㎡,pidou,中楼层 (共33层),西南,110万,13102元/平米,2012年
上风苑,2室1厅1厨1卫,69.9㎡,pidou,高楼层 (共28层),西南,72万,10301元/平米,2012年
蜀源国都,3室1厅1厨2卫,126㎡,pidou,低楼层 (共6层),东南,110万,8731元/平米,2011年
派克公馆,2室2厅1厨1卫,73.2㎡,pidou,高楼层 (共13层),西北,110万,15028元/平米,2011年
华润橡树湾B区,3室1厅1厨2卫,125.74㎡,pidou,低楼层 (共34层),东北,150万,11930元/平米,2013年
上海花园,3室2厅1厨2卫,123.1㎡,pidou,中楼层 (共6层),东南,104万,8449元/平米,2005年
华润橡树湾B区,3室2厅1厨1卫,62.4㎡,pidou,中楼层 (共34层),东,118万,18911元/平米,2013年
龙湖弗莱明戈一期,3室2厅1厨2卫,93㎡,pidou,低楼层 (共34层),西南,155万,16667元/平米,2012年
时代花城豪庭二期,2室2厅1厨1卫,83.83㎡,pidou,中楼层 (共11层),东,80万,9544元/平米,2010年
紫藤居,3室2厅1厨2卫,121.47㎡,pidou,低楼层 (共6层),东南,91万,7492元/平米,2000年
晶宝盛世桃源,3室2厅1厨2卫,111.1㎡,pidou,低楼层 (共18层),东,125万,11252元/平米,2012年
成外雅庭,2室1厅1厨1卫,90.83㎡,pidou,高楼层 (共18层),东南,127万,13983元/平米,2008年
西都会,2室1厅1厨1卫,79.96㎡,pidou,低楼层 (共24层),西南,60万,7504元/平米,未知年建/
交大卡布里城,2室2厅1厨1卫,89.28㎡,pidou,高楼层 (共25层),西北,111万,12433元/平米,2009年
西江月,2室2厅1厨1卫,84.38㎡,pidou,低楼层 (共17层),东南,140万,16592元/平米,2011年
合能四季城二期,2室2厅1厨1卫,62㎡,pidou,中楼层 (共28层),东北,97万,15646元/平米,2013年
中冶田园世界,2室1厅1厨1卫,73.91㎡,pidou,中楼层 (共25层),东南,83万,11230元/平米,2013年
中铁瑞景茗城二期,2室1厅1厨1卫,64.2㎡,pidou,中楼层 (共31层),南,42万,6543元/平米,未知年建
金枫名苑,2室2厅1厨1卫,68.85㎡,pidou,中楼层 (共18层),东北,98万,14234元/平米,2013年
中铁瑞景茗城,2室2厅1厨1卫,89㎡,pidou,中楼层 (共18层),东南,97万,10899元/平米,2012年
文庙巷61号,2室2厅1厨1卫,82.32㎡,pidou,高楼层 (共5层),西南,65万,7897元/平米,未知年建
中信未来城北区,2室1厅1厨1卫,65㎡,pidou,中楼层 (共33层),西南,75万,11539元/平米,2013年
金枫名苑,3室1厅1厨1卫,79.95㎡,pidou,中楼层 (共18层),东北,110万,13759元/平米,2013年
西郡兰庭,3室2厅1厨1卫,121.82㎡,pidou,高楼层 (共17层),东南,125万,10262元/平米,2010年
华润橡树湾A区,4室2厅1厨2卫,140.59㎡,pidou,中楼层 (共6层),西南,195万,13871元/平米,2013年
花样年龙年中心,3室1厅1厨1卫,86.24㎡,pidou,中楼层 (共29层),东南,96万,11132元/平米,2015年
西区地标,3室2厅1厨2卫,104.15㎡,pidou,低楼层 (共25层),西南,133万,12771元/平米,2010年
万树森林一期,3室2厅1厨1卫,116.74㎡,pidou,中楼层 (共11层),东北,138万,11822元/平米,2008年
景尚景二期,2室1厅1厨1卫,67㎡,pidou,中楼层 (共11层),南,58万,8657元/平米,2010年
书香府邸,1室1厅1厨1卫,64.57㎡,pidou,中楼层 (共16层),西南,88万,13629元/平米,2009年
中信未来城北区,2室1厅1厨1卫,77.4㎡,pidou,中楼层 (共33层),西北,96万,12404元/平米,2013年
福兴花园,4室2厅1厨2卫,144.76㎡,pidou,中楼层 (共6层),西南,105万,7254元/平米,2003年
西江月,2室2厅1厨1卫,88.09㎡,pidou,中楼层 (共17层),东南,121万,13736元/平米,2009年
中铁西郡英华二期,4室2厅1厨1卫,89.97㎡,pidou,高楼层 (共31层),东南,155万,17228元/平米,2013年
西华枫林,2室1厅1厨1卫,84.7㎡,pidou,低楼层 (共6层),南,74万,8737元/平米,2001年
西区名宅,4室2厅1厨3卫,182.04㎡,pidou,高楼层 (共6层),西南,200万,10987元/平米,2007年
华邑阳光里,2室2厅1厨1卫,71㎡,pidou,中楼层 (共30层),东北,115万,16198元/平米,2015年
龙城国际,4室2厅1厨2卫,122.46㎡,pidou,高楼层 (共33层),西北,180万,14699元/平米,2013年
龙湖弗莱明戈二期,4室2厅1厨3卫,168.32㎡,pidou,高楼层 (共8层),东南,310万,18418元/平米,2012年
中铁西郡英华一期,4室2厅1厨2卫,143㎡,pidou,低楼层 (共6层),东南,195万,13637元/平米,未知年建/
合能四季城二期,4室2厅1厨2卫,131.07㎡,pidou,中楼层 (共29层),东北,200万,15260元/平米,2014年
精城名典,3室2厅1厨2卫,157.67㎡,pidou,高楼层 (共6层),东北,155万,9831元/平米,未知年建/
欣洋城,3室2厅1厨2卫,139.14㎡,pidou,高楼层 (共6层),东南,106万,7619元/平米,未知年建/
中铁西郡英华一期,3室2厅1厨2卫,146㎡,pidou,低楼层 (共9层),东北,230万,15754元/平米,2012年
府河御景,3室1厅1厨2卫,143.63㎡,pidou,中楼层 (共8层),南,115万,8007元/平米,2008年
弘康馨居,1室1厅1厨1卫,54.77㎡,pidou,低楼层 (共11层),西南,30万,5478元/平米,未知年建/
中信未来城南区,1室1厅1厨1卫,51.4㎡,pidou,中楼层 (共27层),东南,67万,13036元/平米,2013年
攀交花园,4室2厅1厨2卫,171.86㎡,pidou,高楼层 (共6层),南,125万,7274元/平米,2002年
交大卡布里城,1室1厅1厨1卫,50.59㎡,pidou,低楼层 (共25层),北,60万,11861元/平米,2008年
派克公馆,1室1厅1厨1卫,49.33㎡,pidou,高楼层 (共13层),西南,78万,15812元/平米,2011年
348厂家属院,2室2厅1厨1卫,76.78㎡,pidou,中楼层 (共7层),东南,50万,6513元/平米,1998年
中铁伊萨贝拉,1室1厅1厨1卫,58.21㎡,pidou,低楼层 (共26层),东南,64万,10995元/平米,2010年
阳光小筑二期,1室0厅1厨1卫,32㎡,pidou,高楼层 (共18层),东,20万,6250元/平米,2009年
派克公馆,3室2厅1厨2卫,154.5㎡,pidou,低楼层 (共6层),东南,247万,15988元/平米,2007年
鹃城帝景,3室2厅1厨2卫,140.73㎡,pidou,中楼层 (共6层),东,118万,8385元/平米,2008年
合作家属院,4室3厅1厨2卫,248.36㎡,pidou,高楼层 (共6层),西南,100万,4027元/平米,未知年建/
中信未来城南区,2室2厅1厨1卫,79㎡,pidou,高楼层 (共33层),南,95万,12026元/平米,2013年
中铁西郡英华一期,4室3厅1厨2卫,246.12㎡,pidou,低楼层 (共3层),东北,410万,16659元/平米,2012年
绿地圣罗兰,4室3厅1厨3卫,285㎡,pidou,低楼层 (共1层),南 北,300万,10527元/平米,2012年
绿地圣罗兰,3室2厅1厨2卫,267.92㎡,pidou,低楼层 (共1层),东南,315万,11758元/平米,2012年
交大卡布里城,4室2厅1厨2卫,131.22㎡,pidou,低楼层 (共25层),南,178.8万,13626元/平米,2009年
正成名城左岸,3室2厅1厨1卫,101㎡,pidou,低楼层 (共27层),东北,120万,11882元/平米,2008年
交大卡布里城,4室2厅1厨2卫,131.83㎡,pidou,中楼层 (共25层),南,171万,12972元/平米,2009年
华邑阳光里,4室2厅1厨2卫,108.11㎡,pidou,中楼层 (共8层),西南,215万,19888元/平米,2015年
蜀都西苑,5室3厅1厨2卫,241.72㎡,pidou,低楼层 (共5层),东南,250万,10343元/平米,未知年建
交大卡布里城,1室1厅1厨1卫,50.99㎡,pidou,低楼层 (共25层),西南,59万,11571元/平米,2008年
龙城国际,3室2厅1厨2卫,97.99㎡,pidou,低楼层 (共33层),西南,180万,18370元/平米,2013年
派克公馆,2室2厅1厨1卫,65.77㎡,pidou,中楼层 (共12层),东北,115万,17486元/平米,2011年
龙城国际,2室1厅1厨1卫,79㎡,pidou,低楼层 (共33层),北,120万,15190元/平米,2013年
华宇天府花城,2室2厅1厨1卫,65.04㎡,pidou,高楼层 (共31层),东南,82万,12608元/平米,2014年
华润橡树湾A区,3室1厅1厨1卫,54.8㎡,pidou,中楼层 (共34层),南,130万,23723元/平米,2013年
派克公馆,3室2厅1厨2卫,132.53㎡,pidou,高楼层 (共18层),西北,210万,15846元/平米,2011年
华侨凤凰国际城,2室1厅1厨1卫,87㎡,pidou,中楼层 (共25层),东南,90万,10345元/平米,2016年
龙城国际,4室2厅1厨1卫,109㎡,pidou,高楼层 (共33层),东南,175万,16056元/平米,2013年
华润橡树湾A区,3室1厅1厨1卫,54㎡,pidou,中楼层 (共34层),东南,115万,21297元/平米,2013年
西郡兰庭,3室2厅1厨2卫,124.4㎡,pidou,高楼层 (共17层),西南,136万,10933元/平米,2010年
上置雅宾利,2室2厅1厨1卫,81.5㎡,pidou,高楼层 (共24层),西南,96万,11780元/平米,2016年
交大卡布里城,2室1厅1厨1卫,89.54㎡,pidou,中楼层 (共25层),西北,120万,13402元/平米,2009年
华宇天府花城,3室2厅1厨1卫,91㎡,pidou,中楼层 (共31层),东南,120万,13187元/平米,2014年
上善天成二期,2室2厅1厨1卫,85.8㎡,pidou,中楼层 (共11层),东南,100万,11656元/平米,未知年建/
交大卡布里城,2室2厅1厨1卫,85.61㎡,pidou,高楼层 (共25层),南,125万,14602元/平米,2009年
西区名宅,3室2厅1厨2卫,126.34㎡,pidou,高楼层 (共6层),南,130万,10290元/平米,2007年
交大卡布里城,3室2厅1厨2卫,123.95㎡,pidou,低楼层 (共25层),南,155万,12506元/平米,2009年
宇众曼城,2室2厅1厨1卫,65㎡,pidou,低楼层 (共32层),南,86万,13231元/平米,2013年
书香府邸,2室2厅1厨1卫,92.21㎡,pidou,中楼层 (共16层),东南,140万,15183元/平米,2009年
西汇佳苑,3室2厅1厨2卫,128㎡,pidou,中楼层 (共11层),西南 北,105万,8204元/平米,2001年
西江月,3室2厅1厨2卫,130.64㎡,pidou,低楼层 (共17层),东北,200万,15310元/平米,2009年
傲城,3室2厅1厨1卫,89㎡,pidou,高楼层 (共31层),西南,129万,14495元/平米,2015年
万树森林三期,2室1厅1厨1卫,83.63㎡,pidou,低楼层 (共23层),东北,75万,8969元/平米,2007年
西华枫林,4室2厅1厨2卫,159.15㎡,pidou,高楼层 (共6层),东北,120万,7541元/平米,未知年建/
华润橡树湾A区,3室1厅1厨1卫,54.1㎡,pidou,低楼层 (共34层),西南,120万,22182元/平米,2013年
一里阳光,3室2厅1厨2卫,93.4㎡,pidou,低楼层 (共30层),南 西南,98万,10493元/平米,未知年建/
傲城,2室2厅1厨1卫,71㎡,pidou,高楼层 (共31层),东北,113万,15916元/平米,2015年
怡华居,1室0厅1厨1卫,31.32㎡,pidou,高楼层 (共6层),东北,24万,7663元/平米,2006年
龙城国际,3室1厅1厨2卫,109.07㎡,pidou,中楼层 (共33层),西南,160万,14670元/平米,2013年
一里阳光,3室2厅1厨1卫,88㎡,pidou,高楼层 (共18层),南,101万,11478元/平米,2013年
正成名城左岸,3室2厅1厨2卫,124.46㎡,pidou,低楼层 (共26层),东南,118万,9481元/平米,2008年
置信逸都D区,2室2厅1厨1卫,83.16㎡,pidou,中楼层 (共33层),西南,86万,10342元/平米,2014年
水榭花都,2室2厅1厨1卫,52.06㎡,pidou,高楼层 (共7层),东南,58万,11141元/平米,未知年建/
西郡兰庭,3室2厅1厨1卫,121.51㎡,pidou,中楼层 (共17层),西南,132万,10864元/平米,2010年
中铁西郡英华一期,3室2厅1厨2卫,135㎡,pidou,低楼层 (共9层),东南,180万,13334元/平米,2012年
正成名城左岸,4室2厅1厨2卫,119.97㎡,pidou,中楼层 (共26层),西南,128万,10670元/平米,2008年
派克公馆,4室2厅1厨2卫,153.33㎡,pidou,低楼层 (共18层),东北,220万,14349元/平米,2011年
玉龙花园小区,4室2厅1厨2卫,165.51㎡,pidou,高楼层 (共6层),南,116万,7009元/平米,未知年建/
启明花园,5室2厅1厨2卫,197.5㎡,pidou,高楼层 (共6层),东南,165万,8355元/平米,2003年
合能四季城一期,4室2厅1厨2卫,131.09㎡,pidou,低楼层 (共29层),东南,200万,15257元/平米,2013年
公园榕郡,4室2厅1厨2卫,121.66㎡,pidou,高楼层 (共18层),东南,148万,12166元/平米,2011年
上置雅宾利,4室2厅1厨3卫,125.18㎡,pidou,低楼层 (共24层),南 北,160万,12782元/平米,2016年
景尚景二期,4室2厅1厨2卫,94㎡,pidou,中楼层 (共26层),西南,125万,13298元/平米,2010年
龙湖弗莱明戈二期,3室2厅1厨3卫,90.03㎡,pidou,高楼层 (共32层),南 北,186万,20660元/平米,2012年
龙湖弗莱明戈二期,8室2厅1厨3卫,156.99㎡,pidou,低楼层 (共34层),西南,310万,19747元/平米,2012年
华宇天府花城,2室2厅1厨1卫,64.42㎡,pidou,中楼层 (共31层),东南,67万,10401元/平米,2016年
华润橡树湾A区,1室1厅1厨1卫,36.37㎡,pidou,中楼层 (共32层),东南,65万,17872元/平米,2013年
万基金蓝湾,1室0厅1厨1卫,34.9㎡,pidou,高楼层 (共18层),西北,25万,7164元/平米,2009年
万基金蓝湾,3室2厅1厨2卫,126.05㎡,pidou,低楼层 (共24层),东南,120万,9521元/平米,2009年
华邑阳光里,3室2厅1厨1卫,88.53㎡,pidou,中楼层 (共30层),东南,140万,15814元/平米,2015年
中铁瑞景茗城二期,3室2厅1厨1卫,88.17㎡,pidou,低楼层 (共32层),东南,110万,12476元/平米,未知年建
中铁塔米亚,3室2厅1厨2卫,97.59㎡,pidou,低楼层 (共17层),东南,150万,15371元/平米,2011年
晨苑小区,3室2厅1厨1卫,116㎡,pidou,低楼层 (共6层),南 北,78万,6725元/平米,未知年建
西都会,1室1厅1厨1卫,48.97㎡,pidou,低楼层 (共19层),南,39.5万,8067元/平米,未知年建/
得心柏林小镇,3室2厅1厨2卫,128.15㎡,pidou,中楼层 (共6层),南,68万,5307元/平米,未知年建
万树森林一期,1室1厅1厨1卫,59.07㎡,pidou,中楼层 (共12层),西南,67万,11343元/平米,2008年
龙城国际,3室2厅1厨2卫,109㎡,pidou,高楼层 (共33层),西南,168万,15413元/平米,2013年
锦绣西苑二期,2室2厅1厨1卫,83.39㎡,pidou,高楼层 (共18层),西南,80万,9594元/平米,2010年
交大卡布里城,3室2厅1厨2卫,118.33㎡,pidou,高楼层 (共25层),南 北,155万,13099元/平米,2009年
中信未来城南区,3室2厅1厨2卫,94.7㎡,pidou,高楼层 (共33层),东南,127万,13411元/平米,2013年
晶宝维吉尼亚,2室2厅1厨1卫,78.99㎡,pidou,低楼层 (共25层),西南,90万,11394元/平米,2012年
西区地标,3室2厅1厨1卫,84.34㎡,pidou,低楼层 (共25层),东北,110万,13043元/平米,2010年
晶宝盛世桃源,2室2厅1厨1卫,62.8㎡,pidou,中楼层 (共18层),东南,85万,13536元/平米,2012年
望丛西路82号,2室2厅1厨1卫,86.6㎡,pidou,高楼层 (共6层),西南 东北,57万,6582元/平米,1996年
西江月,2室2厅1厨1卫,79.37㎡,pidou,低楼层 (共17层),西南,125万,15750元/平米,2011年
绿地国际花都三期,2室1厅1厨1卫,72.11㎡,pidou,中楼层 (共32层),西南,81万,11233元/平米,2014年
中铁瑞景茗城,3室2厅1厨2卫,110.45㎡,pidou,中楼层 (共18层),东,120万,10865元/平米,2012年
西区花园花园洋房,5室2厅1厨2卫,165㎡,pidou,高楼层 (共6层),东南,195万,11819元/平米,2004年
今日田园,5室2厅1厨4卫,377.69㎡,pidou,低楼层 (共3层),南,450万,11915元/平米,未知年建
国安尚郡,1室1厅1厨1卫,36.77㎡,pidou,高楼层 (共16层),东南,27万,7343元/平米,2007年
成都后花园一期,5室2厅1厨4卫,354.77㎡,pidou,低楼层 (共3层),东南,850万,23960元/平米,2006年
启明花园,4室2厅1厨2卫,219.91㎡,pidou,低楼层 (共3层),东南,180万,8186元/平米,2003年
合能四季城二期,2室2厅1厨1卫,63㎡,pidou,低楼层 (共28层),东南,95万,15080元/平米,2013年
君临天下,4室2厅1厨3卫,246.44㎡,pidou,低楼层 (共1层),东南,390万,15826元/平米,2004年
今日田园,5室3厅1厨3卫,287㎡,pidou,低楼层 (共3层),东,350万,12196元/平米,未知年建
绿地圣罗兰,4室2厅1厨4卫,365㎡,pidou,低楼层 (共1层),东,410万,11233元/平米,2012年
龙城国际,3室2厅1厨2卫,109㎡,pidou,低楼层 (共33层),西南,165万,15138元/平米,2013年
中铁瑞景茗城二期,2室2厅1厨1卫,50.66㎡,pidou,高楼层 (共31层),北,40万,7896元/平米,未知年建
中铁西郡英华一期,4室4厅1厨3卫,183㎡,pidou,低楼层 (共3层),东南,300万,16394元/平米,2012年
华润橡树湾A区,4室2厅1厨2卫,79㎡,pidou,低楼层 (共34层),东南,138万,17469元/平米,2013年
龙湖弗莱明戈二期,2室1厅1厨1卫,72.06㎡,pidou,中楼层 (共34层),东南,115万,15959元/平米,2012年
晶宝维吉尼亚,1室1厅1厨1卫,60.77㎡,pidou,中楼层 (共25层),东南,54万,8886元/平米,2012年
鹃城上街62号,3室2厅1厨2卫,160.88㎡,pidou,高楼层 (共6层),西南,128万,7957元/平米,未知年建/
星光大道B区,1室1厅1厨1卫,54㎡,pidou,中楼层 (共6层),东南,37万,6852元/平米,未知年建
犀浦百伦广场,3室1厅1厨1卫,90.13㎡,pidou,中楼层 (共18层),西南,110万,12205元/平米,未知年建/
君临天下,5室2厅1厨3卫,246.62㎡,pidou,低楼层 (共1层),西北,498万,20194元/平米,2004年
中铁西郡英华二期,3室2厅1厨2卫,111.14㎡,pidou,中楼层 (共31层),东南,111万,9988元/平米,2013年
中信未来城北区,3室1厅1厨2卫,106.01㎡,pidou,高楼层 (共33层),东北,125万,11792元/平米,2013年
万树森林一期,3室2厅1厨2卫,130.2㎡,pidou,中楼层 (共11层),东南,145万,11137元/平米,2008年
龙湖弗莱明戈二期,2室2厅1厨2卫,85.64㎡,pidou,中楼层 (共32层),东南,150万,17516元/平米,2012年
绿地国际花都三期,4室2厅1厨2卫,126.05㎡,pidou,高楼层 (共32层),东南,145万,11504元/平米,2014年
北埠雅园,4室2厅1厨3卫,148.44㎡,pidou,高楼层 (共6层),西南,116万,7815元/平米,2009年
中铁西郡英华三期,2室1厅1厨1卫,65.41㎡,pidou,中楼层 (共22层),南,75万,11467元/平米,2015年
天邑宏御花园御苑,3室2厅1厨2卫,128.83㎡,pidou,中楼层 (共25层),东南,120万,9315元/平米,2016年
华润橡树湾A区,3室2厅1厨2卫,79㎡,pidou,低楼层 (共34层),南,130万,16456元/平米,2013年
傲城,2室2厅1厨1卫,71.18㎡,pidou,中楼层 (共31层),东北,110万,15454元/平米,2015年
正成名城左岸,3室2厅1厨2卫,117.67㎡,pidou,中楼层 (共26层),东南,115万,9774元/平米,2008年
海骏达蜀都1号凯悦二期,2室2厅1厨1卫,74㎡,pidou,低楼层 (共30层),西北,85万,11487元/平米,2013年
348厂家属院,2室2厅1厨1卫,83.33㎡,pidou,高楼层 (共6层),东南,56万,6721元/平米,未知年建/
傲城,3室2厅1厨1卫,87㎡,pidou,高楼层 (共31层),东南,140万,16092元/平米,2015年
傲城,3室2厅1厨2卫,100.22㎡,pidou,高楼层 (共31层),西北,150万,14968元/平米,2015年
蜀都新天地,3室2厅1厨1卫,92.15㎡,pidou,低楼层 (共27层),东南,76万,8248元/平米,2012年
荆湘路52号,3室2厅1厨2卫,122.9㎡,pidou,中楼层 (共4层),东南,68万,5533元/平米,未知年建
溪地湾,3室2厅1厨1卫,79.93㎡,pidou,低楼层 (共33层),西南,112万,14013元/平米,2015年
四季豪廷,2室2厅1厨1卫,92㎡,pidou,中楼层 (共27层),东南,130万,14131元/平米,2010年
海骏达蜀都1号一期北区,3室2厅1厨2卫,89.4㎡,pidou,低楼层 (共30层),南,122万,13647元/平米,2013年
龙城国际,4室2厅1厨2卫,140.3㎡,pidou,低楼层 (共9层),东南,280万,19958元/平米,2013年
玉龙花园小区,3室2厅1厨2卫,130.7㎡,pidou,高楼层 (共6层),东北,93万,7116元/平米,未知年建/
正成名城左岸,2室2厅1厨1卫,85.21㎡,pidou,高楼层 (共18层),东南,82万,9624元/平米,2008年
华润橡树湾A区,2室2厅1厨1卫,52.71㎡,pidou,高楼层 (共34层),东北,99万,18783元/平米,2013年
华侨凤凰国际城,3室2厅1厨2卫,122.25㎡,pidou,低楼层 (共25层),西南,150万,12270元/平米,2016年
绿地国际花都三期,3室2厅1厨1卫,88.35㎡,pidou,高楼层 (共32层),西南,100万,11319元/平米,2014年
华宇天府花城,2室2厅1厨1卫,70.45㎡,pidou,高楼层 (共31层),东北,85万,12066元/平米,2016年
华润橡树湾A区,2室1厅1厨1卫,52.55㎡,pidou,低楼层 (共34层),东北,100万,19030元/平米,2013年
启明花园,2室2厅1厨1卫,93.71㎡,pidou,低楼层 (共6层),北,76.8万,8196元/平米,2003年
绿地缤纷城A栋,1室1厅0厨1卫,57.72㎡,pidou,中楼层 (共18层),西南,45万,7797元/平米,2013年
泰立观筑,3室2厅1厨1卫,98.89㎡,pidou,中楼层 (共18层),南,65万,6573元/平米,2011年
北辰家园,2室2厅1厨1卫,85.41㎡,pidou,中楼层 (共6层),南,45万,5269元/平米,未知年建
华侨凤凰国际城,5室2厅2厨1卫,182.14㎡,pidou,低楼层 (共24层),东南,139万,7632元/平米,2016年
绿地圣罗兰,4室2厅1厨3卫,365.75㎡,pidou,低楼层 (共1层),南,480万,13124元/平米,2012年
成都后花园一期,5室2厅1厨4卫,329㎡,pidou,低楼层 (共3层),南,620万,18845元/平米,2006年
派克公馆,2室1厅1厨1卫,86㎡,pidou,低楼层 (共18层),东南,150万,17442元/平米,2011年
派克公馆,3室2厅1厨1卫,110.8㎡,pidou,低楼层 (共14层),东北,173万,15614元/平米,2008年
派克公馆,2室2厅1厨1卫,84.48㎡,pidou,高楼层 (共18层),东南,120万,14205元/平米,2011年
上置雅宾利,2室2厅1厨1卫,81.5㎡,pidou,中楼层 (共24层),南,98万,12025元/平米,2016年
宇众曼城,2室2厅1厨1卫,62.33㎡,pidou,中楼层 (共32层),东,85万,13638元/平米,2013年
西江月,3室2厅1厨2卫,114.07㎡,pidou,低楼层 (共17层),东南,168万,14728元/平米,2011年
傲城,3室2厅1厨1卫,87.31㎡,pidou,中楼层 (共31层),东,146万,16723元/平米,2015年
华润橡树湾B区,2室1厅1厨1卫,107.66㎡,pidou,中楼层 (共34层),南,150万,13933元/平米,2013年
时代花城三期,2室1厅1厨1卫,81.99㎡,pidou,高楼层 (共18层),东南,95万,11587元/平米,2009年
宇众悦府,3室2厅1厨1卫,59.34㎡,pidou,高楼层 (共27层),东北,112万,18875元/平米,2013年
傲城,2室2厅1厨1卫,70.43㎡,pidou,低楼层 (共31层),西北,110万,15619元/平米,2015年
书香府邸二期英伦,2室2厅1厨1卫,97㎡,pidou,高楼层 (共16层),东南,145万,14949元/平米,2011年
龙湖弗莱明戈二期,4室2厅1厨2卫,146㎡,pidou,中楼层 (共8层),南,220万,15069元/平米,2012年
华润橡树湾A区,2室2厅1厨1卫,52㎡,pidou,中楼层 (共34层),东北,98万,18847元/平米,2013年
西区花园水云涧,3室1厅1厨2卫,141㎡,pidou,低楼层 (共5层),西南,145万,10284元/平米,2005年
宇众悦府,2室2厅1厨1卫,50.38㎡,pidou,低楼层 (共24层),东南,98万,19453元/平米,2013年
派克公馆,2室2厅1厨1卫,88.02㎡,pidou,低楼层 (共18层),西南,130万,14770元/平米,2011年
西区花园花园洋房,3室2厅1厨2卫,118.49㎡,pidou,高楼层 (共6层),东南,136万,11478元/平米,2004年
万基金蓝湾,2室1厅1厨1卫,48.43㎡,pidou,中楼层 (共18层),东南,44万,9086元/平米,2009年
华润橡树湾B区,2室1厅1厨1卫,51.34㎡,pidou,低楼层 (共34层),东北,110万,21426元/平米,2013年
交大卡布里城,2室1厅1厨1卫,88.28㎡,pidou,高楼层 (共25层),西南,120万,13594元/平米,2009年
正成名城左岸,3室2厅1厨2卫,117.52㎡,pidou,低楼层 (共26层),东南,120万,10212元/平米,2008年
一里阳光,2室2厅1厨2卫,105.1㎡,pidou,中楼层 (共6层),西南,90万,8564元/平米,2013年
交大万嘉季柳园,3室2厅1厨1卫,118㎡,pidou,高楼层 (共26层),东南,116万,9831元/平米,2013年
龙城国际,3室2厅1厨2卫,123.63㎡,pidou,中楼层 (共10层),西北,190万,15369元/平米,2013年
派克公馆,2室1厅1厨1卫,90.31㎡,pidou,低楼层 (共18层),东南,135万,14949元/平米,2011年
中铁西郡英华一期,3室2厅1厨2卫,112㎡,pidou,中楼层 (共6层),东南,140万,12500元/平米,2012年
正成名城左岸,3室2厅1厨2卫,117.52㎡,pidou,低楼层 (共26层),东南,120万,10212元/平米,2008年
绿地国际花都,3室1厅1厨1卫,89㎡,pidou,高楼层 (共31层),东南,112万,12585元/平米,2015年
海骏达蜀都1号凯悦二期,2室2厅1厨1卫,77.03㎡,pidou,中楼层 (共30层),东南,98万,12723元/平米,2013年
怡华居,3室2厅1厨2卫,96.03㎡,pidou,高楼层 (共6层),西南,82万,8539元/平米,2006年
金枫名苑,2室2厅1厨1卫,68.88㎡,pidou,中楼层 (共18层),东北,91万,13212元/平米,2013年
西区花园晨之曦,3室2厅1厨1卫,102.38㎡,pidou,中楼层 (共6层),西南,110万,10745元/平米,2004年
怡景城市花苑,2室1厅1厨1卫,53.99㎡,pidou,高楼层 (共26层),东南,67万,12410元/平米,2013年
锦苑三期,2室2厅1厨1卫,89.47㎡,pidou,低楼层 (共11层),东南,108万,12072元/平米,2000年
派克公馆,3室2厅1厨2卫,133.5㎡,pidou,低楼层 (共12层),东北,230万,17229元/平米,2011年
龙城国际,2室2厅1厨1卫,80.83㎡,pidou,低楼层 (共33层),西北,130万,16084元/平米,2013年
海骏达蜀都1号一期南区,2室1厅1厨1卫,70.86㎡,pidou,高楼层 (共25层),南,85万,11996元/平米,2013年
西华雅苑,3室2厅1厨2卫,121.67㎡,pidou,低楼层 (共6层),西南,90万,7398元/平米,2005年
中铁瑞景茗城,3室2厅1厨2卫,110㎡,pidou,高楼层 (共18层),东南,115万,10455元/平米,2012年
华润橡树湾B区,3室2厅1厨2卫,81㎡,pidou,低楼层 (共34层),东南,120万,14815元/平米,2013年
书香府邸二期英伦,3室2厅1厨2卫,121.92㎡,pidou,低楼层 (共16层),南,200万,16405元/平米,2011年
宇众悦府,3室2厅1厨1卫,55.52㎡,pidou,低楼层 (共24层),西南,130万,23415元/平米,2013年
绿地国际花都三期,3室2厅1厨1卫,83.1㎡,pidou,低楼层 (共32层),东南,113万,13599元/平米,2014年
中铁瑞景茗城二期,3室2厅1厨1卫,84.5㎡,pidou,低楼层 (共32层),东南,100万,11835元/平米,未知年建
龙城国际,2室2厅1厨1卫,78.9㎡,pidou,高楼层 (共33层),东北,116万,14703元/平米,2013年
实久花园,2室1厅1厨1卫,76㎡,pidou,高楼层 (共29层),东南,50万,6579元/平米,2000年
阳光小筑,1室1厅1厨1卫,45.99㎡,pidou,高楼层 (共12层),西北,28.5万,6197元/平米,未知年建
溪地湾,2室2厅1厨1卫,63.17㎡,pidou,高楼层 (共31层),东南,50万,7916元/平米,2015年
犀池苑,1室1厅1厨1卫,35.44㎡,pidou,高楼层 (共6层),东南,26.5万,7478元/平米,2003年
景尚景一期,4室2厅1厨2卫,146.74㎡,pidou,低楼层 (共6层),东南,220万,14993元/平米,2012年
西区花园别墅绿之韵,5室2厅1厨2卫,175.44㎡,pidou,低楼层 (共3层),东南,245万,13965元/平米,2003年
景尚景二期,1室1厅1厨1卫,48㎡,pidou,高楼层 (共11层),西南,42万,8750元/平米,2010年
小北街11号,3室2厅1厨1卫,86.29㎡,pidou,高楼层 (共5层),西南,55万,6374元/平米,未知年建/
中铁塔米亚,2室1厅1厨1卫,70.85㎡,pidou,低楼层 (共11层),东,110万,15526元/平米,2011年
华润橡树湾A区,2室2厅1厨1卫,51.73㎡,pidou,高楼层 (共34层),东南,98万,18945元/平米,2013年
中铁瑞景茗城二期,2室1厅1厨1卫,64.21㎡,pidou,低楼层 (共31层),东南,53万,8255元/平米,未知年建
景尚景一期,3室2厅1厨2卫,116.05㎡,pidou,高楼层 (共5层),东南,146万,12581元/平米,2012年
置信逸都D区,3室2厅1厨2卫,126㎡,pidou,高楼层 (共33层),东南,138万,10953元/平米,2014年
锦绣东方,2室2厅1厨1卫,79.66㎡,pidou,中楼层 (共18层),南,70万,8788元/平米,2015年
金枫名苑,2室1厅1厨1卫,63.4㎡,pidou,高楼层 (共18层),北,87万,13723元/平米,2013年
中铁瑞景茗城二期,2室1厅1厨1卫,50.66㎡,pidou,低楼层 (共31层),东南,42万,8291元/平米,未知年建
万基金蓝湾,1室0厅1厨1卫,37㎡,pidou,中楼层 (共18层),西北,26万,7028元/平米,2009年
中信未来城南区,1室1厅1厨1卫,51.61㎡,pidou,中楼层 (共16层),东南,65万,12595元/平米,2013年
中信未来城北区,3室2厅1厨2卫,106㎡,pidou,低楼层 (共33层),东北,165万,15567元/平米,2013年
一里阳光,3室2厅1厨2卫,94㎡,pidou,中楼层 (共26层),西北,105万,11171元/平米,2013年
万基金蓝湾,3室2厅1厨2卫,125.05㎡,pidou,高楼层 (共18层),东南,110万,8797元/平米,2009年
玉龙花园小区,3室2厅1厨2卫,134.34㎡,pidou,高楼层 (共6层),西北,108万,8040元/平米,未知年建/
溪地湾,3室2厅1厨2卫,120.31㎡,pidou,高楼层 (共33层),西北,210万,17455元/平米,2015年
滨河花园,3室2厅1厨2卫,132.99㎡,pidou,中楼层 (共6层),西南,115万,8648元/平米,2007年
派克公馆,3室2厅1厨2卫,157.22㎡,pidou,中楼层 (共14层),西南,240万,15266元/平米,2008年
中铁塔米亚,2室2厅1厨1卫,85.17㎡,pidou,中楼层 (共18层),西北,132万,15499元/平米,2011年
丽阳春天,4室2厅1厨2卫,145㎡,pidou,低楼层 (共6层),南,140万,9656元/平米,2006年
锦绣西苑一期,3室2厅1厨2卫,113.88㎡,pidou,中楼层 (共6层),西北,115万,10099元/平米,2003年
景尚景一期,3室2厅1厨1卫,98㎡,pidou,低楼层 (共18层),东南,130万,13266元/平米,2012年
中铁伊萨贝拉,3室2厅1厨1卫,92.53㎡,pidou,中楼层 (共26层),东北,100万,10808元/平米,2010年
华润橡树湾B区,2室2厅1厨1卫,52㎡,pidou,低楼层 (共34层),东南,93万,17885元/平米,2013年
傲城,2室2厅1厨1卫,70㎡,pidou,高楼层 (共31层),东南,110万,15715元/平米,2015年
西江月,3室2厅1厨2卫,118.65㎡,pidou,低楼层 (共17层),西南,166万,13991元/平米,2009年
龙城国际,2室1厅1厨2卫,79㎡,pidou,中楼层 (共33层),西北,122万,15444元/平米,2013年
万基金蓝湾,3室2厅1厨2卫,125.08㎡,pidou,高楼层 (共18层),南,120万,9594元/平米,2009年
泰立观筑,2室1厅1厨1卫,88㎡,pidou,中楼层 (共18层),南,86万,9773元/平米,2011年
龙城国际,2室1厅1厨2卫,79㎡,pidou,中楼层 (共33层),西北,122万,15444元/平米,2013年
万基金蓝湾,3室2厅1厨2卫,125.08㎡,pidou,高楼层 (共18层),南,120万,9594元/平米,2009年
泰立观筑,2室1厅1厨1卫,88㎡,pidou,中楼层 (共18层),南,86万,9773元/平米,2011年
中信未来城南区,1室1厅1厨1卫,51.61㎡,pidou,中楼层 (共16层),东南,65万,12595元/平米,2013年
警苑小区,4室2厅1厨2卫,185.69㎡,pidou,中楼层 (共6层),东南,150万,8078元/平米,未知年建
万基金蓝湾,1室1厅1厨1卫,36.7㎡,pidou,低楼层 (共18层),西南,24万,6540元/平米,2009年
山木居,1室0厅1厨1卫,36.24㎡,pidou,高楼层 (共18层),东,17.8万,4912元/平米,2011年
滨河花园,3室2厅1厨2卫,133.99㎡,pidou,中楼层 (共6层),西南,120万,8956元/平米,2007年
山木居,1室0厅1厨1卫,36.24㎡,pidou,中楼层 (共18层),东南,22万,6071元/平米,2011年
和韵美联墅,3室2厅1厨2卫,133.1㎡,pidou,中楼层 (共6层),东南,120万,9016元/平米,2012年
华宇天府花城,2室2厅1厨1卫,70.69㎡,pidou,低楼层 (共31层),东南,85万,12025元/平米,2014年
上海花园,3室2厅1厨2卫,133.6㎡,pidou,高楼层 (共6层),东南,136万,10180元/平米,2005年
中铁西郡英华三期,3室2厅1厨1卫,86.35㎡,pidou,高楼层 (共22层),西南,108万,12508元/平米,2015年
傲城,3室2厅1厨2卫,98.4㎡,pidou,低楼层 (共31层),东南,160万,16261元/平米,2015年
傲城,2室2厅1厨1卫,76.37㎡,pidou,中楼层 (共31层),西南,130万,17023元/平米,2015年
傲城,2室2厅1厨1卫,70.56㎡,pidou,高楼层 (共31层),西北,115万,16299元/平米,2015年
西华枫林,2室1厅1厨1卫,88.35㎡,pidou,高楼层 (共6层),东南,80万,9055元/平米,2001年
华邑阳光里,4室2厅1厨2卫,97.55㎡,pidou,低楼层 (共30层),南,170万,17427元/平米,2015年
华润橡树湾B区,2室2厅1厨1卫,51.34㎡,pidou,低楼层 (共34层),北,120万,23374元/平米,2013年
水岸天城,3室2厅1厨2卫,131.37㎡,pidou,低楼层 (共6层),西,150万,11419元/平米,2009年
和韵美联墅,3室2厅1厨2卫,133.1㎡,pidou,低楼层 (共6层),西南,168万,12623元/平米,2012年
景尚景二期,4室2厅2厨1卫,94㎡,pidou,中楼层 (共26层),南,120万,12766元/平米,2010年
华润橡树湾A区,2室2厅1厨1卫,52㎡,pidou,高楼层 (共34层),西北,100万,19231元/平米,2013年
华润橡树湾B区,3室1厅1厨2卫,79.92㎡,pidou,低楼层 (共34层),东南,128万,16017元/平米,2013年
华润橡树湾A区,2室2厅1厨1卫,49㎡,pidou,低楼层 (共32层),东南,75万,15307元/平米,2013年
华润橡树湾B区,3室1厅1厨2卫,81.73㎡,pidou,低楼层 (共34层),西南,185万,22636元/平米,2013年
中铁塔米亚,2室2厅1厨1卫,78.66㎡,pidou,低楼层 (共18层),西南,117万,14875元/平米,2011年
傲城,2室2厅1厨1卫,70.76㎡,pidou,高楼层 (共31层),南,110万,15546元/平米,2015年
溪地湾,3室2厅1厨2卫,111㎡,pidou,低楼层 (共33层),西南,175万,15766元/平米,2015年
中铁伊萨贝拉,3室2厅1厨2卫,128.5㎡,pidou,高楼层 (共10层),东南,180万,14008元/平米,2010年
傲城,2室2厅1厨1卫,76㎡,pidou,高楼层 (共31层),西北,130万,17106元/平米,2015年
景尚景一期,3室2厅1厨2卫,110㎡,pidou,高楼层 (共18层),东南,150万,13637元/平米,2012年
北埠雅园,3室2厅1厨2卫,116.81㎡,pidou,低楼层 (共6层),东南,92万,7877元/平米,2009年
派克公馆,2室2厅1厨1卫,88.11㎡,pidou,低楼层 (共18层),东南,130万,14755元/平米,2011年
怡景城市花苑,3室2厅1厨2卫,86.27㎡,pidou,高楼层 (共26层),西北,125万,14490元/平米,2013年
绿地国际花都三期,3室2厅1厨1卫,126.05㎡,pidou,中楼层 (共32层),南,135万,10711元/平米,2014年
中铁西郡英华二期,3室2厅1厨2卫,109㎡,pidou,低楼层 (共31层),西南,145万,13303元/平米,2013年
华润橡树湾B区,2室2厅1厨1卫,52.08㎡,pidou,高楼层 (共34层),西北,105万,20162元/平米,2013年
傲城,2室2厅1厨1卫,76.82㎡,pidou,低楼层 (共31层),东南 西北,122万,15882元/平米,2015年
一里阳光,2室2厅1厨1卫,79.76㎡,pidou,低楼层 (共18层),西南,85万,10657元/平米,2013年
华润橡树湾B区,2室2厅1厨1卫,51.19㎡,pidou,中楼层 (共34层),西北,98万,19145元/平米,2013年
金壕雅庭,3室2厅1厨1卫,98㎡,pidou,中楼层 (共34层),西北,120万,12245元/平米,未知年建/
景尚景二期,1室1厅1厨1卫,47.47㎡,pidou,中楼层 (共11层),东南,43万,9059元/平米,2010年
星光大道C区,3室2厅1厨2卫,131.84㎡,pidou,低楼层 (共9层),东南,115万,8723元/平米,2003年
万树森林二期,2室2厅1厨1卫,69.2㎡,pidou,低楼层 (共12层),东南,86万,12428元/平米,2008年
银丰园一区,3室2厅1厨2卫,114㎡,pidou,中楼层 (共7层),东南,78万,6843元/平米,2004年
泰立观筑,2室2厅1厨1卫,89.14㎡,pidou,低楼层 (共18层),东南,80万,8975元/平米,2011年
荷塘月色（红光）,3室2厅1厨1卫,97.57㎡,pidou,中楼层 (共6层),东北,80万,8200元/平米,未知年建
时代花城三期,3室2厅1厨2卫,112.9㎡,pidou,中楼层 (共18层),东南,168万,14881元/平米,2009年
西汇佳苑,3室2厅1厨1卫,85.38㎡,pidou,低楼层 (共6层),西南,83.8万,9815元/平米,2000年
龙湖弗莱明戈一期,4室2厅1厨2卫,147.54㎡,pidou,中楼层 (共8层),西南,300万,20334元/平米,2012年
西城鸥鹭湾,3室2厅1厨1卫,87㎡,pidou,低楼层 (共18层),东南,75万,8621元/平米,未知年建/
君临天下,5室2厅1厨3卫,246㎡,pidou,低楼层 (共1层),南,400万,16261元/平米,2004年
绿地国际花都三期,3室2厅1厨2卫,100.84㎡,pidou,低楼层 (共32层),东南,111万,11008元/平米,2014年
和韵美联墅,3室2厅1厨2卫,126.87㎡,pidou,高楼层 (共6层),东南,82万,6464元/平米,2012年
文庙巷8号,2室1厅1厨1卫,87㎡,pidou,中楼层 (共5层),东,54万,6207元/平米,未知年建
天立香缇华府,3室1厅1厨2卫,108.42㎡,pidou,中楼层 (共11层),西南,150万,13836元/平米,2016年
绿地国际花都三期,3室2厅1厨1卫,84.33㎡,pidou,低楼层 (共32层),东,90万,10673元/平米,未知年建/
傲城,3室2厅1厨2卫,104.2㎡,pidou,低楼层 (共31层),西南,165万,15835元/平米,2015年
今日花园,3室2厅1厨1卫,83.3㎡,pidou,低楼层 (共11层),东南,108万,12966元/平米,2006年
景尚景二期,1室1厅1厨1卫,50.13㎡,pidou,中楼层 (共11层),东南,45万,8977元/平米,2010年
1958青年公馆,2室2厅1厨1卫,92.17㎡,pidou,低楼层 (共18层),东南,90万,9765元/平米,2013年
中铁伊萨贝拉,3室2厅1厨2卫,177.13㎡,pidou,高楼层 (共9层),东南,200万,11292元/平米,2010年
怡景城市花苑,2室2厅1厨2卫,88.61㎡,pidou,高楼层 (共26层),西南,132万,14897元/平米,2013年
上置雅宾利,3室2厅1厨2卫,92.55㎡,pidou,低楼层 (共24层),东,95万,10265元/平米,2016年
中铁瑞景茗城二期,2室1厅1厨1卫,64.21㎡,pidou,中楼层 (共31层),东南,51万,7943元/平米,未知年建
桃园柳岸,4室2厅1厨3卫,146.51㎡,pidou,低楼层 (共7层),西南,156万,10648元/平米,未知年建/
华侨凤凰国际城,2室2厅1厨1卫,75㎡,pidou,高楼层 (共25层),东北,75万,10000元/平米,2016年
金色外滩,1室1厅1厨1卫,45.37㎡,pidou,中楼层 (共11层),东南,32万,7054元/平米,未知年建/
天邑宏御花园御苑,2室1厅1厨1卫,94.48㎡,pidou,高楼层 (共25层),西南,90万,9526元/平米,2016年
景尚景一期,2室2厅1厨1卫,86.74㎡,pidou,中楼层 (共5层),东南 西南,90万,10376元/平米,2012年
正成名城左岸,2室0厅1厨2卫,56.64㎡,pidou,低楼层 (共22层),西北,37万,6533元/平米,2008年
中铁瑞景茗城二期,1室1厅1厨1卫,48.33㎡,pidou,低楼层 (共31层),东南,38万,7863元/平米,未知年建
中信未来城北区,4室2厅1厨2卫,103.11㎡,pidou,中楼层 (共33层),南,145万,14063元/平米,2013年
怡景城市花苑,3室1厅1厨2卫,88.12㎡,pidou,中楼层 (共26层),西南,120万,13618元/平米,2013年
华润橡树湾B区,2室1厅1厨1卫,52.08㎡,pidou,低楼层 (共34层),东南,95万,18242元/平米,2013年
书香府邸二期英伦,2室2厅1厨1卫,69.29㎡,pidou,中楼层 (共16层),西北,120万,17319元/平米,2011年
景尚景一期,3室2厅1厨2卫,129.58㎡,pidou,中楼层 (共33层),西南 东北,150万,11576元/平米,2012年
绿地国际花都三期,2室2厅1厨1卫,73.29㎡,pidou,高楼层 (共25层),东南,85万,11598元/平米,2014年
桃园柳岸,4室2厅1厨2卫,149.51㎡,pidou,低楼层 (共7层),东北,150万,10033元/平米,未知年建/
华润橡树湾A区,1室1厅1厨1卫,36㎡,pidou,低楼层 (共32层),西北,59万,16389元/平米,2013年
杜鹃城,3室2厅1厨2卫,120.93㎡,pidou,中楼层 (共6层),西南,60万,4962元/平米,未知年建/
星光大道C区,3室2厅1厨2卫,151㎡,pidou,高楼层 (共9层),东南,125万,8279元/平米,未知年建/
君临天下,6室3厅1厨3卫,282.47㎡,pidou,低楼层 (共1层),南,560万,19826元/平米,2004年
溪地湾,1室1厅1厨1卫,61.25㎡,pidou,中楼层 (共31层),南,50万,8164元/平米,2015年
置信逸都C区,2室2厅1厨1卫,86㎡,pidou,高楼层 (共33层),东南,120万,13954元/平米,2012年
1958青年公馆,1室1厅1厨1卫,40㎡,pidou,高楼层 (共15层),东南,24万,6000元/平米,2013年
启明花园,5室2厅1厨3卫,198.06㎡,pidou,高楼层 (共6层),西南,145万,7322元/平米,未知年建/
成都后花园一期,4室2厅1厨4卫,298.2㎡,pidou,低楼层 (共3层),东南,550万,18444元/平米,2006年
中铁塔米亚,2室2厅1厨1卫,85.01㎡,pidou,中楼层 (共18层),东南,125万,14705元/平米,2011年
正成名城左岸,2室0厅1厨2卫,56.66㎡,pidou,高楼层 (共22层),东南,38万,6707元/平米,2008年
中信未来城南区,1室1厅1厨1卫,51.75㎡,pidou,高楼层 (共27层),南,65万,12561元/平米,2013年
中铁瑞景茗城二期,2室1厅1厨1卫,50.66㎡,pidou,低楼层 (共31层),东,40万,7896元/平米,未知年建
上风苑,2室2厅1厨1卫,72.35㎡,pidou,低楼层 (共28层),南,60万,8294元/平米,2012年
怡华居,1室0厅1厨1卫,31.85㎡,pidou,高楼层 (共6层),东北,22万,6908元/平米,2006年
龙湖弗莱明戈一期,4室5厅1厨3卫,117.39㎡,pidou,低楼层 (共34层),南,300万,25556元/平米,2012年
博园世家,3室2厅1厨2卫,117㎡,pidou,中楼层 (共7层),西南,110万,9402元/平米,2006年
中铁塔米亚,2室1厅1厨1卫,61.48㎡,pidou,中楼层 (共16层),西南,58万,9434元/平米,未知年建/
地矿人家,3室2厅1厨2卫,130.88㎡,pidou,低楼层 (共18层),西南,52万,3974元/平米,2000年
中铁奥维尔,2室2厅1厨2卫,91.35㎡,pidou,低楼层 (共6层),西南,120万,13137元/平米,2015年
泰立观筑,1室2厅1厨1卫,76.14㎡,pidou,中楼层 (共18层),西南,67万,8800元/平米,2011年
中信未来城南区,5室3厅1厨3卫,270.55㎡,pidou,低楼层 (共6层),西南,500万,18481元/平米,2013年
海骏达蜀都1号凯悦二期,2室1厅1厨1卫,73.74㎡,pidou,低楼层 (共30层),东北,110万,14918元/平米,2013年
书香府邸,1室1厅1厨1卫,60.55㎡,pidou,高楼层 (共15层),东南,80万,13213元/平米,2009年
绿地缤纷城A栋,1室1厅1厨1卫,57.72㎡,pidou,中楼层 (共18层),南,41万,7104元/平米,2013年
绿地国际花都三期,4室2厅1厨2卫,126.05㎡,pidou,高楼层 (共32层),西南,170万,13487元/平米,2014年
龙湖弗莱明戈一期,6室2厅2厨3卫,148.46㎡,pidou,低楼层 (共34层),西南,280万,18861元/平米,2012年
中铁塔米亚,2室1厅1厨1卫,61.48㎡,pidou,低楼层 (共16层),西南,60万,9760元/平米,2011年
溪地湾,1室0厅1厨1卫,37.56㎡,pidou,高楼层 (共31层),东南,32万,8520元/平米,2015年
今日田园,4室2厅1厨2卫,308㎡,pidou,低楼层 (共3层),东南,298万,9676元/平米,未知年建
成都后花园一期,5室2厅1厨4卫,329.82㎡,pidou,低楼层 (共3层),东南,660万,20011元/平米,2006年
今日田园,5室2厅1厨5卫,440㎡,pidou,低楼层 (共3层),东南,500万,11364元/平米,未知年建
西区花园白领公寓,1室0厅1厨1卫,38.79㎡,pidou,中楼层 (共6层),西北,28.8万,7425元/平米,2009年
龙城国际五期,1室0厅1厨1卫,32.56㎡,pidou,中楼层 (共28层),南,27万,8293元/平米,未知年建
一里阳光,3室2厅1厨2卫,121.53㎡,pidou,中楼层 (共6层),东南,106万,8723元/平米,2013年
中信未来城北区,3室2厅1厨2卫,25.85㎡,pidou,地下室 (共0层),东南,12万,4643元/平米,未知年建
溪地湾,1室1厅1厨1卫,37.56㎡,pidou,中楼层 (共31层),东南,28万,7455元/平米,2015年
锦绣东方,2室2厅1厨1卫,79.65㎡,pidou,低楼层 (共18层),东北,78万,9793元/平米,2015年
中铁西郡英华一期,7室3厅1厨3卫,256㎡,pidou,低楼层 (共3层),南,280万,10938元/平米,2012年
中铁西郡英华二期,3室2厅1厨1卫,89.71㎡,pidou,中楼层 (共31层),东南,100万,11148元/平米,2013年
中铁西郡英华二期,3室2厅1厨1卫,89.71㎡,pidou,中楼层 (共31层),东南,100万,11148元/平米,2013年
西锦集二期,1室1厅1厨1卫,46.59㎡,pidou,中楼层 (共11层),西南,43.8万,9402元/平米,未知年建/
西锦集二期,1室1厅1厨1卫,40.5㎡,pidou,中楼层 (共11层),东,38.5万,9507元/平米,未知年建/
中信未来城北区,4室1厅1厨2卫,108.93㎡,pidou,中楼层 (共33层),南,160万,14689元/平米,2013年
泰立观筑,1室0厅0厨0卫,98.89㎡,pidou,低楼层 (共18层),西南,78.4万,7929元/平米,2011年
中铁塔米亚,2室2厅1厨1卫,61.25㎡,pidou,中楼层 (共16层),东南,70万,11429元/平米,2011年
西锦集二期,2室2厅1厨1卫,73.55㎡,pidou,高楼层 (共6层),西南,90万,12237元/平米,未知年建
恒创蜀都公馆,3室2厅1厨1卫,91.95㎡,pidou,低楼层 (共24层),东南,110万,11964元/平米,2012年
惠丰丽城,2室2厅1厨1卫,95.75㎡,pidou,中楼层 (共11层),东南,90万,9400元/平米,未知年建/
派克公馆,3室2厅1厨2卫,133㎡,pidou,中楼层 (共12层),东北,230万,17294元/平米,2011年
傲城,2室1厅1厨1卫,70.13㎡,pidou,高楼层 (共31层),东北,125万,17825元/平米,2015年
怡华居,1室0厅1厨1卫,31.85㎡,pidou,中楼层 (共6层),东北,22万,6908元/平米,2006年
华侨凤凰国际城,4室2厅1厨2卫,132㎡,pidou,低楼层 (共24层),南,135万,10228元/平米,2016年
今日润园,5室2厅1厨3卫,289.69㎡,pidou,低楼层 (共2层),东南,360万,12428元/平米,2005年
今日润园,5室2厅1厨3卫,289.69㎡,pidou,低楼层 (共2层),西南,300万,10356元/平米,2005年
犀浦百伦广场,3室1厅1厨1卫,95.56㎡,pidou,低楼层 (共18层),西南 西北,125万,13081元/平米,未知年建/
溪地湾,1室0厅1厨1卫,35.47㎡,pidou,中楼层 (共31层),南,36万,10150元/平米,2015年
今日田园,5室2厅1厨3卫,377.69㎡,pidou,低楼层 (共3层),南,360万,9532元/平米,未知年建
怡华居,1室0厅1厨1卫,31.85㎡,pidou,高楼层 (共6层),东北,22万,6908元/平米,2006年
万基金蓝湾,1室0厅1厨1卫,37.71㎡,pidou,低楼层 (共18层),西南,26万,6895元/平米,2009年
上置雅宾利,2室2厅1厨1卫,81.5㎡,pidou,高楼层 (共24层),东南,90万,11043元/平米,2016年
万树森林二期,2室1厅1厨1卫,69.2㎡,pidou,低楼层 (共12层),东南,86万,12428元/平米,2008年
置信逸都D区,3室2厅1厨2卫,124.71㎡,pidou,高楼层 (共33层),东北,120万,9623元/平米,2014年
交大卡布里城,3室2厅1厨2卫,24.8㎡,pidou,低楼层 (共1层),北,15万,6049元/平米,2009年
中冶田园世界,3室2厅1厨1卫,89.53㎡,pidou,高楼层 (共30层),南,90万,10053元/平米,2013年
华润橡树湾A区,2室1厅1厨1卫,52.62㎡,pidou,高楼层 (共34层),南,100万,19005元/平米,2013年
上河苑,2室2厅1厨1卫,78.53㎡,pidou,中楼层 (共18层),东南,54万,6877元/平米,未知年建/
派克公馆,2室2厅1厨1卫,89.82㎡,pidou,高楼层 (共18层),西南,120万,13361元/平米,2011年
西区银座,6室2厅1厨2卫,80㎡,pidou,低楼层 (共18层),东南,98万,12250元/平米,2011年
启明花园,5室3厅1厨2卫,220㎡,pidou,低楼层 (共3层),南,180万,8182元/平米,2003年
西区银座,6室2厅1厨2卫,80㎡,pidou,低楼层 (共18层),东南,98万,12250元/平米,2011年
中信未来城南区,5室2厅1厨5卫,276.56㎡,pidou,中楼层 (共6层),南,560万,20249元/平米,2013年
怡景城市花苑,3室2厅1厨2卫,88.59㎡,pidou,中楼层 (共26层),东南,140万,15804元/平米,2013年
今日田园,8室3厅1厨3卫,468.36㎡,pidou,低楼层 (共3层),东南,800万,17081元/平米,2011年
华宇天府花城,2室1厅1厨1卫,68.3㎡,pidou,中楼层 (共31层),西北 东南,85万,12446元/平米,2015年
今日田园,5室2厅1厨4卫,350㎡,pidou,低楼层 (共3层),东南,280万,8000元/平米,未知年建
怡景城市花苑,4室2厅1厨3卫,88.12㎡,pidou,中楼层 (共26层),西南,140万,15888元/平米,2013年
澜溪郡,2室2厅1厨1卫,88.4㎡,pidou,中楼层 (共17层),东北,78万,8824元/平米,未知年建/
溪地湾,2室1厅1厨1卫,61.17㎡,pidou,中楼层 (共31层),东南,55万,8992元/平米,2015年
怡华居,1室2厅1厨1卫,48.68㎡,pidou,中楼层 (共6层),东,37万,7601元/平米,2006年
今日田园,5室2厅1厨5卫,371.75㎡,pidou,低楼层 (共3层),东南,550万,14795元/平米,未知年建
西区御景,5室2厅1厨2卫,183㎡,pidou,高楼层 (共6层),东南,140万,7651元/平米,2005年
中铁西郡英华一期,3室2厅1厨3卫,256㎡,pidou,低楼层 (共3层),东南,320万,12500元/平米,2012年
中铁西郡英华一期,3室2厅1厨2卫,196㎡,pidou,低楼层 (共3层),南,320万,16327元/平米,2012年
派克公馆,3室2厅1厨2卫,223.99㎡,pidou,低楼层 (共18层),东南,198万,8840元/平米,2011年
中信未来城南区,2室1厅1厨1卫,51.98㎡,pidou,低楼层 (共27层),东,65万,12505元/平米,2013年
君临天下,4室2厅1厨3卫,246.63㎡,pidou,低楼层 (共1层),西北,500万,20274元/平米,2004年
中冶田园世界,3室2厅1厨1卫,88.48㎡,pidou,高楼层 (共30层),西南,91万,10285元/平米,2013年
华侨凤凰国际城,3室2厅1厨2卫,93㎡,pidou,低楼层 (共33层),东南,110万,11828元/平米,2016年
阳光叠苑,2室1厅1厨1卫,79.8㎡,pidou,高楼层 (共4层),东南,55万,6893元/平米,未知年建
学林雅苑,5室2厅1厨4卫,273㎡,pidou,低楼层 (共3层),东南,420万,15385元/平米,2007年
学林雅苑,5室2厅1厨3卫,207㎡,pidou,低楼层 (共3层),南,480万,23189元/平米,2007年
景翔园,2室2厅1厨1卫,95㎡,pidou,高楼层 (共6层),南,108万,11369元/平米,2004年
景尚景一期,3室2厅1厨2卫,118㎡,pidou,中楼层 (共33层),南,160万,13560元/平米,2012年
惠丰丽城,3室2厅1厨2卫,168㎡,pidou,高楼层 (共11层),东南,290万,17262元/平米,未知年建/
中信未来城南区,5室2厅1厨5卫,276.56㎡,pidou,中楼层 (共6层),南 北,588万,21262元/平米,2013年
今日润园,5室3厅2厨3卫,259.32㎡,pidou,低楼层 (共2层),东南,330万,12726元/平米,2005年
书香府邸,1室1厅1厨1卫,55.36㎡,pidou,低楼层 (共16层),西南,78万,14090元/平米,2009年
书香府邸二期英伦,3室2厅1厨1卫,115.14㎡,pidou,低楼层 (共16层),西南,170万,14765元/平米,2011年
中铁伊萨贝拉,3室2厅1厨2卫,187㎡,pidou,高楼层 (共9层),西北,220万,11765元/平米,2010年
华侨凤凰国际城,2室2厅1厨1卫,75㎡,pidou,高楼层 (共33层),西南,90万,12000元/平米,2016年
合能四季城二期,3室2厅1厨1卫,94㎡,pidou,高楼层 (共29层),东北,138万,14681元/平米,2014年
今日田园,6室2厅1厨3卫,438.4㎡,pidou,低楼层 (共3层),南,400万,9125元/平米,未知年建
泰立观筑,2室2厅1厨1卫,99.89㎡,pidou,低楼层 (共18层),西南,90万,9010元/平米,2011年
怡华居,1室0厅1厨1卫,31.33㎡,pidou,高楼层 (共6层),南,22万,7023元/平米,2006年
怡景城市花苑,3室2厅1厨2卫,88.12㎡,pidou,中楼层 (共26层),西南,130万,14753元/平米,2013年
万基金蓝湾,1室1厅1厨1卫,37.71㎡,pidou,中楼层 (共18层),西南,27万,7160元/平米,2009年
景尚景二期,1室1厅1厨1卫,48.61㎡,pidou,高楼层 (共11层),东南,37万,7612元/平米,2010年
五彩城,3室2厅1厨2卫,109㎡,pidou,低楼层 (共32层),南,100万,9175元/平米,2014年
置信逸都B区,3室2厅1厨2卫,98.7㎡,pidou,高楼层 (共33层),南,115万,11652元/平米,2014年
祥和佳苑,2室1厅1厨1卫,86㎡,pidou,高楼层 (共6层),南,70万,8140元/平米,2004年
三九八新二区,2室2厅1厨1卫,103㎡,pidou,中楼层 (共6层),东南,71万,6894元/平米,2000年
上善天成二期,3室2厅1厨2卫,119.12㎡,pidou,低楼层 (共18层),东北,140万,11753元/平米,未知年建/
溪地湾,3室2厅1厨2卫,89㎡,pidou,低楼层 (共33层),西北,142万,15956元/平米,2015年
宜家小区,1室1厅1厨1卫,49.34㎡,pidou,低楼层 (共18层),东南,20万,4054元/平米,2000年
宜家小区,1室1厅1厨1卫,60㎡,pidou,低楼层 (共18层),东,20万,3334元/平米,2000年
西区银座,4室2厅1厨2卫,59.73㎡,pidou,低楼层 (共18层),东南,70万,11720元/平米,2011年
中铁瑞景茗城,3室2厅1厨2卫,112㎡,pidou,中楼层 (共31层),东,130万,11608元/平米,2012年
景尚景一期,4室1厅1厨2卫,147.28㎡,pidou,高楼层 (共33层),东南,155万,10525元/平米,2012年
绿地国际花都三期,2室2厅1厨1卫,74.07㎡,pidou,中楼层 (共32层),南,75万,10126元/平米,2014年
万基金蓝湾,3室2厅1厨2卫,135.5㎡,pidou,中楼层 (共24层),东南,125万,9226元/平米,2009年
尚林家园,2室1厅1厨1卫,79.9㎡,pidou,中楼层 (共26层),西南,91万,11390元/平米,2009年
合能四季城一期,2室1厅1厨1卫,63㎡,pidou,中楼层 (共29层),西北,90万,14286元/平米,2013年
华邑阳光里,4室2厅1厨2卫,99.61㎡,pidou,低楼层 (共30层),东南,135万,13553元/平米,2015年
三九八家属区,2室2厅1厨1卫,60㎡,pidou,中楼层 (共6层),西南,35万,5834元/平米,1999年
晨苑小区,2室2厅1厨1卫,77.47㎡,pidou,中楼层 (共6层),东南,48万,6196元/平米,未知年建
西都会,1室1厅1厨1卫,59㎡,pidou,中楼层 (共24层),西南,35万,5933元/平米,未知年建/
龙湖弗莱明戈一期,3室2厅1厨2卫,81㎡,pidou,低楼层 (共32层),东南,128万,15803元/平米,2012年
和平小区,3室2厅1厨1卫,101.09㎡,pidou,高楼层 (共6层),西南,76万,7519元/平米,2000年
上河苑,2室2厅1厨1卫,78.43㎡,pidou,中楼层 (共18层),东南,70万,8926元/平米,未知年建/
上河苑,3室2厅1厨2卫,93.08㎡,pidou,低楼层 (共18层),西南,77万,8273元/平米,未知年建/
上河苑,3室2厅1厨1卫,79.42㎡,pidou,中楼层 (共18层),东南,62万,7807元/平米,未知年建/
中信未来城南区,2室1厅1厨1卫,51.96㎡,pidou,低楼层 (共27层),南,68万,13087元/平米,2013年
崇兴小区,2室1厅1厨1卫,63.5㎡,pidou,高楼层 (共6层),东,50万,7875元/平米,2000年
星光大道A区,3室2厅1厨2卫,125.77㎡,pidou,高楼层 (共6层),西北,128万,10178元/平米,未知年建
中信未来城南区,2室1厅1厨1卫,52㎡,pidou,低楼层 (共27层),西北,65万,12500元/平米,2013年
交大万嘉蓉杏园,4室2厅1厨2卫,188.88㎡,pidou,中楼层 (共10层),东南 南,240万,12707元/平米,2011年
一里阳光,3室2厅1厨2卫,112.03㎡,pidou,中楼层 (共11层),西南,110万,9819元/平米,2013年
交大卡布里城,2室2厅1厨1卫,88.19㎡,pidou,高楼层 (共25层),西南,110万,12474元/平米,2009年
鹃城雅舍,4室2厅1厨3卫,199.12㎡,pidou,高楼层 (共6层),东南,150万,7534元/平米,2007年
三九八家属区,3室2厅1厨1卫,115.85㎡,pidou,高楼层 (共7层),东南,80万,6906元/平米,未知年建/
东大街41号,4室2厅1厨2卫,164.41㎡,pidou,中楼层 (共7层),西南,128万,7786元/平米,未知年建/
上河苑,3室1厅1厨1卫,78.27㎡,pidou,高楼层 (共18层),东南,65万,8305元/平米,未知年建/
派克公馆,2室2厅1厨1卫,87.53㎡,pidou,低楼层 (共12层),东南,140万,15995元/平米,2011年
西区地标,3室2厅1厨1卫,84.15㎡,pidou,低楼层 (共25层),东南,112万,13310元/平米,2010年
天邑宏御花园御苑,3室2厅1厨2卫,119.73㎡,pidou,中楼层 (共26层),西南,120万,10023元/平米,2016年
中信未来城南区,3室2厅1厨2卫,105㎡,pidou,高楼层 (共33层),西南,127万,12096元/平米,2013年
龙城国际,3室2厅1厨2卫,88.8㎡,pidou,低楼层 (共33层),东南,160万,18019元/平米,2013年
一里阳光,3室1厅1厨2卫,93.48㎡,pidou,高楼层 (共26层),西北,115万,12303元/平米,2013年
正成名城左岸,2室2厅1厨1卫,83.5㎡,pidou,低楼层 (共27层),东北,80万,9581元/平米,2008年
阳光小筑,1室1厅1厨1卫,49.89㎡,pidou,高楼层 (共12层),东南,41万,8219元/平米,未知年建
锦绣西苑二期,2室2厅1厨2卫,87.26㎡,pidou,低楼层 (共18层),西南,97万,11117元/平米,2010年
水榭花都,3室2厅1厨2卫,117㎡,pidou,中楼层 (共6层),东南,140万,11966元/平米,2008年
今日花园,4室3厅1厨3卫,173㎡,pidou,高楼层 (共6层),南,150万,8671元/平米,2006年
中铁西郡英华二期,3室2厅1厨1卫,89.92㎡,pidou,中楼层 (共31层),西南,115万,12790元/平米,2013年
和平小区,3室2厅1厨2卫,129㎡,pidou,低楼层 (共6层),东南,85万,6590元/平米,2000年
万树森林三期,2室2厅1厨2卫,91.44㎡,pidou,中楼层 (共23层),东南,45万,4922元/平米,2007年
龙湖弗莱明戈一期,3室3厅1厨2卫,92.7㎡,pidou,高楼层 (共34层),东南,200万,21575元/平米,2012年
华邑阳光里,3室2厅1厨2卫,98.26㎡,pidou,高楼层 (共30层),东南,155万,15775元/平米,2015年
华邑阳光里,3室2厅1厨2卫,98.26㎡,pidou,高楼层 (共30层),东南,155万,15775元/平米,2015年
河滨鹭岛,2室2厅1厨1卫,74.58㎡,pidou,高楼层 (共31层),南 北,73万,9789元/平米,2012年
万树森林三期,2室2厅1厨2卫,91.44㎡,pidou,中楼层 (共23层),东南,45万,4922元/平米,2007年
中铁瑞景茗城二期,2室1厅1厨1卫,50.66㎡,pidou,低楼层 (共31层),西南,45万,8883元/平米,未知年建
上河苑,3室2厅1厨2卫,93.18㎡,pidou,高楼层 (共18层),南,78万,8371元/平米,未知年建
西区御景,5室2厅1厨2卫,169.18㎡,pidou,高楼层 (共6层),东,140万,8276元/平米,未知年建/
水岸天城,2室2厅1厨1卫,104.55㎡,pidou,高楼层 (共11层),东南,100万,9565元/平米,2009年
崇兴小区,2室2厅1厨1卫,63.51㎡,pidou,低楼层 (共7层),南,42万,6614元/平米,2000年
中信未来城南区,4室2厅1厨2卫,130㎡,pidou,低楼层 (共33层),东南,185万,14231元/平米,2013年
溪地湾,2室1厅1厨1卫,52㎡,pidou,低楼层 (共31层),东,43万,8270元/平米,2015年
今日田园,5室2厅1厨2卫,290.11㎡,pidou,低楼层 (共3层),东,226万,7791元/平米,未知年建
平安小区,1室1厅1厨1卫,46.09㎡,pidou,低楼层 (共6层),西南,34万,7377元/平米,未知年建/
溪地湾,1室0厅1厨1卫,35.47㎡,pidou,中楼层 (共31层),东南,29万,8176元/平米,2015年
龙湖弗莱明戈二期,2室2厅1厨1卫,72㎡,pidou,中楼层 (共34层),西南,115万,15973元/平米,2012年
中信未来城北区,2室2厅1厨1卫,25.85㎡,pidou,地下室 (共0层),西南,12万,4643元/平米,未知年建
中信未来城北区,2室2厅1厨1卫,25.9㎡,pidou,地下室 (共0层),西南,12万,4634元/平米,未知年建
中信未来城北区,2室2厅1厨1卫,25.8㎡,pidou,地下室 (共0层),西南,12万,4652元/平米,未知年建
五彩城,3室2厅1厨1卫,98㎡,pidou,中楼层 (共32层),西,110万,11225元/平米,2014年
龙湖弗莱明戈二期,2室2厅1厨1卫,72㎡,pidou,高楼层 (共34层),东南,115万,15973元/平米,2012年
怡华居,1室0厅1厨1卫,31.32㎡,pidou,中楼层 (共6层),东南,23万,7344元/平米,2006年
华侨凤凰国际城,2室2厅1厨1卫,66.27㎡,pidou,高楼层 (共33层),西南,85万,12827元/平米,2015年
西城御景,2室2厅1厨1卫,76.89㎡,pidou,低楼层 (共27层),东南,80万,10405元/平米,2015年
五彩城,3室2厅1厨1卫,97㎡,pidou,高楼层 (共32层),东南,120万,12372元/平米,2014年
石牛小区,2室1厅1厨1卫,72.4㎡,pidou,高楼层 (共6层),西南,48万,6630元/平米,未知年建
宇众曼城,3室1厅1厨1卫,64.75㎡,pidou,高楼层 (共32层),东北,90万,13900元/平米,2013年
华邑阳光里,4室2厅1厨2卫,99.7㎡,pidou,高楼层 (共30层),西北,186万,18656元/平米,2015年
华润橡树湾B区,2室1厅1厨1卫,52.08㎡,pidou,高楼层 (共34层),东北,90万,17282元/平米,2013年
宇众曼城,3室1厅1厨1卫,65㎡,pidou,高楼层 (共32层),西南,100万,15385元/平米,2013年
金色外滩,1室1厅1厨1卫,45.37㎡,pidou,中楼层 (共11层),西南,40万,8817元/平米,未知年建/
西区花园水云涧,3室2厅1厨2卫,140.88㎡,pidou,中楼层 (共6层),东南,140万,9938元/平米,未知年建/
书香府邸二期英伦,3室2厅1厨2卫,121.92㎡,pidou,高楼层 (共16层),东南,200万,16405元/平米,2011年
华邑阳光里,4室2厅1厨2卫,106㎡,pidou,低楼层 (共8层),东南,210万,19812元/平米,2015年
上河苑,3室2厅1厨1卫,78.27㎡,pidou,低楼层 (共18层),东南,68万,8688元/平米,未知年建/
万树森林一期,3室2厅1厨2卫,138.98㎡,pidou,中楼层 (共11层),东南,158万,11369元/平米,2008年
西汇佳苑,3室2厅1厨1卫,85.47㎡,pidou,高楼层 (共6层),东南,70万,8191元/平米,未知年建/
万树森林三期,2室1厅1厨1卫,82.5㎡,pidou,高楼层 (共23层),东南,62万,7516元/平米,2007年
蜀都万达广场,4室2厅1厨2卫,99.8㎡,pidou,低楼层 (共30层),西南,100万,10021元/平米,2017年
置信逸都B区,3室2厅1厨2卫,115㎡,pidou,低楼层 (共33层),东南,160万,13914元/平米,2014年
正成名城左岸,3室2厅1厨2卫,22.6㎡,pidou,地下室 (共0层),西南,5.5万,2434元/平米,未知年建
万基金蓝湾,1室0厅1厨1卫,35㎡,pidou,中楼层 (共18层),南,21万,6000元/平米,2009年
西华枫林,3室2厅1厨2卫,128.01㎡,pidou,高楼层 (共6层),东南,98万,7656元/平米,2001年
中信未来城南区,4室2厅1厨2卫,120.17㎡,pidou,高楼层 (共33层),南 北,181万,15062元/平米,2013年
怡景城市花苑,3室1厅1厨1卫,73.36㎡,pidou,中楼层 (共26层),西北,88万,11996元/平米,2013年
傲城,3室1厅1厨1卫,81㎡,pidou,低楼层 (共31层),东南,120万,14815元/平米,2015年
绿地国际花都三期,4室2厅1厨2卫,126㎡,pidou,低楼层 (共32层),东南,130万,10318元/平米,2014年
上置雅宾利,4室1厅1厨2卫,110㎡,pidou,低楼层 (共24层),东南,130万,11819元/平米,2016年
华邑阳光里,2室1厅1厨1卫,71.78㎡,pidou,高楼层 (共30层),西南,115万,16022元/平米,2015年
正成名城左岸,2室2厅1厨1卫,86.63㎡,pidou,高楼层 (共18层),东南,75万,8658元/平米,2008年
一里阳光,2室2厅1厨1卫,66.15㎡,pidou,高楼层 (共31层),南,75万,11338元/平米,2015年
书香府邸二期英伦,2室1厅1厨1卫,80.27㎡,pidou,高楼层 (共16层),南,140万,17442元/平米,2011年
绿地国际花都三期,3室2厅1厨1卫,89.26㎡,pidou,中楼层 (共32层),南,130万,14565元/平米,2014年
蜀都万达广场,4室2厅1厨2卫,121.95㎡,pidou,中楼层 (共30层),西南 东北,125万,10251元/平米,2017年
锦绣东方,2室2厅1厨1卫,60.17㎡,pidou,中楼层 (共16层),东南,65万,10803元/平米,2015年
置信逸都D区,1室1厅1厨1卫,89.23㎡,pidou,中楼层 (共21层),东南,89.3万,10000元/平米,2014年
置信逸都D区,1室1厅1厨1卫,94.35㎡,pidou,中楼层 (共21层),东南,94.4万,10000元/平米,2014年
置信逸都D区,1室1厅1厨1卫,94.35㎡,pidou,中楼层 (共21层),东南,94.4万,10000元/平米,2014年
置信逸都D区,1室1厅1厨1卫,89.44㎡,pidou,中楼层 (共21层),东南,89.5万,10000元/平米,2014年
尚林家园,3室2厅1厨1卫,130.96㎡,pidou,中楼层 (共26层),东南,160万,12218元/平米,2009年
今日田园,5室2厅1厨3卫,318.5㎡,pidou,低楼层 (共3层),东南,245万,7693元/平米,未知年建
泰立观筑,1室0厅0厨0卫,97.43㎡,pidou,高楼层 (共18层),南,55万,5646元/平米,2011年
今日田园,5室2厅1厨4卫,438.4㎡,pidou,低楼层 (共3层),西南,356万,8121元/平米,未知年建
华润橡树湾A区,5室2厅1厨4卫,30.43㎡,pidou,地下室 (共0层),西北,110万,36149元/平米,2013年
今日田园,5室2厅1厨2卫,169.14㎡,pidou,低楼层 (共3层),南,160万,9460元/平米,未知年建
晨苑小区,4室2厅1厨2卫,144.47㎡,pidou,高楼层 (共6层),西南,76万,5261元/平米,未知年建
国安尚郡,1室1厅1厨1卫,36.77㎡,pidou,中楼层 (共16层),西南,27万,7343元/平米,2007年
宇众悦府,3室2厅1厨2卫,78.18㎡,pidou,低楼层 (共24层),南 西南,110万,14071元/平米,2013年
龙城国际,3室2厅1厨2卫,65.3㎡,pidou,地下室 (共0层),东,11万,1685元/平米,未知年建
上置雅宾利,2室2厅1厨1卫,81.54㎡,pidou,中楼层 (共24层),西北,81万,9934元/平米,2016年
中信未来城南区,1室1厅1厨1卫,51.86㎡,pidou,低楼层 (共27层),南 北,65万,12534元/平米,2013年
龙城国际,1室1厅1厨1卫,99.98㎡,pidou,地下室 (共0层),东,10万,1001元/平米,未知年建
绿地国际花都三期,4室2厅1厨2卫,124㎡,pidou,中楼层 (共32层),南,130万,10484元/平米,2014年
鹃城帝景,3室2厅1厨2卫,127㎡,pidou,高楼层 (共11层),西南,115万,9056元/平米,2008年
绿地国际花都三期,2室2厅1厨1卫,74㎡,pidou,中楼层 (共32层),西南,80万,10811元/平米,2014年
华润橡树湾A区,2室2厅1厨1卫,31.39㎡,pidou,地下室 (共0层),东,10万,3186元/平米,2013年
万基金蓝湾,1室0厅1厨1卫,34.9㎡,pidou,高楼层 (共18层),西北,22万,6304元/平米,2009年
今日田园,4室3厅1厨5卫,292㎡,pidou,低楼层 (共3层),东南,360万,12329元/平米,未知年建
今日田园,5室3厅2厨3卫,377.69㎡,pidou,低楼层 (共3层),南,450万,11915元/平米,未知年建
华润橡树湾A区,5室3厅2厨3卫,31.08㎡,pidou,地下室 (共0层),东,10万,3218元/平米,2013年
华润橡树湾A区,3室2厅1厨2卫,83.32㎡,pidou,低楼层 (共34层),东北,140万,16803元/平米,2013年
交大卡布里城,4室2厅1厨2卫,132㎡,pidou,中楼层 (共25层),南,200万,15152元/平米,2009年
金枫名苑,2室1厅1厨1卫,62.43㎡,pidou,中楼层 (共18层),西南,90万,14417元/平米,2013年
书香府邸二期英伦,2室2厅1厨1卫,82.26㎡,pidou,低楼层 (共16层),东,130万,15804元/平米,2011年
中信未来城北区,4室1厅1厨2卫,108.68㎡,pidou,低楼层 (共33层),南,150万,13802元/平米,2013年
绿地国际花都三期,3室1厅1厨1卫,88.64㎡,pidou,高楼层 (共32层),西,120万,13538元/平米,2014年
合能四季城一期,2室1厅1厨1卫,62.71㎡,pidou,中楼层 (共29层),西北,80万,12758元/平米,2013年
绿地国际花都三期,2室2厅1厨1卫,73.76㎡,pidou,低楼层 (共32层),西南,85万,11524元/平米,2014年
成都后花园二期,4室2厅1厨3卫,265.43㎡,pidou,低楼层 (共12层),南,410万,15447元/平米,2011年
正成名城左岸,3室2厅1厨1卫,101㎡,pidou,低楼层 (共27层),西南,98万,9703元/平米,2008年
景尚景一期,2室2厅1厨1卫,86.58㎡,pidou,中楼层 (共33层),南,99万,11435元/平米,2012年
华润橡树湾A区,2室2厅1厨1卫,31.08㎡,pidou,地下室 (共0层),东,10万,3218元/平米,2013年
华润橡树湾A区,3室2厅1厨2卫,83.32㎡,pidou,低楼层 (共34层),东北,140万,16803元/平米,2013年
交大卡布里城,4室2厅1厨2卫,132㎡,pidou,中楼层 (共25层),南,200万,15152元/平米,2009年
中冶田园世界,3室2厅1厨2卫,119.02㎡,pidou,低楼层 (共25层),东南,115万,9663元/平米,2013年
欣洋城,5室2厅1厨3卫,187.94㎡,pidou,高楼层 (共6层),西南,90万,4789元/平米,未知年建/
鹃城帝景,3室2厅1厨2卫,127㎡,pidou,高楼层 (共11层),西南,115万,9056元/平米,2008年
中信未来城北区,3室2厅1厨1卫,89㎡,pidou,低楼层 (共33层),西南,130万,14607元/平米,2013年
中信未来城南区,1室1厅1厨1卫,51.98㎡,pidou,中楼层 (共27层),东南,65万,12505元/平米,2013年
龙湖弗莱明戈一期,1室1厅1厨1卫,25㎡,pidou,地下室 (共1层),南,12万,4800元/平米,未知年建
