加贝书香尚品,2室1厅1厨1卫,75.64㎡,shuangliu,中楼层 (共14层),东,95万,12560元/平米,2007年
欧城花园,4室2厅1厨3卫,180.16㎡,shuangliu,高楼层 (共6层),西南,130万,7216元/平米,2003年
景茂名都,3室2厅1厨2卫,98.3㎡,shuangliu,高楼层 (共13层),南,152万,15463元/平米,2012年
欧城雅典,3室2厅1厨3卫,115.42㎡,shuangliu,高楼层 (共11层),东南,130万,11264元/平米,2010年
宗申流溪丽园,2室2厅1厨1卫,88.03㎡,shuangliu,低楼层 (共6层),西北,125万,14200元/平米,2007年
富豪新岸,3室2厅1厨4卫,160.04㎡,shuangliu,高楼层 (共6层),南 北,270万,16871元/平米,2010年
空港十六区,2室2厅1厨1卫,85.49㎡,shuangliu,高楼层 (共18层),东南,112万,13101元/平米,2009年
锦绣华都,3室2厅1厨2卫,123.2㎡,shuangliu,高楼层 (共6层),南,118万,9578元/平米,2005年
蛟龙银座,3室2厅1厨1卫,134.47㎡,shuangliu,低楼层 (共17层),东,108万,8032元/平米,未知年建/
川大河畔,5室3厅1厨2卫,166.71㎡,shuangliu,高楼层 (共6层),南 北,195万,11697元/平米,2005年
花样年别样城,2室2厅1厨1卫,83.09㎡,shuangliu,低楼层 (共6层),东,95万,11434元/平米,2005年
温哥华花园,3室2厅1厨2卫,122.64㎡,shuangliu,高楼层 (共9层),东,173万,14107元/平米,2006年
川大河畔,3室2厅1厨2卫,98.91㎡,shuangliu,中楼层 (共6层),西,105万,10616元/平米,2005年
佳禾永福,3室2厅1厨1卫,93.83㎡,shuangliu,低楼层 (共6层),东南,96万,10232元/平米,未知年建/
和贵久居福,2室2厅1厨1卫,87.2㎡,shuangliu,高楼层 (共18层),东,128万,14679元/平米,2008年
和贵久居福,2室2厅1厨1卫,80.23㎡,shuangliu,低楼层 (共18层),南,120万,14957元/平米,2008年
洗甲巷小区,2室1厅1厨1卫,66㎡,shuangliu,中楼层 (共5层),东南,58万,8788元/平米,未知年建
空港十六区,4室2厅1厨3卫,173.35㎡,shuangliu,低楼层 (共18层),北,202万,11653元/平米,2009年
富豪新岸,3室2厅1厨2卫,122.56㎡,shuangliu,中楼层 (共8层),西,182万,14850元/平米,未知年建/
宗申流溪丽园,3室2厅1厨2卫,119.1㎡,shuangliu,低楼层 (共6层),南,150万,12595元/平米,2007年
空港首座,2室2厅1厨1卫,72.74㎡,shuangliu,中楼层 (共16层),南,109万,14985元/平米,2013年
成都新天地,2室2厅1厨1卫,60.22㎡,shuangliu,中楼层 (共17层),南,55万,9134元/平米,2010年
景茂名都,2室2厅1厨1卫,83.25㎡,shuangliu,中楼层 (共13层),东,120万,14415元/平米,2012年
东立国际花城,1室2厅1厨1卫,52㎡,shuangliu,中楼层 (共14层),西南,66万,12693元/平米,2015年
温哥华花园,2室2厅1厨1卫,98.28㎡,shuangliu,低楼层 (共9层),西南,126万,12821元/平米,2006年
通瑞月光湖,2室2厅1厨1卫,81.5㎡,shuangliu,中楼层 (共23层),西南,115万,14111元/平米,未知年建/
大成天府景秀,3室2厅1厨2卫,141.18㎡,shuangliu,中楼层 (共6层),东南,135万,9563元/平米,2005年
东立国际花城,2室2厅1厨1卫,93㎡,shuangliu,高楼层 (共14层),南,130万,13979元/平米,2015年
空港十六区,2室2厅1厨1卫,88.05㎡,shuangliu,低楼层 (共17层),南,128万,14538元/平米,2009年
蛟龙银座,3室2厅1厨2卫,134.6㎡,shuangliu,低楼层 (共17层),东,95万,7058元/平米,未知年建/
瑞升明院,1室2厅1厨1卫,57.35㎡,shuangliu,高楼层 (共12层),北,65万,11334元/平米,未知年建/
锦绣楠郡,1室2厅1厨1卫,56.26㎡,shuangliu,中楼层 (共18层),东南,59万,10488元/平米,2000年
艾佳上邸,2室2厅1厨1卫,61.56㎡,shuangliu,低楼层 (共12层),东南,75万,12184元/平米,2009年
人居都市阳光,3室2厅1厨2卫,126㎡,shuangliu,中楼层 (共16层),南,155万,12302元/平米,2010年
花样年别样城,2室2厅1厨1卫,83.09㎡,shuangliu,高楼层 (共6层),东,100万,12036元/平米,2005年
华银美景,3室2厅1厨2卫,124㎡,shuangliu,低楼层 (共6层),东南,179.8万,14500元/平米,2010年
锦江苑,3室2厅1厨1卫,95.39㎡,shuangliu,低楼层 (共7层),南,96万,10064元/平米,未知年建/
康桥品上,4室2厅1厨2卫,127.37㎡,shuangliu,高楼层 (共17层),北,182万,14290元/平米,2009年
景茂名都,3室1厅1厨2卫,83.3㎡,shuangliu,低楼层 (共13层),北,200万,24010元/平米,2012年
紫东润院,2室2厅1厨2卫,86.03㎡,shuangliu,中楼层 (共11层),西南,108万,12554元/平米,未知年建/
水电五局成都基地常乐小区,2室1厅1厨1卫,88.96㎡,shuangliu,中楼层 (共7层),南,95万,10679元/平米,2000年
东立国际花城,2室1厅1厨1卫,85.44㎡,shuangliu,低楼层 (共13层),南,115万,13460元/平米,2015年
欧洲印象,2室1厅1厨1卫,57.31㎡,shuangliu,中楼层 (共22层),南,90万,15705元/平米,2012年
翰林南城,2室2厅1厨1卫,76.6㎡,shuangliu,低楼层 (共6层),南,102万,13316元/平米,2007年
翰林上岛,2室1厅1厨1卫,70㎡,shuangliu,低楼层 (共16层),东,96万,13715元/平米,2008年
和贵久居福,3室2厅1厨2卫,122.38㎡,shuangliu,高楼层 (共18层),北,205万,16752元/平米,2008年
富豪逸阳华庭,4室2厅1厨3卫,170.77㎡,shuangliu,高楼层 (共6层),南,245万,14347元/平米,未知年建/
人居都市阳光,3室2厅1厨2卫,138.15㎡,shuangliu,高楼层 (共18层),北,170万,12306元/平米,2010年
翰林上岛,2室2厅1厨1卫,65.08㎡,shuangliu,低楼层 (共16层),东,112万,17210元/平米,2008年
大成天府景秀二期,3室2厅1厨2卫,137.35㎡,shuangliu,中楼层 (共5层),西南,140万,10193元/平米,2005年
康桥品上,4室2厅1厨2卫,140.7㎡,shuangliu,低楼层 (共17层),东,192万,13647元/平米,2009年
华兴家园,3室2厅1厨2卫,120.86㎡,shuangliu,低楼层 (共6层),东,95万,7861元/平米,未知年建
紫东润院,3室2厅1厨2卫,134.01㎡,shuangliu,高楼层 (共7层),东南,160万,11940元/平米,未知年建/
温哥华南苑,2室1厅1厨1卫,60.99㎡,shuangliu,中楼层 (共16层),北,87万,14265元/平米,2013年
温哥华南苑,2室1厅1厨1卫,61㎡,shuangliu,中楼层 (共16层),西,87万,14263元/平米,2013年
花样年别样城,3室2厅1厨2卫,127.44㎡,shuangliu,中楼层 (共5层),东南,150万,11771元/平米,2005年
川大河畔,4室2厅1厨2卫,131.78㎡,shuangliu,高楼层 (共6层),东,155万,11763元/平米,2005年
和贵久居福,3室2厅1厨2卫,110.79㎡,shuangliu,高楼层 (共18层),东,167万,15074元/平米,2008年
东立国际花城,2室2厅1厨1卫,79㎡,shuangliu,高楼层 (共14层),北,100万,12659元/平米,2015年
温哥华花园六期,3室2厅1厨2卫,102.37㎡,shuangliu,中楼层 (共16层),西,140万,13676元/平米,2013年
山南电信,4室2厅1厨2卫,165.9㎡,shuangliu,高楼层 (共7层),南,82万,4943元/平米,2000年
空港首座,2室2厅1厨1卫,80.64㎡,shuangliu,高楼层 (共16层),南,120万,14881元/平米,2013年
西安路小区,4室2厅1厨2卫,121.7㎡,shuangliu,高楼层 (共6层),南,80万,6574元/平米,未知年建
蓝光圣菲town城,2室1厅1厨1卫,77.23㎡,shuangliu,中楼层 (共22层),东,145万,18776元/平米,2009年
弘民新城,3室2厅1厨2卫,133.49㎡,shuangliu,中楼层 (共5层),南,145万,10863元/平米,未知年建
康桥品上,2室2厅1厨1卫,91.53㎡,shuangliu,高楼层 (共17层),南,140万,15296元/平米,2009年
人居都市阳光,3室2厅1厨2卫,139.96㎡,shuangliu,低楼层 (共18层),东,190万,13576元/平米,2010年
蓝光圣菲town城,2室1厅1厨1卫,76.46㎡,shuangliu,中楼层 (共23层),南,130万,17003元/平米,2009年
温哥华花园五期,2室2厅1厨2卫,85.28㎡,shuangliu,高楼层 (共16层),南,125万,14658元/平米,2013年
鑫东祥瑞,3室2厅1厨2卫,123.82㎡,shuangliu,中楼层 (共12层),南,165万,13326元/平米,未知年建/
白家雅园,4室2厅1厨3卫,179.49㎡,shuangliu,高楼层 (共6层),南,251万,13985元/平米,未知年建
人居都市阳光,3室2厅1厨2卫,139.78㎡,shuangliu,低楼层 (共18层),东,158万,11304元/平米,2010年
锦绣华都,4室2厅1厨2卫,179.03㎡,shuangliu,高楼层 (共6层),东,173万,9664元/平米,2005年
北京城建龙樾湾,2室2厅1厨1卫,98.66㎡,shuangliu,低楼层 (共39层),东,140万,14191元/平米,2014年
南阳锦城香樟阁,3室2厅1厨1卫,90.46㎡,shuangliu,低楼层 (共6层),西北,98万,10834元/平米,2008年
锦绣楠郡,3室2厅1厨2卫,120.25㎡,shuangliu,低楼层 (共18层),东南,126万,10479元/平米,2000年
蓝光圣菲town城,3室2厅1厨2卫,106㎡,shuangliu,低楼层 (共22层),北,197万,18585元/平米,2009年
东立国际花城,2室2厅1厨1卫,88.93㎡,shuangliu,中楼层 (共15层),南,120万,13494元/平米,2015年
空港十六区,3室2厅1厨2卫,131.61㎡,shuangliu,低楼层 (共18层),南,180万,13677元/平米,2009年
蓝光圣菲town城,3室2厅1厨2卫,110.17㎡,shuangliu,高楼层 (共22层),东,187万,16974元/平米,2009年
蓝光圣菲town城,2室2厅1厨1卫,79.01㎡,shuangliu,高楼层 (共23层),南,135万,17087元/平米,2009年
康桥品上,3室2厅1厨2卫,105㎡,shuangliu,低楼层 (共17层),东 西,150万,14286元/平米,2009年
贵通御苑映月湾,3室2厅1厨2卫,116㎡,shuangliu,低楼层 (共16层),北,150万,12932元/平米,2014年
欧香苑,2室2厅1厨1卫,85.76㎡,shuangliu,低楼层 (共6层),南,100万,11661元/平米,未知年建/
嘉美地,3室2厅1厨1卫,85㎡,shuangliu,高楼层 (共26层),西,152万,17883元/平米,2012年
空港首座,2室1厅1厨1卫,66.41㎡,shuangliu,高楼层 (共16层),南,91万,13703元/平米,2013年
和贵久居福,3室2厅1厨2卫,108.86㎡,shuangliu,中楼层 (共17层),东 南,155万,14239元/平米,2008年
和贵久居福,2室1厅1厨1卫,90.48㎡,shuangliu,高楼层 (共18层),东,128万,14147元/平米,2008年
宗申流溪丽园,3室1厅1厨1卫,87.12㎡,shuangliu,低楼层 (共6层),东,150万,17218元/平米,2007年
空港之星,3室1厅1厨1卫,90.28㎡,shuangliu,高楼层 (共17层),西南,120万,13292元/平米,2011年
富豪佳苑二期,3室2厅1厨1卫,139.4㎡,shuangliu,中楼层 (共7层),南 北,110万,7891元/平米,2003年
富豪新岸,2室2厅1厨1卫,79.44㎡,shuangliu,低楼层 (共6层),北,130万,16365元/平米,2010年
贾家巷42号,3室2厅1厨2卫,129.8㎡,shuangliu,中楼层 (共6层),东南,91万,7011元/平米,未知年建/
双樱阁,1室1厅1厨1卫,48.85㎡,shuangliu,中楼层 (共17层),北,68万,13921元/平米,2010年
贵通御苑三期,2室2厅1厨1卫,73.13㎡,shuangliu,中楼层 (共14层),东南,103万,14085元/平米,2011年
温哥华花园五期,2室2厅1厨1卫,64.32㎡,shuangliu,低楼层 (共16层),东南,88万,13682元/平米,2013年
北京城建龙樾湾,4室2厅1厨2卫,198㎡,shuangliu,高楼层 (共38层),南,260万,13132元/平米,未知年建/
空港十六区,3室2厅1厨2卫,133.59㎡,shuangliu,高楼层 (共17层),南,145万,10855元/平米,2009年
四季金悦,2室1厅1厨2卫,87.36㎡,shuangliu,高楼层 (共12层),南,121万,13851元/平米,未知年建
水云花都,3室2厅1厨2卫,148.27㎡,shuangliu,高楼层 (共6层),东南,112万,7554元/平米,未知年建
宗申流溪丽园,4室2厅1厨2卫,140.33㎡,shuangliu,高楼层 (共6层),南,190万,13540元/平米,2007年
时代锦城,2室2厅1厨1卫,68.4㎡,shuangliu,中楼层 (共15层),东,96万,14036元/平米,2011年
东立国际花城,1室1厅1厨1卫,52.58㎡,shuangliu,中楼层 (共13层),南 北,67万,12743元/平米,2015年
上优水岸,4室2厅2厨2卫,105㎡,shuangliu,高楼层 (共6层),南,170万,16191元/平米,2006年
学府嘉苑,5室2厅1厨2卫,225.61㎡,shuangliu,中楼层 (共6层),南,195万,8644元/平米,2007年
瑞升明院,9室0厅0厨9卫,56.77㎡,shuangliu,低楼层 (共12层),南,56万,9865元/平米,2009年
国栋南园五星城,3室1厅1厨2卫,142.49㎡,shuangliu,低楼层 (共17层),南,125万,8773元/平米,2010年
空港星品地,1室1厅1厨1卫,57.31㎡,shuangliu,中楼层 (共14层),东南,68万,11866元/平米,2013年
大成天府景秀,3室2厅1厨2卫,137.66㎡,shuangliu,低楼层 (共6层),东,150万,10897元/平米,2005年
富豪新岸,3室2厅1厨1卫,108.35㎡,shuangliu,低楼层 (共12层),西,165万,15229元/平米,2010年
成都新天地,2室2厅1厨1卫,93.92㎡,shuangliu,中楼层 (共16层),东北,135万,14374元/平米,2010年
温哥华南苑,1室1厅1厨1卫,61㎡,shuangliu,高楼层 (共16层),南,90万,14755元/平米,2013年
海棠金宇,4室2厅1厨2卫,157.85㎡,shuangliu,低楼层 (共6层),东南,128万,8109元/平米,未知年建/
温哥华花园五期,3室2厅1厨2卫,91.02㎡,shuangliu,中楼层 (共16层),南,132万,14503元/平米,2013年
国奥村,5室3厅1厨3卫,156.8㎡,shuangliu,高楼层 (共7层),东南,455万,29018元/平米,未知年建/
佳兆业8号,3室2厅1厨2卫,89.5㎡,shuangliu,中楼层 (共14层),南,160万,17878元/平米,2014年
东立国际花城,3室2厅1厨2卫,122.01㎡,shuangliu,低楼层 (共14层),南,158万,12950元/平米,2015年
成都新天地,2室2厅1厨1卫,64.1㎡,shuangliu,高楼层 (共17层),北,60万,9361元/平米,2010年
上优水岸,2室2厅1厨1卫,82.41㎡,shuangliu,中楼层 (共6层),东南,112万,13591元/平米,2006年
蓝光圣菲town城,2室1厅1厨1卫,79.51㎡,shuangliu,中楼层 (共23层),西北,130万,16351元/平米,2009年
大成郡,3室2厅1厨1卫,95.85㎡,shuangliu,中楼层 (共15层),北,153万,15963元/平米,2015年
蓝光圣菲town城,3室2厅1厨2卫,109㎡,shuangliu,低楼层 (共22层),东南,185万,16973元/平米,2009年
缔煌城电梯公寓,2室1厅1厨1卫,104㎡,shuangliu,中楼层 (共14层),东南,166万,15962元/平米,未知年建/
蓝光圣菲town城,3室2厅1厨1卫,88.8㎡,shuangliu,高楼层 (共23层),南,150万,16892元/平米,2009年
蓝光圣菲town城,3室2厅1厨1卫,85.57㎡,shuangliu,低楼层 (共23层),西北,149万,17413元/平米,2009年
景茂名都,2室2厅1厨1卫,83.5㎡,shuangliu,低楼层 (共13层),南,120万,14372元/平米,2012年
翰林南城,3室2厅1厨1卫,120.62㎡,shuangliu,中楼层 (共15层),南 北,160万,13265元/平米,2007年
花样年别样城,3室2厅1厨2卫,127.57㎡,shuangliu,低楼层 (共6层),东南,138万,10818元/平米,2005年
蓝光圣菲town城,2室2厅1厨1卫,80.63㎡,shuangliu,低楼层 (共23层),西北,141万,17488元/平米,2009年
加贝书香尚品,2室2厅1厨1卫,78.58㎡,shuangliu,高楼层 (共15层),南,100万,12726元/平米,2007年
空港首座,2室2厅1厨1卫,75.86㎡,shuangliu,低楼层 (共16层),东 西北,103万,13578元/平米,2013年
和贵久居福,2室2厅1厨1卫,87.2㎡,shuangliu,高楼层 (共18层),南,139万,15941元/平米,2008年
新碧园,2室1厅1厨1卫,84.6㎡,shuangliu,低楼层 (共13层),东南,138万,16313元/平米,2014年
阳光地中海,3室2厅1厨2卫,107.12㎡,shuangliu,中楼层 (共14层),西,155万,14470元/平米,2016年
加贝书香尚品,2室2厅1厨1卫,76.2㎡,shuangliu,高楼层 (共14层),南,106万,13911元/平米,2007年
和贵久居福,3室2厅1厨2卫,128.4㎡,shuangliu,低楼层 (共18层),南,190万,14798元/平米,2008年
弗客城,3室2厅1厨1卫,89.13㎡,shuangliu,中楼层 (共18层),西,130万,14586元/平米,2011年
空港首座,3室1厅1厨1卫,80.74㎡,shuangliu,高楼层 (共16层),南,120万,14863元/平米,2013年
加贝书香尚品,2室1厅1厨1卫,65.8㎡,shuangliu,高楼层 (共15层),南,93万,14134元/平米,2007年
蓝光圣菲town城,2室2厅1厨1卫,78.25㎡,shuangliu,高楼层 (共23层),西,138万,17636元/平米,2009年
佳兆业8号,3室1厅1厨2卫,91.8㎡,shuangliu,高楼层 (共14层),南,147万,16014元/平米,2014年
蓝光圣菲town城,2室2厅1厨1卫,70.33㎡,shuangliu,低楼层 (共23层),东南,120万,17063元/平米,2009年
王府锦苑,4室2厅2厨1卫,137.1㎡,shuangliu,高楼层 (共6层),北,170万,12400元/平米,2008年
花样年别样城,4室2厅1厨2卫,180.24㎡,shuangliu,高楼层 (共6层),东,160万,8878元/平米,2005年
锦绣华都,4室2厅1厨2卫,169.1㎡,shuangliu,高楼层 (共6层),西南,120万,7097元/平米,2005年
通瑞月光湖,2室2厅1厨1卫,81.43㎡,shuangliu,中楼层 (共26层),西,109万,13386元/平米,未知年建/
文星花园,3室2厅1厨1卫,93.94㎡,shuangliu,低楼层 (共18层),南,122万,12988元/平米,2010年
人居都市阳光,3室2厅1厨2卫,124.72㎡,shuangliu,中楼层 (共18层),南,150万,12027元/平米,2010年
北京城建龙樾湾,4室2厅1厨2卫,142.93㎡,shuangliu,低楼层 (共37层),北 东北,195万,13644元/平米,2014年
中信城右岸,3室2厅1厨1卫,89.99㎡,shuangliu,低楼层 (共26层),东,160万,17780元/平米,未知年建/
康桥品上,3室2厅1厨2卫,128.27㎡,shuangliu,低楼层 (共17层),东,168万,13098元/平米,2009年
东立国际花城,1室1厅1厨1卫,49.5㎡,shuangliu,中楼层 (共13层),北,70万,14142元/平米,2015年
紫东阁社区农发局宿舍,4室2厅1厨3卫,192.25㎡,shuangliu,中楼层 (共6层),南,160万,8323元/平米,未知年建
欧洲印象,2室2厅1厨1卫,84.87㎡,shuangliu,高楼层 (共23层),南,135万,15907元/平米,2012年
棠湖北路57号,3室2厅1厨1卫,102㎡,shuangliu,高楼层 (共5层),北,76万,7451元/平米,未知年建
东明街48号,2室1厅1厨1卫,81㎡,shuangliu,低楼层 (共7层),东南 西,65万,8025元/平米,未知年建
欧香苑,2室1厅1厨1卫,80.14㎡,shuangliu,低楼层 (共6层),南,68.2万,8511元/平米,未知年建/
翰林上岛,3室1厅1厨1卫,88.86㎡,shuangliu,中楼层 (共16层),南,150万,16881元/平米,2008年
国奥村,3室2厅1厨2卫,137.94㎡,shuangliu,中楼层 (共13层),南,220万,15949元/平米,2012年
空港新天地,2室2厅1厨1卫,85.62㎡,shuangliu,低楼层 (共15层),南,115万,13432元/平米,2010年
空港上辰,3室1厅1厨2卫,102.71㎡,shuangliu,中楼层 (共14层),西北,150万,14605元/平米,2013年
嘉美地,3室2厅1厨1卫,89㎡,shuangliu,中楼层 (共24层),东南,175万,19663元/平米,2012年
温哥华花园六期,3室1厅1厨1卫,98.99㎡,shuangliu,中楼层 (共16层),南,160万,16164元/平米,未知年建/
温哥华花园六期,3室2厅1厨2卫,100.23㎡,shuangliu,中楼层 (共16层),南 北,146万,14567元/平米,未知年建/
蓝光圣菲town城,3室2厅1厨2卫,106.87㎡,shuangliu,低楼层 (共22层),南,180万,16843元/平米,2009年
和贵久居福,2室2厅1厨1卫,87㎡,shuangliu,低楼层 (共17层),北,125万,14368元/平米,2008年
花样年别样城,3室2厅1厨2卫,141.78㎡,shuangliu,低楼层 (共6层),南 西南,120万,8464元/平米,2005年
大成天府景秀,3室2厅1厨2卫,137.18㎡,shuangliu,低楼层 (共6层),南,137万,9987元/平米,2005年
一杆旗南二段27号,4室2厅1厨3卫,199.84㎡,shuangliu,中楼层 (共6层),南,175万,8758元/平米,未知年建
大成天府景秀,3室2厅1厨2卫,142.01㎡,shuangliu,高楼层 (共6层),东南,139万,9789元/平米,2005年
上优水岸,2室2厅1厨1卫,83.12㎡,shuangliu,中楼层 (共6层),南,108万,12994元/平米,2006年
翰林南城,2室1厅1厨1卫,88.7㎡,shuangliu,中楼层 (共15层),西,110万,12402元/平米,2007年
锦绣楠郡,3室2厅1厨2卫,121㎡,shuangliu,低楼层 (共18层),南,128万,10579元/平米,2000年
翰林上岛,3室2厅1厨2卫,107.8㎡,shuangliu,高楼层 (共16层),西 北,158万,14657元/平米,2008年
温哥华南苑,1室1厅1厨1卫,40.05㎡,shuangliu,低楼层 (共16层),南,60万,14982元/平米,2013年
新碧园,2室2厅1厨1卫,85.7㎡,shuangliu,中楼层 (共13层),西南,128万,14936元/平米,未知年建
棠湖帝景,3室2厅1厨2卫,146.72㎡,shuangliu,低楼层 (共11层),西南,190万,12950元/平米,未知年建/
华银美景,3室2厅1厨2卫,116.5㎡,shuangliu,高楼层 (共18层),西,186万,15966元/平米,2010年
空港国际城一期,1室1厅1厨1卫,62.9㎡,shuangliu,中楼层 (共13层),东,68万,10811元/平米,2013年
花样年别样城,2室2厅1厨1卫,85.38㎡,shuangliu,中楼层 (共6层),南,101万,11830元/平米,2005年
蓝光圣菲town城,2室2厅1厨1卫,76.94㎡,shuangliu,高楼层 (共23层),北,122万,15857元/平米,2009年
成都国韵村,4室3厅1厨2卫,185㎡,shuangliu,低楼层 (共9层),南,263万,14217元/平米,2014年
华银美景,3室2厅1厨2卫,129.39㎡,shuangliu,低楼层 (共6层),南,205万,15844元/平米,2010年
双樱阁,1室1厅1厨1卫,50.56㎡,shuangliu,高楼层 (共17层),南,70万,13845元/平米,2010年
加贝书香尚品,1室1厅1厨1卫,51.69㎡,shuangliu,高楼层 (共15层),南,75万,14510元/平米,2007年
电视塔路一段124号,3室2厅1厨2卫,139.39㎡,shuangliu,高楼层 (共6层),南,96万,6888元/平米,未知年建/
棠湖泊林镇,3室2厅1厨2卫,121.76㎡,shuangliu,低楼层 (共14层),南,158万,12977元/平米,2011年
金玉满堂,2室2厅1厨1卫,80.98㎡,shuangliu,高楼层 (共18层),南,100万,12349元/平米,未知年建/
华银美景,2室2厅1厨1卫,75㎡,shuangliu,中楼层 (共18层),东南,127万,16934元/平米,2010年
东立国际花城,3室2厅1厨1卫,103㎡,shuangliu,低楼层 (共15层),南,130万,12622元/平米,2015年
海棠湾,2室1厅1厨1卫,86.65㎡,shuangliu,中楼层 (共14层),南,116万,13388元/平米,2014年
华银美景,2室1厅1厨1卫,83.93㎡,shuangliu,低楼层 (共18层),南,120万,14298元/平米,2010年
海棠湾,3室1厅1厨1卫,98㎡,shuangliu,低楼层 (共16层),东南,130万,13266元/平米,2014年
棠湖泊林镇,3室2厅1厨2卫,128.24㎡,shuangliu,高楼层 (共6层),东,160万,12477元/平米,2011年
蛟龙银座,3室2厅1厨2卫,101.89㎡,shuangliu,高楼层 (共18层),南,110万,10796元/平米,未知年建/
国奥村,3室1厅1厨2卫,127㎡,shuangliu,中楼层 (共6层),南 北,210万,16536元/平米,2012年
海棠湾,2室1厅1厨1卫,81.49㎡,shuangliu,低楼层 (共16层),东南,111万,13622元/平米,2014年
保利叶语,2室1厅1厨1卫,63.5㎡,shuangliu,低楼层 (共32层),北,120万,18898元/平米,2015年
双流区西安路110号,4室2厅1厨1卫,111㎡,shuangliu,高楼层 (共5层),西南,83万,7478元/平米,未知年建
南湖逸家二期,3室1厅1厨2卫,83.04㎡,shuangliu,中楼层 (共34层),南,160万,19268元/平米,2017年
时代锦城,3室2厅1厨2卫,102.5㎡,shuangliu,高楼层 (共15层),西北,130万,12683元/平米,2011年
和贵久居福,2室2厅1厨1卫,80.79㎡,shuangliu,低楼层 (共18层),南,125万,15473元/平米,2008年
保利叶语,3室2厅1厨2卫,93.16㎡,shuangliu,低楼层 (共27层),南,153万,16424元/平米,2015年
蓝光圣菲town城,3室2厅1厨1卫,86.05㎡,shuangliu,低楼层 (共23层),南,155万,18013元/平米,2009年
文星花园,3室2厅1厨2卫,136.19㎡,shuangliu,低楼层 (共18层),南,168万,12336元/平米,2010年
锦绣华都,3室2厅1厨2卫,124㎡,shuangliu,中楼层 (共6层),东南,110万,8871元/平米,2005年
川大河畔,4室2厅1厨2卫,145.79㎡,shuangliu,高楼层 (共6层),南,160万,10975元/平米,2005年
城南逸家,4室3厅1厨3卫,344.41㎡,shuangliu,低楼层 (共4层),东南,650万,18873元/平米,2013年
空港十六区,3室2厅1厨1卫,99.82㎡,shuangliu,中楼层 (共18层),西,153万,15328元/平米,2009年
佳兆业8号,3室2厅1厨2卫,93㎡,shuangliu,低楼层 (共14层),东,143万,15377元/平米,2014年
通瑞月光湖,3室2厅1厨1卫,104㎡,shuangliu,高楼层 (共26层),西南,134万,12885元/平米,未知年建/
佳兆业8号,3室2厅1厨2卫,93㎡,shuangliu,低楼层 (共14层),东,143万,15377元/平米,2014年
棠湖泊林镇,3室2厅1厨2卫,118.96㎡,shuangliu,低楼层 (共14层),东南,156万,13114元/平米,2011年
北京城建龙樾湾,4室2厅1厨2卫,143.09㎡,shuangliu,高楼层 (共37层),南,215万,15026元/平米,2014年
空港十六区,2室2厅1厨1卫,85.57㎡,shuangliu,中楼层 (共18层),南,126万,14725元/平米,2009年
大成郡,3室1厅1厨1卫,96.99㎡,shuangliu,高楼层 (共15层),西,160万,16497元/平米,2015年
南湖逸家二期,3室2厅1厨1卫,66.1㎡,shuangliu,中楼层 (共30层),北,125万,18911元/平米,2017年
锦绣楠郡,3室2厅1厨2卫,139.6㎡,shuangliu,高楼层 (共18层),西,120万,8596元/平米,2000年
南阳锦城锦绣阁,3室2厅1厨2卫,134.43㎡,shuangliu,中楼层 (共6层),东南,115万,8555元/平米,2008年
和贵久居福,3室2厅1厨1卫,116.92㎡,shuangliu,高楼层 (共18层),南,155万,13257元/平米,2008年
学府嘉苑,4室2厅1厨2卫,118.89㎡,shuangliu,高楼层 (共6层),东南,126万,10599元/平米,2007年
国奥村,2室1厅1厨1卫,88.39㎡,shuangliu,低楼层 (共13层),东,125万,14142元/平米,2012年
空港首座,1室0厅1厨1卫,42.06㎡,shuangliu,高楼层 (共16层),北,45万,10700元/平米,2013年
海棠湾,2室1厅1厨1卫,86㎡,shuangliu,低楼层 (共16层),西南,110万,12791元/平米,2014年
学府嘉苑,3室2厅1厨2卫,132.05㎡,shuangliu,高楼层 (共6层),西,148万,11208元/平米,2007年
翰林上岛,3室2厅1厨2卫,109.9㎡,shuangliu,低楼层 (共16层),东 西,160万,14559元/平米,2008年
弗客城,3室2厅1厨1卫,89.07㎡,shuangliu,低楼层 (共20层),东,110万,12350元/平米,2011年
川大河畔,2室2厅1厨1卫,77.57㎡,shuangliu,中楼层 (共6层),南,98万,12634元/平米,2005年
蛟龙银座,3室2厅1厨2卫,119.69㎡,shuangliu,中楼层 (共17层),东,130万,10862元/平米,未知年建/
华银美景,3室2厅1厨2卫,133㎡,shuangliu,低楼层 (共6层),西南,176万,13234元/平米,2010年
骑士郡,2室2厅1厨1卫,69.89㎡,shuangliu,高楼层 (共18层),东 南,112万,16026元/平米,2016年
景茂名都,2室2厅1厨1卫,83.25㎡,shuangliu,高楼层 (共13层),北,128万,15376元/平米,2012年
东立国际花城,2室1厅1厨1卫,87.06㎡,shuangliu,高楼层 (共13层),南,125万,14358元/平米,2015年
温哥华花园,3室2厅1厨1卫,124.82㎡,shuangliu,低楼层 (共15层),西北,181万,14501元/平米,2007年
加贝书香尚品,2室1厅1厨1卫,72.89㎡,shuangliu,中楼层 (共15层),北,96万,13171元/平米,2007年
美好家园,3室2厅1厨2卫,147㎡,shuangliu,中楼层 (共13层),南,200万,13606元/平米,2013年
成都国韵村,4室1厅1厨2卫,130.96㎡,shuangliu,低楼层 (共13层),东南,185万,14127元/平米,2018年
翰林南城,3室2厅1厨2卫,129.52㎡,shuangliu,高楼层 (共6层),东,162万,12508元/平米,2007年
阳光地中海,3室2厅1厨2卫,107.12㎡,shuangliu,高楼层 (共14层),西,139万,12977元/平米,2016年
蓝润棠湖春天,3室2厅1厨1卫,82.18㎡,shuangliu,高楼层 (共16层),南,120万,14603元/平米,2014年
阳光地中海,3室2厅1厨2卫,107.12㎡,shuangliu,高楼层 (共14层),西,139万,12977元/平米,2016年
川网国际花园,3室2厅1厨2卫,125㎡,shuangliu,中楼层 (共11层),南,158万,12640元/平米,未知年建/
蓝润棠湖春天,3室2厅1厨1卫,82.18㎡,shuangliu,高楼层 (共16层),南,120万,14603元/平米,2014年
空港晶座,3室2厅1厨2卫,106㎡,shuangliu,中楼层 (共24层),东,142万,13397元/平米,2012年
香楠湖,3室1厅1厨1卫,97.34㎡,shuangliu,中楼层 (共16层),西南,135万,13869元/平米,2012年
成都国韵村,3室2厅1厨2卫,140㎡,shuangliu,高楼层 (共13层),东南,195万,13929元/平米,未知年建/
香楠湖,4室2厅1厨2卫,211.3㎡,shuangliu,低楼层 (共6层),西南,220万,10412元/平米,2012年
警馨苑,4室2厅1厨2卫,147.08㎡,shuangliu,中楼层 (共18层),西南,198万,13463元/平米,2011年
大成郡,3室2厅1厨1卫,97.51㎡,shuangliu,低楼层 (共15层),南,175万,17947元/平米,2015年
翰林南城,3室2厅1厨2卫,129.52㎡,shuangliu,高楼层 (共6层),东,180万,13898元/平米,2007年
蓝光圣菲town城,3室2厅1厨1卫,89.8㎡,shuangliu,高楼层 (共22层),东,155万,17261元/平米,2009年
弗客城,2室1厅1厨1卫,84.37㎡,shuangliu,低楼层 (共18层),东,120万,14224元/平米,2011年
蓝光圣菲town城,2室2厅1厨1卫,76.48㎡,shuangliu,中楼层 (共23层),西北,130万,16998元/平米,2009年
和贵久居福,1室1厅1厨1卫,51.41㎡,shuangliu,中楼层 (共17层),北,77万,14978元/平米,2008年
弗客城,2室2厅1厨1卫,90.26㎡,shuangliu,低楼层 (共18层),西,120万,13295元/平米,2011年
川大河畔,3室2厅1厨2卫,110.67㎡,shuangliu,低楼层 (共6层),南,180万,16265元/平米,2005年
蓝光圣菲town城,3室2厅1厨2卫,112.82㎡,shuangliu,中楼层 (共18层),东北,200万,17728元/平米,2009年
温哥华南苑,1室1厅1厨1卫,54.21㎡,shuangliu,高楼层 (共16层),东南,80万,14758元/平米,2013年
学府嘉苑,4室2厅1厨2卫,179.89㎡,shuangliu,高楼层 (共6层),南,168万,9340元/平米,2007年
棠湖泊林镇,3室2厅1厨3卫,208.16㎡,shuangliu,低楼层 (共6层),南,230万,11050元/平米,2011年
空港十六区,3室2厅1厨2卫,124㎡,shuangliu,高楼层 (共18层),东 西,158万,12742元/平米,2009年
城南逸家,4室3厅1厨4卫,384.83㎡,shuangliu,低楼层 (共3层),西,590万,15332元/平米,2013年
国奥村,5室2厅1厨3卫,186.43㎡,shuangliu,低楼层 (共6层),东南,260万,13947元/平米,2012年
大成天府景秀,1室1厅1厨1卫,59.01㎡,shuangliu,低楼层 (共6层),南,60万,10168元/平米,2005年
江安逸人居,5室3厅1厨4卫,301.62㎡,shuangliu,低楼层 (共3层),东南,450万,14920元/平米,2010年
花样年别样城,3室2厅1厨2卫,119.91㎡,shuangliu,高楼层 (共6层),南 北,130万,10842元/平米,2005年
佳兆业8号,1室2厅1厨1卫,59.13㎡,shuangliu,中楼层 (共14层),东,88万,14883元/平米,2014年
宗申赛纳维,3室2厅1厨2卫,121.38㎡,shuangliu,中楼层 (共6层),南,120万,9887元/平米,未知年建/
美城云庭,3室1厅0厨2卫,151.07㎡,shuangliu,低楼层 (共32层),南,242万,16020元/平米,2014年
和贵久居福,2室2厅1厨1卫,88㎡,shuangliu,低楼层 (共18层),南 北,120万,13637元/平米,2008年
国栋南园五星城,4室2厅1厨2卫,130.03㎡,shuangliu,低楼层 (共17层),东南,158万,12152元/平米,2010年
国奥村,3室2厅1厨2卫,137.94㎡,shuangliu,中楼层 (共13层),南,235万,17037元/平米,2012年
宗申赛纳维,3室2厅1厨2卫,121.38㎡,shuangliu,中楼层 (共6层),南,120万,9887元/平米,未知年建/
华银美景,3室2厅1厨2卫,131.71㎡,shuangliu,中楼层 (共6层),南,190万,14426元/平米,2010年
水木华夏,4室2厅1厨2卫,147.74㎡,shuangliu,中楼层 (共6层),东南,150万,10153元/平米,未知年建/
保利叶语,3室2厅1厨2卫,90.59㎡,shuangliu,中楼层 (共32层),东北,172万,18987元/平米,2015年
佳兆业8号,3室2厅1厨2卫,92.09㎡,shuangliu,高楼层 (共14层),西,148万,16072元/平米,2014年
蛟龙银座,3室2厅1厨1卫,101㎡,shuangliu,中楼层 (共18层),西南,110万,10892元/平米,未知年建/
新双城,3室2厅1厨2卫,114.54㎡,shuangliu,高楼层 (共12层),北,165万,14406元/平米,未知年建/
景茂名都,3室2厅1厨2卫,86.4㎡,shuangliu,高楼层 (共13层),南,150万,17362元/平米,2012年
东立国际花城,2室1厅1厨1卫,87.08㎡,shuangliu,低楼层 (共13层),西,115万,13207元/平米,2015年
棠湖泊林城,2室2厅1厨1卫,89㎡,shuangliu,中楼层 (共34层),东南,120万,13484元/平米,未知年建/
翰林南城,3室2厅1厨2卫,107.93㎡,shuangliu,高楼层 (共6层),南,145万,13435元/平米,2007年
美城云庭,3室2厅1厨2卫,131.5㎡,shuangliu,中楼层 (共32层),西,220万,16731元/平米,2014年
迎春路一段1号,3室2厅1厨2卫,125.6㎡,shuangliu,高楼层 (共6层),南,95万,7564元/平米,未知年建
海棠公馆一期,3室1厅1厨1卫,97.75㎡,shuangliu,高楼层 (共16层),东南,133万,13607元/平米,2012年
和贵久居福,1室1厅1厨1卫,51㎡,shuangliu,低楼层 (共18层),北,79万,15491元/平米,2008年
川网国际花园,3室2厅1厨2卫,124㎡,shuangliu,中楼层 (共11层),西,165万,13307元/平米,未知年建/
四季金悦,3室2厅1厨1卫,74.43㎡,shuangliu,中楼层 (共12层),东南,105万,14108元/平米,2016年
佳兆业威登郡,3室2厅1厨2卫,94.7㎡,shuangliu,高楼层 (共12层),南 北,138万,14573元/平米,2013年
文星花园,3室2厅1厨1卫,101.56㎡,shuangliu,高楼层 (共18层),东南,150万,14770元/平米,2010年
川网国际花园,2室2厅1厨1卫,87.9㎡,shuangliu,中楼层 (共11层),东南,116万,13197元/平米,未知年建/
华银美景,2室1厅1厨1卫,84㎡,shuangliu,中楼层 (共18层),东南,130万,15477元/平米,2010年
花样年别样城,2室1厅1厨1卫,87㎡,shuangliu,中楼层 (共6层),南,90万,10345元/平米,2005年
和贵馨城,4室2厅1厨3卫,229.93㎡,shuangliu,高楼层 (共4层),南 北,350万,15223元/平米,2003年
温哥华南苑,1室1厅1厨1卫,61㎡,shuangliu,中楼层 (共16层),西,88万,14427元/平米,2013年
蓝光圣菲town城,4室2厅1厨2卫,127.68㎡,shuangliu,低楼层 (共22层),东南,245万,19189元/平米,2009年
蓝光圣菲town城,3室2厅1厨1卫,99.01㎡,shuangliu,中楼层 (共18层),东,188万,18988元/平米,2009年
大成郡,2室2厅1厨1卫,81.86㎡,shuangliu,低楼层 (共15层),西,132万,16126元/平米,2015年
太禾水晶城,3室2厅1厨2卫,125.14㎡,shuangliu,中楼层 (共6层),东,150万,11987元/平米,未知年建/
月都家园,4室2厅1厨2卫,151.61㎡,shuangliu,高楼层 (共7层),南,120万,7916元/平米,2004年
川网国际花园,2室2厅1厨1卫,97.47㎡,shuangliu,低楼层 (共11层),东南,130万,13338元/平米,未知年建/
川网国际花园,2室2厅1厨1卫,91.5㎡,shuangliu,中楼层 (共11层),南,120万,13115元/平米,未知年建/
水电五局成都基地常乐小区,2室2厅1厨1卫,88㎡,shuangliu,高楼层 (共7层),南,80万,9091元/平米,2000年
大成郡,2室2厅1厨1卫,83.08㎡,shuangliu,高楼层 (共15层),南,130万,15648元/平米,2015年
学府嘉苑,2室2厅1厨1卫,86.53㎡,shuangliu,中楼层 (共6层),南,105万,12135元/平米,2007年
南湖逸家二期,3室1厅1厨2卫,83.23㎡,shuangliu,低楼层 (共33层),南,158万,18984元/平米,2017年
空港十六区,3室2厅1厨2卫,120.77㎡,shuangliu,低楼层 (共18层),北,180万,14905元/平米,2009年
南湖逸家二期,3室1厅1厨1卫,65.38㎡,shuangliu,高楼层 (共32层),北,130万,19884元/平米,2017年
景茂名都,3室2厅1厨2卫,97.62㎡,shuangliu,低楼层 (共13层),北,150万,15366元/平米,2012年
棠湖泊林镇,3室2厅1厨2卫,125.87㎡,shuangliu,中楼层 (共14层),东南,165万,13109元/平米,2011年
空港十六区,2室2厅1厨1卫,85.57㎡,shuangliu,中楼层 (共18层),南,128万,14959元/平米,2009年
东立国际花城,2室2厅1厨1卫,85.64㎡,shuangliu,低楼层 (共14层),南,110万,12845元/平米,2015年
翰林风华,4室2厅1厨2卫,152.47㎡,shuangliu,中楼层 (共6层),南,160万,10494元/平米,未知年建/
翰林上岛,2室2厅1厨1卫,64.26㎡,shuangliu,中楼层 (共16层),西,100万,15562元/平米,2008年
锦丽园,5室2厅1厨2卫,313.23㎡,shuangliu,低楼层 (共3层),南,450万,14367元/平米,未知年建
山顶上,5室3厅1厨4卫,315.61㎡,shuangliu,高楼层 (共4层),南,500万,15843元/平米,2012年
学府花苑,4室2厅1厨2卫,166.54㎡,shuangliu,中楼层 (共6层),东南,139万,8347元/平米,未知年建
江安花园,4室2厅1厨2卫,207㎡,shuangliu,低楼层 (共3层),南 北,335万,16184元/平米,2005年
三和爱汀府,4室2厅1厨2卫,117㎡,shuangliu,中楼层 (共6层),南,238万,20342元/平米,2016年
佳禾永福,3室2厅1厨2卫,139.97㎡,shuangliu,高楼层 (共6层),东南,110万,7859元/平米,2010年
北京城建龙樾湾,3室1厅1厨1卫,85㎡,shuangliu,中楼层 (共38层),东南 南 北,130万,15295元/平米,2014年
通瑞月光湖,3室2厅1厨1卫,88.8㎡,shuangliu,中楼层 (共26层),东南,126万,14190元/平米,未知年建/
三和爱汀府,2室2厅1厨1卫,84.23㎡,shuangliu,中楼层 (共11层),西,118万,14010元/平米,2016年
北京城建龙樾湾,4室2厅1厨2卫,157.52㎡,shuangliu,中楼层 (共5层),南,250万,15872元/平米,2014年
艾佳上邸,2室2厅1厨1卫,80.46㎡,shuangliu,中楼层 (共12层),南,90万,11186元/平米,2009年
锦绣华都,4室2厅1厨2卫,177.1㎡,shuangliu,高楼层 (共6层),东南,150万,8470元/平米,2005年
贵通御苑枫景,4室2厅1厨2卫,182.92㎡,shuangliu,高楼层 (共6层),南,218万,11918元/平米,未知年建/
四季金悦,1室1厅1厨1卫,59.34㎡,shuangliu,中楼层 (共12层),东南,72万,12134元/平米,未知年建
欧城花园,3室2厅1厨2卫,125㎡,shuangliu,高楼层 (共6层),南,125万,10000元/平米,2003年
香楠湖,3室2厅1厨2卫,134.51㎡,shuangliu,中楼层 (共16层),南,165万,12267元/平米,2012年
海棠湾,3室2厅1厨2卫,116㎡,shuangliu,中楼层 (共16层),南 西,145万,12500元/平米,2014年
佳兆业8号,3室2厅1厨2卫,93㎡,shuangliu,低楼层 (共14层),南,150万,16130元/平米,未知年建/
水云花都,3室2厅1厨1卫,117㎡,shuangliu,低楼层 (共6层),西北,136万,11624元/平米,未知年建/
雄飞翰林书院,4室2厅1厨1卫,163.37㎡,shuangliu,高楼层 (共6层),南,138万,8448元/平米,2013年
棠湖西路二段三一村,3室2厅1厨1卫,105.4㎡,shuangliu,高楼层 (共6层),南,59万,5598元/平米,未知年建
南丽湾,2室2厅1厨1卫,75㎡,shuangliu,低楼层 (共6层),南,77万,10267元/平米,2005年
蛟龙银座,3室2厅1厨2卫,101㎡,shuangliu,低楼层 (共18层),东南,115万,11387元/平米,未知年建/
太禾水晶城,2室1厅1厨1卫,94.4㎡,shuangliu,中楼层 (共11层),南,120万,12712元/平米,未知年建/
南湖逸家二期,3室2厅1厨2卫,84㎡,shuangliu,高楼层 (共33层),东,160万,19048元/平米,2017年
宗申赛纳维二期,4室2厅1厨2卫,186.85㎡,shuangliu,低楼层 (共3层),南,265万,14183元/平米,未知年建
银泰花园,5室3厅1厨3卫,354.5㎡,shuangliu,低楼层 (共3层),东南,354万,9986元/平米,2010年
瑞升明院,1室1厅1厨1卫,57.35㎡,shuangliu,高楼层 (共12层),南,68.9万,12014元/平米,2009年
银泰花园,7室3厅1厨3卫,322.46㎡,shuangliu,地下室 (共3层),南,500万,15506元/平米,2010年
东立国际花城,2室1厅1厨1卫,88.78㎡,shuangliu,中楼层 (共13层),南 北,125万,14080元/平米,2015年
海棠湾,2室1厅1厨1卫,83㎡,shuangliu,高楼层 (共16层),东南,120万,14458元/平米,2014年
成都国韵村,3室2厅1厨2卫,94.96㎡,shuangliu,中楼层 (共10层),南,150万,15797元/平米,2018年
远大林语城,6室1厅1厨4卫,271.54㎡,shuangliu,低楼层 (共3层),南,398万,14658元/平米,未知年建
锦绣华都,5室2厅1厨7卫,151.92㎡,shuangliu,低楼层 (共4层),南,200万,13165元/平米,2005年
佳兆业8号,2室1厅1厨1卫,75.08㎡,shuangliu,中楼层 (共14层),东,102万,13586元/平米,2014年
棠湖泊林镇,3室2厅1厨2卫,116.81㎡,shuangliu,低楼层 (共6层),南,162万,13869元/平米,2011年
东立国际花城,3室2厅1厨1卫,82㎡,shuangliu,高楼层 (共15层),东南,102万,12440元/平米,2015年
九龙仓时代小镇,3室2厅1厨2卫,108.06㎡,shuangliu,低楼层 (共11层),东北,160万,14807元/平米,2015年
空港十六区,3室2厅1厨2卫,125.09㎡,shuangliu,中楼层 (共18层),东,170万,13591元/平米,2009年
空港十六区,2室2厅1厨2卫,120.83㎡,shuangliu,低楼层 (共18层),西,140万,11587元/平米,2009年
锦绣楠郡,3室2厅1厨2卫,129.5㎡,shuangliu,中楼层 (共18层),东南,140万,10811元/平米,2000年
大成郡,2室2厅1厨1卫,82.59㎡,shuangliu,低楼层 (共15层),东,135万,16346元/平米,2015年
富豪新岸,3室2厅1厨2卫,135㎡,shuangliu,中楼层 (共6层),东南,200万,14815元/平米,未知年建/
翰林上岛,3室1厅1厨1卫,88.99㎡,shuangliu,高楼层 (共16层),西,137万,15395元/平米,2008年
南丽湾,2室1厅1厨1卫,84.19㎡,shuangliu,中楼层 (共6层),南,105万,12472元/平米,2005年
大成天府景秀,2室2厅1厨1卫,75.63㎡,shuangliu,中楼层 (共6层),西北,90万,11901元/平米,2005年
空港晶座,3室2厅1厨2卫,99㎡,shuangliu,中楼层 (共22层),南,156万,15758元/平米,2012年
通瑞月光湖,2室2厅1厨1卫,79.72㎡,shuangliu,中楼层 (共26层),东南,110万,13799元/平米,2014年
蛟龙银座,3室2厅1厨2卫,118.22㎡,shuangliu,低楼层 (共18层),东,125万,10574元/平米,未知年建/
温哥华花园六期,3室1厅1厨2卫,98.91㎡,shuangliu,中楼层 (共16层),西北,136万,13750元/平米,未知年建/
香博城,3室2厅1厨2卫,108㎡,shuangliu,中楼层 (共25层),北,135万,12500元/平米,未知年建/
棠湖泊林镇,2室1厅1厨1卫,84.7㎡,shuangliu,低楼层 (共14层),南,125万,14758元/平米,2011年
蓝润棠湖春天,1室1厅1厨1卫,57.5㎡,shuangliu,高楼层 (共16层),东南,85万,14783元/平米,2014年
富豪时代,3室2厅1厨2卫,106.25㎡,shuangliu,低楼层 (共6层),南,150万,14118元/平米,未知年建/
蛟龙银座,2室2厅1厨1卫,83.7㎡,shuangliu,低楼层 (共18层),东南,90万,10753元/平米,未知年建/
蓝光圣菲town城,2室2厅1厨1卫,77.85㎡,shuangliu,中楼层 (共23层),南,128万,16442元/平米,2009年
千禧公寓B区,3室2厅1厨2卫,136.37㎡,shuangliu,中楼层 (共6层),南,120万,8800元/平米,2003年
南湖逸家二期,3室1厅1厨1卫,74.4㎡,shuangliu,中楼层 (共32层),西南,140万,18818元/平米,2017年
佳兆业8号,3室2厅1厨2卫,120.7㎡,shuangliu,中楼层 (共14层),南,195万,16156元/平米,2014年
大成天府景秀,3室2厅1厨2卫,135.84㎡,shuangliu,低楼层 (共6层),西南,140万,10307元/平米,2005年
阳光地中海,2室2厅1厨1卫,71.99㎡,shuangliu,中楼层 (共16层),南,108万,15003元/平米,2016年
空港十六区,2室2厅1厨1卫,85.56㎡,shuangliu,低楼层 (共18层),西,123万,14376元/平米,2009年
温哥华花园六期,3室2厅1厨2卫,98.37㎡,shuangliu,高楼层 (共16层),东,155万,15757元/平米,未知年建/
东立国际花城,2室1厅1厨1卫,89.97㎡,shuangliu,中楼层 (共14层),南,112万,12449元/平米,2015年
时代锦城,3室2厅1厨2卫,102㎡,shuangliu,中楼层 (共15层),东北,136万,13334元/平米,2011年
弘民苑A区,2室2厅1厨1卫,82.5㎡,shuangliu,低楼层 (共6层),南,76万,9213元/平米,未知年建
北京城建龙樾湾,2室2厅1厨1卫,99.5㎡,shuangliu,中楼层 (共37层),东,150万,15076元/平米,2014年
东立国际花城,1室1厅1厨1卫,50.28㎡,shuangliu,高楼层 (共14层),南,65万,12928元/平米,2015年
富豪新岸,4室2厅1厨3卫,155㎡,shuangliu,低楼层 (共4层),东北,298万,19226元/平米,2010年
北京城建龙樾湾,2室2厅1厨1卫,98.29㎡,shuangliu,高楼层 (共37层),东南,148万,15058元/平米,2014年
锦绣华都,3室2厅1厨2卫,129㎡,shuangliu,高楼层 (共6层),南 北,120万,9303元/平米,2005年
富豪逸阳华庭,3室2厅1厨2卫,141.64㎡,shuangliu,低楼层 (共6层),东南,162万,11438元/平米,未知年建/
蓝润华府春天,3室1厅1厨1卫,86.73㎡,shuangliu,中楼层 (共17层),北,106万,12222元/平米,未知年建/
温哥华花园,3室2厅1厨2卫,127.24㎡,shuangliu,高楼层 (共15层),东南,188万,14776元/平米,2007年
九龙仓时代小镇,2室2厅1厨1卫,76.3㎡,shuangliu,高楼层 (共11层),南,105万,13762元/平米,2016年
弘民新城,2室2厅1厨2卫,90.7㎡,shuangliu,低楼层 (共6层),东南,75万,8270元/平米,未知年建/
国栋南园五星城,1室2厅1厨1卫,70.61㎡,shuangliu,中楼层 (共13层),东,80万,11330元/平米,2010年
人和园,3室2厅1厨2卫,130.73㎡,shuangliu,中楼层 (共6层),南,140万,10710元/平米,未知年建
弘民苑A区,3室2厅1厨2卫,119.3㎡,shuangliu,高楼层 (共6层),东南,100万,8383元/平米,未知年建
花样年别样城,4室2厅1厨2卫,162.37㎡,shuangliu,高楼层 (共4层),东,180万,11086元/平米,2005年
弗客城,3室2厅1厨1卫,89.17㎡,shuangliu,高楼层 (共20层),东南,140万,15701元/平米,2011年
南湖逸家二期,3室2厅1厨1卫,84㎡,shuangliu,低楼层 (共34层),南,180万,21429元/平米,2017年
远大林语城,4室2厅1厨2卫,114.32㎡,shuangliu,高楼层 (共11层),北,170万,14871元/平米,2014年
水电五局成都基地常乐小区,2室2厅1厨1卫,88.02㎡,shuangliu,高楼层 (共7层),东,75万,8521元/平米,2000年
北京城建龙樾湾,4室2厅1厨2卫,143.11㎡,shuangliu,低楼层 (共37层),南,190万,13277元/平米,2014年
华腾舒云居,2室2厅1厨1卫,57㎡,shuangliu,低楼层 (共13层),东南,75万,13158元/平米,未知年建/
锦绣华都,3室2厅1厨2卫,133.67㎡,shuangliu,中楼层 (共11层),东南,148万,11073元/平米,2005年
空港十六区,2室2厅1厨1卫,99.5㎡,shuangliu,高楼层 (共17层),南,90万,9046元/平米,2009年
温哥华南苑,3室1厅1厨1卫,79.62㎡,shuangliu,中楼层 (共17层),南,127万,15951元/平米,2013年
中信城右岸,3室2厅1厨2卫,109.36㎡,shuangliu,低楼层 (共33层),南,195万,17832元/平米,未知年建/
金座蓉城胜景,2室2厅1厨1卫,88.5㎡,shuangliu,高楼层 (共15层),西北,106万,11978元/平米,2014年
双都会,2室2厅1厨1卫,87.8㎡,shuangliu,高楼层 (共13层),南,110万,12529元/平米,未知年建/
双樱阁,2室1厅1厨1卫,50.56㎡,shuangliu,低楼层 (共17层),南,70万,13845元/平米,2010年
九龙仓时代小镇,3室2厅1厨2卫,107.56㎡,shuangliu,低楼层 (共11层),东北,155万,14411元/平米,2015年
北京城建龙樾湾,3室1厅1厨2卫,143.37㎡,shuangliu,高楼层 (共37层),南,215万,14997元/平米,2014年
大成天府景秀二期,4室2厅1厨2卫,164㎡,shuangliu,高楼层 (共5层),东南,228万,13903元/平米,2005年
北京城建龙樾湾,3室2厅1厨2卫,143.13㎡,shuangliu,高楼层 (共38层),南 北,185万,12926元/平米,2014年
锦绣楠郡,2室2厅1厨2卫,98㎡,shuangliu,低楼层 (共18层),南,100万,10205元/平米,2000年
欧洲印象,2室2厅1厨1卫,58.43㎡,shuangliu,中楼层 (共22层),南,102万,17457元/平米,2012年
锦绣楠郡,4室2厅1厨2卫,135.19㎡,shuangliu,高楼层 (共18层),西南,150万,11096元/平米,2000年
四季金悦,1室2厅1厨1卫,63.43㎡,shuangliu,中楼层 (共12层),东,78万,12298元/平米,未知年建
润扬书院阁,1室1厅1厨1卫,53.76㎡,shuangliu,低楼层 (共15层),北,72万,13393元/平米,2007年
锦绣华都,3室2厅1厨1卫,130.01㎡,shuangliu,低楼层 (共13层),西北,150万,11538元/平米,2005年
锦绣华都,3室2厅1厨1卫,130.01㎡,shuangliu,低楼层 (共13层),西北,150万,11538元/平米,2005年
蓝润华府春天,3室2厅1厨1卫,86.19㎡,shuangliu,低楼层 (共17层),南,130万,15083元/平米,未知年建/
和贵馨城,4室3厅1厨3卫,229.93㎡,shuangliu,高楼层 (共4层),南 北,380万,16527元/平米,2003年
瑞丰花园,2室2厅1厨1卫,88.16㎡,shuangliu,低楼层 (共16层),东北,130万,14746元/平米,2007年
空港十六区,2室2厅1厨1卫,98.16㎡,shuangliu,低楼层 (共18层),东 西,133万,13550元/平米,2009年
临港路二段10号,4室2厅1厨2卫,123.68㎡,shuangliu,中楼层 (共5层),东南,115万,9299元/平米,未知年建
川大河畔,2室2厅1厨1卫,78.63㎡,shuangliu,低楼层 (共6层),南,105万,13354元/平米,2005年
骑士郡,2室2厅1厨1卫,95.22㎡,shuangliu,高楼层 (共6层),南,140万,14703元/平米,2016年
东立国际花城,2室2厅1厨1卫,89.97㎡,shuangliu,中楼层 (共14层),南,115万,12783元/平米,2015年
温哥华花园,3室2厅1厨2卫,130.92㎡,shuangliu,高楼层 (共17层),南,178.5万,13635元/平米,2009年
富豪新岸,2室2厅1厨1卫,82.35㎡,shuangliu,低楼层 (共12层),北,125万,15180元/平米,2010年
锦绣华都,3室2厅1厨2卫,129.07㎡,shuangliu,高楼层 (共13层),东南,148万,11467元/平米,2005年
远大林语城,2室1厅1厨1卫,94.36㎡,shuangliu,中楼层 (共11层),南,158万,16745元/平米,2017年
贵通御苑雙楠城,3室2厅1厨2卫,120.82㎡,shuangliu,低楼层 (共14层),东,165万,13657元/平米,2014年
空港晶座,3室2厅1厨2卫,118.98㎡,shuangliu,高楼层 (共22层),东,170万,14289元/平米,2012年
翰林风华,4室2厅1厨2卫,152.47㎡,shuangliu,低楼层 (共6层),南,160万,10494元/平米,未知年建/
名丽苑,3室2厅1厨2卫,143.17㎡,shuangliu,高楼层 (共6层),东南,132万,9220元/平米,未知年建
空港十六区,2室1厅1厨1卫,79.93㎡,shuangliu,高楼层 (共18层),东南,120万,15014元/平米,2009年
温哥华花园五期,1室1厅1厨1卫,40.26㎡,shuangliu,中楼层 (共13层),北,32万,7949元/平米,未知年建/
空港首座,1室1厅1厨1卫,42.16㎡,shuangliu,高楼层 (共16层),南,63万,14944元/平米,2013年
城南逸家,5室3厅1厨3卫,384.26㎡,shuangliu,低楼层 (共3层),南 北,650万,16916元/平米,2013年
锦绣华都,6室2厅1厨3卫,100㎡,shuangliu,低楼层 (共11层),东南,195万,19500元/平米,2005年
瑞升明院,1室0厅0厨1卫,55.85㎡,shuangliu,低楼层 (共12层),东 南 西 北,55万,9848元/平米,2009年
蓝光圣菲town城,3室2厅1厨2卫,127.68㎡,shuangliu,低楼层 (共22层),南,190万,14881元/平米,2009年
城南逸家,4室3厅1厨5卫,398.9㎡,shuangliu,低楼层 (共3层),西,680万,17047元/平米,2013年
佳兆业威登郡,2室1厅1厨1卫,77.24㎡,shuangliu,低楼层 (共12层),南,115万,14889元/平米,2013年
四季金悦,2室2厅1厨1卫,87.22㎡,shuangliu,中楼层 (共12层),北,148万,16969元/平米,未知年建/
人居都市阳光,3室2厅1厨2卫,136㎡,shuangliu,低楼层 (共18层),南,160万,11765元/平米,2010年
南城香山,4室1厅1厨1卫,120.48㎡,shuangliu,低楼层 (共12层),南,148万,12285元/平米,2015年
华银美景,3室2厅1厨2卫,126㎡,shuangliu,高楼层 (共6层),南,165万,13096元/平米,2010年
海棠湾,3室2厅1厨2卫,141.34㎡,shuangliu,高楼层 (共16层),东,208万,14717元/平米,2014年
优品时代三期,2室1厅1厨1卫,81.62㎡,shuangliu,低楼层 (共15层),东南,109万,13355元/平米,2014年
保利叶语,3室2厅1厨2卫,95.53㎡,shuangliu,高楼层 (共32层),西,190万,19890元/平米,2016年
北京城建龙樾湾,2室1厅1厨1卫,94.25㎡,shuangliu,高楼层 (共37层),南,135万,14324元/平米,2014年
金座蓉城胜景,3室2厅1厨1卫,100㎡,shuangliu,中楼层 (共15层),西北,133万,13300元/平米,2014年
三强南路一段104号,4室2厅1厨1卫,156.42㎡,shuangliu,高楼层 (共5层),东南,75万,4795元/平米,未知年建/
香博城,5室2厅1厨3卫,231.37㎡,shuangliu,高楼层 (共7层),南 北,300万,12967元/平米,未知年建/
大成天府景秀二期,3室2厅1厨2卫,164.71㎡,shuangliu,高楼层 (共6层),东南,170万,10322元/平米,2005年
美城云庭,4室2厅1厨2卫,138.36㎡,shuangliu,中楼层 (共32层),北,240万,17347元/平米,2014年
佳兆业威登郡,3室2厅1厨2卫,94㎡,shuangliu,中楼层 (共12层),南,145万,15426元/平米,2013年
文星花园,3室2厅1厨2卫,136.46㎡,shuangliu,低楼层 (共18层),南,155万,11359元/平米,2010年
九龙仓时代小镇,2室1厅1厨1卫,77.04㎡,shuangliu,低楼层 (共11层),西南,110万,14279元/平米,2016年
江南宅院,5室2厅1厨3卫,254.57㎡,shuangliu,低楼层 (共3层),南,390万,15320元/平米,2007年
温哥华花园五期,2室1厅1厨1卫,79.82㎡,shuangliu,高楼层 (共13层),南,62万,7768元/平米,未知年建/
温哥华花园五期,1室0厅0厨1卫,44.03㎡,shuangliu,高楼层 (共13层),南,35万,7950元/平米,未知年建/
华腾舒云居,2室2厅1厨1卫,73.21㎡,shuangliu,低楼层 (共13层),南,115万,15709元/平米,未知年建/
大成天府景秀二期,3室2厅1厨2卫,132.74㎡,shuangliu,中楼层 (共6层),西北,130万,9794元/平米,2005年
写意假日,2室2厅1厨1卫,80.27㎡,shuangliu,中楼层 (共14层),南,78万,9718元/平米,未知年建/
景茂名都,2室1厅1厨1卫,83.25㎡,shuangliu,高楼层 (共13层),东,125万,15016元/平米,2012年
佰客郡,3室2厅1厨1卫,85.35㎡,shuangliu,低楼层 (共16层),南,120万,14060元/平米,2011年
香博城,2室2厅1厨1卫,86.52㎡,shuangliu,高楼层 (共25层),南,118万,13639元/平米,未知年建/
空港新天地,2室1厅1厨1卫,61.5㎡,shuangliu,高楼层 (共16层),南,85万,13822元/平米,2010年
国奥村,3室2厅1厨2卫,138.26㎡,shuangliu,中楼层 (共13层),南 北,192万,13887元/平米,2012年
学府嘉苑,4室2厅1厨2卫,123.32㎡,shuangliu,高楼层 (共6层),西,150万,12164元/平米,2007年
水电五局成都基地常乐小区,2室2厅1厨1卫,88.02㎡,shuangliu,中楼层 (共7层),南,85万,9657元/平米,2000年
海棠湾,2室1厅1厨1卫,81.48㎡,shuangliu,低楼层 (共16层),东南,120万,14728元/平米,2014年
空港十六区,4室2厅1厨2卫,158.34㎡,shuangliu,低楼层 (共18层),东南,240万,15158元/平米,2009年
和贵久居福,2室2厅1厨1卫,80.02㎡,shuangliu,低楼层 (共18层),西,120万,14997元/平米,2008年
佳兆业威登郡,3室2厅1厨2卫,94.7㎡,shuangliu,高楼层 (共12层),南,148万,15629元/平米,2013年
新碧园,2室2厅1厨1卫,84.09㎡,shuangliu,低楼层 (共13层),西,120万,14271元/平米,未知年建
空港十六区,2室1厅1厨1卫,79㎡,shuangliu,高楼层 (共18层),南,115万,14557元/平米,2009年
蓝润棠湖春天,2室1厅1厨1卫,56.03㎡,shuangliu,中楼层 (共16层),东,88万,15706元/平米,2014年
香楠湖,3室2厅1厨2卫,121.69㎡,shuangliu,中楼层 (共16层),南,180万,14792元/平米,2012年
美好家园,3室2厅1厨2卫,133㎡,shuangliu,中楼层 (共5层),南,200万,15038元/平米,2013年
蓝润棠湖春天,2室1厅1厨1卫,47.09㎡,shuangliu,中楼层 (共14层),东 西,75万,15927元/平米,2014年
香楠湖,3室2厅1厨2卫,119㎡,shuangliu,低楼层 (共16层),东南,165万,13866元/平米,2012年
新双城,2室2厅1厨1卫,81.84㎡,shuangliu,高楼层 (共12层),东南,107万,13075元/平米,2015年
川网国际花园,3室2厅1厨2卫,125.71㎡,shuangliu,低楼层 (共11层),南,208万,16547元/平米,未知年建/
空港首座,2室2厅1厨1卫,76.9㎡,shuangliu,低楼层 (共16层),东,100万,13004元/平米,2013年
康桥品上,4室2厅1厨2卫,140.75㎡,shuangliu,低楼层 (共17层),东 西,175万,12434元/平米,2009年
佳兆业8号,3室2厅1厨1卫,120.32㎡,shuangliu,高楼层 (共14层),南,200万,16623元/平米,2014年
贵通御苑三期,3室2厅1厨2卫,88.7㎡,shuangliu,高楼层 (共14层),东,150万,16911元/平米,2011年
佳兆业8号,3室2厅1厨2卫,89.6㎡,shuangliu,中楼层 (共14层),南,148万,16518元/平米,2014年
文星花园,3室2厅1厨2卫,134.52㎡,shuangliu,低楼层 (共18层),东南,150万,11151元/平米,2010年
宗申赛纳维,3室2厅1厨2卫,121.38㎡,shuangliu,中楼层 (共6层),东,145万,11946元/平米,未知年建/
锦绣华都,4室2厅1厨2卫,146.35㎡,shuangliu,低楼层 (共13层),东,140万,9567元/平米,2005年
保利叶语,3室2厅1厨2卫,93.42㎡,shuangliu,中楼层 (共32层),东,180万,19268元/平米,2016年
空港首座,2室2厅1厨1卫,66.64㎡,shuangliu,中楼层 (共16层),南,85万,12756元/平米,2013年
美好家园,3室2厅1厨2卫,148.82㎡,shuangliu,低楼层 (共13层),东南,185万,12432元/平米,未知年建/
富豪时代,1室3厅1厨2卫,91㎡,shuangliu,高楼层 (共6层),东南 西,108万,11869元/平米,未知年建
东明街86号,3室2厅1厨1卫,132.1㎡,shuangliu,高楼层 (共6层),南,81万,6132元/平米,未知年建
棠湖公寓,4室2厅1厨2卫,166.93㎡,shuangliu,高楼层 (共6层),东,117万,7009元/平米,未知年建
欧城花园,4室2厅1厨2卫,135.6㎡,shuangliu,高楼层 (共6层),东南,135万,9956元/平米,2003年
富豪新岸,3室2厅1厨3卫,145.38㎡,shuangliu,中楼层 (共6层),南,280万,19260元/平米,2010年
人居都市阳光,5室2厅1厨2卫,184.46㎡,shuangliu,高楼层 (共16层),西北,202万,10951元/平米,未知年建/
华腾舒云居,3室1厅1厨1卫,83.5㎡,shuangliu,中楼层 (共13层),东,122万,14611元/平米,未知年建/
欧城花园,3室2厅1厨2卫,120.94㎡,shuangliu,中楼层 (共6层),东南,135万,11163元/平米,2003年
大成天府景秀,5室2厅1厨2卫,255.59㎡,shuangliu,中楼层 (共4层),东南,200万,7826元/平米,2005年
水云花都,4室2厅1厨2卫,224.28㎡,shuangliu,中楼层 (共5层),东南,270万,12039元/平米,未知年建
双樱阁,1室1厅1厨1卫,43.26㎡,shuangliu,中楼层 (共17层),东,62万,14332元/平米,2010年
华宜上锦,2室2厅1厨1卫,72.18㎡,shuangliu,低楼层 (共26层),西南,130万,18011元/平米,2014年
翰林上岛,2室1厅1厨1卫,67.81㎡,shuangliu,低楼层 (共16层),西南,102万,15043元/平米,2008年
大成天府景秀,4室2厅1厨3卫,155.25㎡,shuangliu,高楼层 (共6层),西南,150万,9662元/平米,2005年
龙湖悠山郡二期,4室2厅1厨4卫,326.1㎡,shuangliu,低楼层 (共3层),东南,310万,9507元/平米,未知年建
贵通御苑枫景,5室2厅1厨2卫,191.93㎡,shuangliu,高楼层 (共6层),西南 西,180万,9379元/平米,未知年建/
合能珍宝翡翠,3室2厅1厨2卫,89.26㎡,shuangliu,高楼层 (共18层),西南,116万,12996元/平米,2016年
锦丽园,5室3厅1厨3卫,312.57㎡,shuangliu,低楼层 (共3层),南,360万,11518元/平米,未知年建
城南逸家,4室2厅1厨3卫,261.57㎡,shuangliu,低楼层 (共5层),南 北,680万,25997元/平米,2013年
城南逸家,5室3厅1厨5卫,398.27㎡,shuangliu,低楼层 (共3层),南,850万,21343元/平米,2013年
温哥华花园四期,1室1厅1厨1卫,57.7㎡,shuangliu,中楼层 (共16层),北,85万,14732元/平米,2013年
东立国际花城,2室2厅1厨1卫,78㎡,shuangliu,中楼层 (共14层),南,120万,15385元/平米,2015年
温哥华花园六期,3室1厅1厨1卫,99.3㎡,shuangliu,低楼层 (共16层),西南,140万,14099元/平米,未知年建/
九龙仓时代小镇,2室2厅1厨1卫,76.53㎡,shuangliu,中楼层 (共10层),西南,118万,15419元/平米,未知年建/
香博城,2室2厅1厨1卫,86.7㎡,shuangliu,高楼层 (共25层),南,120万,13841元/平米,未知年建/
温哥华花园六期,3室2厅1厨2卫,101.21㎡,shuangliu,高楼层 (共16层),北,150万,14821元/平米,未知年建/
远大林语城,3室2厅1厨2卫,104.42㎡,shuangliu,高楼层 (共10层),北,180万,17239元/平米,2017年
海棠湾,3室1厅1厨1卫,97.71㎡,shuangliu,中楼层 (共16层),东,120万,12282元/平米,2014年
远大林语城,2室2厅1厨1卫,94.31㎡,shuangliu,高楼层 (共11层),南,140万,14845元/平米,未知年建
中信城右岸,3室2厅1厨1卫,84.8㎡,shuangliu,高楼层 (共26层),南 北,157万,18515元/平米,2016年
九龙仓时代小镇,3室2厅1厨2卫,107.34㎡,shuangliu,高楼层 (共11层),东南 北,148万,13788元/平米,2016年
锦华苑,3室2厅1厨2卫,120㎡,shuangliu,低楼层 (共6层),南,120万,10000元/平米,未知年建/
大成天府景秀,2室2厅1厨1卫,96.63㎡,shuangliu,低楼层 (共6层),东南,95万,9832元/平米,2005年
通瑞月光湖,2室1厅1厨1卫,81.3㎡,shuangliu,高楼层 (共26层),东南,115万,14146元/平米,未知年建/
欧香名苑,2室2厅1厨1卫,82.15㎡,shuangliu,低楼层 (共18层),东南,73万,8887元/平米,未知年建/
大成郡,1室1厅1厨1卫,56.56㎡,shuangliu,中楼层 (共14层),南,88万,15559元/平米,2015年
花样年别样城,3室2厅1厨2卫,134.19㎡,shuangliu,中楼层 (共6层),南 北,140万,10433元/平米,2005年
成都新天地,2室2厅1厨1卫,64.06㎡,shuangliu,低楼层 (共17层),北,61万,9523元/平米,2010年
棠湖泊林城,3室2厅1厨2卫,104.52㎡,shuangliu,高楼层 (共33层),东南,156万,14926元/平米,未知年建
瑞丰花园,6室4厅1厨2卫,216.15㎡,shuangliu,低楼层 (共16层),东南 南,155万,7171元/平米,2007年
国奥村,5室1厅1厨2卫,190㎡,shuangliu,中楼层 (共6层),南,330万,17369元/平米,2012年
富豪新岸,4室2厅1厨3卫,189㎡,shuangliu,高楼层 (共4层),东南,360万,19048元/平米,2010年
棠湖泊林镇,3室2厅1厨2卫,186.82㎡,shuangliu,低楼层 (共6层),南,248万,13275元/平米,2011年
华兴苑A区,4室2厅1厨2卫,168.1㎡,shuangliu,高楼层 (共6层),东南,110万,6544元/平米,未知年建/
香博城,3室2厅1厨2卫,117.6㎡,shuangliu,高楼层 (共25层),北,158万,13436元/平米,未知年建/
佳兆业威登郡,2室1厅1厨1卫,78.67㎡,shuangliu,低楼层 (共12层),东北,117万,14873元/平米,2013年
蓝润棠湖春天,2室1厅1厨1卫,48.09㎡,shuangliu,高楼层 (共14层),西,70万,14557元/平米,2014年
翰林南城,2室2厅1厨1卫,85.9㎡,shuangliu,高楼层 (共15层),南,126万,14669元/平米,2007年
蓝光圣菲town城,2室2厅1厨1卫,77.77㎡,shuangliu,低楼层 (共22层),东南 南,126万,16202元/平米,2009年
温哥华花园四期,2室2厅1厨1卫,69.3㎡,shuangliu,中楼层 (共16层),东,96万,13853元/平米,2013年
华银美景,2室1厅1厨1卫,88.61㎡,shuangliu,低楼层 (共18层),东南,135万,15236元/平米,2010年
香楠湖,3室2厅1厨2卫,121.69㎡,shuangliu,高楼层 (共16层),南,175万,14381元/平米,2012年
大成郡,3室2厅1厨1卫,100.86㎡,shuangliu,低楼层 (共15层),西南,163万,16162元/平米,2015年
蓝光圣菲town城,3室2厅1厨2卫,106㎡,shuangliu,中楼层 (共22层),北,180万,16982元/平米,2009年
翰林上岛,3室1厅1厨2卫,109㎡,shuangliu,高楼层 (共16层),东,158万,14496元/平米,2008年
佳兆业威登郡,3室1厅1厨1卫,88.94㎡,shuangliu,高楼层 (共12层),南,140万,15741元/平米,2013年
富豪新岸,2室2厅1厨1卫,83.59㎡,shuangliu,中楼层 (共12层),东南,92万,11007元/平米,2010年
北京城建龙樾湾,2室2厅1厨1卫,99.5㎡,shuangliu,低楼层 (共37层),南,145万,14573元/平米,2014年
蓝润棠湖春天,2室1厅1厨1卫,59.62㎡,shuangliu,高楼层 (共16层),东,90万,15096元/平米,2014年
和贵久居福,2室2厅1厨1卫,90.43㎡,shuangliu,低楼层 (共18层),南,140万,15482元/平米,2008年
东立国际花城,2室2厅1厨1卫,84.01㎡,shuangliu,低楼层 (共15层),南,110万,13094元/平米,2015年
金座威尼谷,3室2厅1厨2卫,95.33㎡,shuangliu,中楼层 (共24层),东 南,150万,15735元/平米,2015年
富豪新岸,3室2厅1厨1卫,85.44㎡,shuangliu,中楼层 (共5层),东,138万,16152元/平米,2010年
万达明城,2室2厅1厨1卫,94.37㎡,shuangliu,高楼层 (共15层),东南,115万,12187元/平米,2008年
景茂名都,2室2厅1厨1卫,82.92㎡,shuangliu,高楼层 (共13层),北,136万,16402元/平米,2012年
空港晶座,3室2厅1厨2卫,105.5㎡,shuangliu,高楼层 (共24层),南,160万,15166元/平米,2012年
美城云庭,2室1厅1厨1卫,83.63㎡,shuangliu,高楼层 (共33层),西,170万,20328元/平米,2014年
锦绣华都,4室2厅1厨2卫,187.08㎡,shuangliu,高楼层 (共4层),东南,210万,11226元/平米,2005年
大成郡,3室2厅1厨2卫,105.13㎡,shuangliu,低楼层 (共15层),西,160万,15220元/平米,2015年
欧洲印象,2室1厅1厨1卫,57.31㎡,shuangliu,高楼层 (共22层),南,82万,14309元/平米,2012年
临港路二段10号,3室2厅1厨1卫,123.68㎡,shuangliu,低楼层 (共10层),南,115万,9299元/平米,未知年建/
百盛苑二期,2室1厅1厨1卫,69.72㎡,shuangliu,中楼层 (共7层),东,68万,9754元/平米,2004年
欧城花园,3室2厅1厨2卫,146.07㎡,shuangliu,低楼层 (共6层),西北,131万,8969元/平米,2003年
香博城,2室2厅1厨1卫,89.7㎡,shuangliu,低楼层 (共25层),南,110万,12264元/平米,未知年建/
锦绣华都,4室2厅1厨2卫,187.08㎡,shuangliu,高楼层 (共4层),东南,210万,11226元/平米,2005年
大成郡,3室2厅1厨2卫,105.13㎡,shuangliu,低楼层 (共15层),西,160万,15220元/平米,2015年
欧洲印象,2室1厅1厨1卫,57.31㎡,shuangliu,高楼层 (共22层),南,82万,14309元/平米,2012年
临港路二段10号,3室2厅1厨1卫,123.68㎡,shuangliu,低楼层 (共10层),南,115万,9299元/平米,未知年建/
成都早晨,2室2厅1厨1卫,91.64㎡,shuangliu,高楼层 (共14层),西,120万,13095元/平米,2009年
香博城,2室2厅1厨1卫,90.35㎡,shuangliu,高楼层 (共25层),南,108万,11954元/平米,未知年建/
华银美景,2室2厅1厨1卫,68㎡,shuangliu,高楼层 (共18层),南,115万,16912元/平米,2010年
优品时代三期,2室2厅1厨1卫,86.85㎡,shuangliu,高楼层 (共15层),东,138万,15890元/平米,2014年
润扬书院阁,2室2厅1厨1卫,83.63㎡,shuangliu,低楼层 (共14层),南 北,110万,13154元/平米,2007年
四季金悦,2室2厅1厨2卫,87.5㎡,shuangliu,低楼层 (共12层),南,121万,13829元/平米,未知年建
贾家巷43号,3室2厅1厨1卫,134.77㎡,shuangliu,高楼层 (共5层),东南,80万,5937元/平米,未知年建
欧洲印象,2室2厅1厨1卫,89㎡,shuangliu,中楼层 (共23层),东,142万,15956元/平米,2012年
九龙仓时代小镇,4室2厅1厨2卫,144㎡,shuangliu,高楼层 (共9层),南,230万,15973元/平米,2015年
九龙仓时代小镇,2室1厅1厨1卫,78.67㎡,shuangliu,中楼层 (共11层),南,104万,13220元/平米,2014年
富豪新岸,4室2厅1厨3卫,145㎡,shuangliu,低楼层 (共6层),西北,240万,16552元/平米,2010年
龙湖悠山郡二期,4室2厅1厨4卫,321.07㎡,shuangliu,低楼层 (共3层),南 北,320万,9967元/平米,未知年建
龙湖悠山郡二期,4室2厅1厨4卫,321.65㎡,shuangliu,低楼层 (共3层),东 西,398万,12374元/平米,未知年建
书香芳邻一期,4室2厅1厨2卫,154.22㎡,shuangliu,高楼层 (共6层),东南,139万,9014元/平米,未知年建/
长顺路二段18号,5室2厅1厨4卫,235㎡,shuangliu,高楼层 (共6层),东南,160万,6809元/平米,未知年建
佳兆业威登郡,2室2厅1厨1卫,78.51㎡,shuangliu,高楼层 (共12层),南,115万,14648元/平米,2013年
宗申流溪别院,6室3厅2厨2卫,228.16㎡,shuangliu,高楼层 (共6层),东南,205万,8985元/平米,2005年
王府花园一期,4室2厅1厨2卫,149.39㎡,shuangliu,中楼层 (共6层),南,135万,9037元/平米,未知年建
水云花都,4室3厅1厨2卫,161.03㎡,shuangliu,高楼层 (共6层),东南,168万,10433元/平米,未知年建/
弘民苑A区,4室2厅1厨3卫,222.35㎡,shuangliu,高楼层 (共7层),东南,145万,6522元/平米,未知年建/
中信城右岸,5室3厅1厨2卫,157㎡,shuangliu,高楼层 (共33层),南,330万,21020元/平米,未知年建/
欧城雅典,4室2厅1厨3卫,147.32㎡,shuangliu,中楼层 (共11层),西南,160万,10861元/平米,2010年
川网国际花园,3室2厅1厨2卫,98.9㎡,shuangliu,高楼层 (共11层),东,170万,17190元/平米,未知年建/
中信城右岸,5室3厅1厨2卫,157㎡,shuangliu,高楼层 (共33层),南,330万,21020元/平米,未知年建/
川大河畔,3室2厅1厨2卫,116.78㎡,shuangliu,低楼层 (共6层),东,175万,14986元/平米,2005年
佳兆业8号,1室1厅1厨1卫,59.17㎡,shuangliu,中楼层 (共14层),西,80万,13521元/平米,2014年
锦绣华都,1室2厅1厨1卫,60.87㎡,shuangliu,低楼层 (共11层),西,69万,11336元/平米,2005年
大成郡,1室1厅1厨1卫,60.82㎡,shuangliu,高楼层 (共11层),东北,90万,14798元/平米,2015年
华新锦绣尚郡,5室3厅1厨6卫,406.36㎡,shuangliu,低楼层 (共3层),东南,550万,13535元/平米,2017年
中航云岭二期,5室3厅1厨5卫,511.1㎡,shuangliu,低楼层 (共2层),南,500万,9783元/平米,未知年建
城南逸家,5室3厅1厨5卫,341.62㎡,shuangliu,低楼层 (共3层),东南,850万,24882元/平米,2013年
东立国际花城,1室1厅1厨1卫,52㎡,shuangliu,低楼层 (共13层),东南,62万,11924元/平米,2015年
润扬书院阁,1室1厅1厨1卫,44.66㎡,shuangliu,高楼层 (共15层),东南,63万,14107元/平米,2007年
大成天府景秀,2室2厅1厨1卫,87㎡,shuangliu,中楼层 (共6层),西南,90万,10345元/平米,2005年
欧城雅典,1室1厅1厨1卫,50.85㎡,shuangliu,中楼层 (共11层),东南,61万,11997元/平米,2010年
东立国际花城,1室1厅1厨1卫,54.19㎡,shuangliu,中楼层 (共16层),东南,68万,12549元/平米,2015年
蓝润棠湖春天,1室1厅1厨1卫,55.95㎡,shuangliu,低楼层 (共16层),西,83万,14835元/平米,2014年
四季金悦,1室1厅1厨1卫,61.56㎡,shuangliu,低楼层 (共12层),东,88万,14295元/平米,未知年建
锦江苑,3室2厅1厨2卫,129.3㎡,shuangliu,低楼层 (共7层),南,138万,10673元/平米,未知年建/
燕楠国际云锦,3室2厅1厨1卫,86.88㎡,shuangliu,中楼层 (共13层),西北,115万,13237元/平米,未知年建
人居都市阳光,3室2厅1厨1卫,105㎡,shuangliu,低楼层 (共18层),南,123万,11715元/平米,2010年
远大林语城,4室2厅1厨2卫,153.94㎡,shuangliu,高楼层 (共10层),南,240万,15591元/平米,2017年
空港首座,1室1厅1厨1卫,42.06㎡,shuangliu,高楼层 (共16层),北,45万,10700元/平米,2013年
置信牧山丽景二期,5室3厅1厨4卫,333.44㎡,shuangliu,低楼层 (共2层),东 西,1500万,44986元/平米,未知年建
富豪时代,4室2厅1厨3卫,186㎡,shuangliu,高楼层 (共6层),东南,210万,11291元/平米,未知年建/
川大河畔,7室3厅1厨3卫,193.16㎡,shuangliu,高楼层 (共6层),北,240万,12425元/平米,2005年
新科花园,3室2厅1厨2卫,125.15㎡,shuangliu,低楼层 (共6层),东 南,138万,11027元/平米,未知年建
香楠湖,3室2厅1厨2卫,124.7㎡,shuangliu,高楼层 (共6层),南,180万,14435元/平米,2012年
南湖逸家二期,3室2厅1厨2卫,83.54㎡,shuangliu,中楼层 (共33层),东,185万,22146元/平米,2017年
尚港领地,2室2厅1厨1卫,84㎡,shuangliu,低楼层 (共16层),东南,130万,15477元/平米,2014年
南湖逸家二期,3室2厅1厨2卫,84㎡,shuangliu,中楼层 (共34层),南,180万,21429元/平米,2017年
海棠湾,3室2厅1厨2卫,111.68㎡,shuangliu,低楼层 (共14层),西,165万,14775元/平米,2014年
紫东花园,3室2厅1厨1卫,128.47㎡,shuangliu,低楼层 (共6层),东南,96万,7473元/平米,未知年建
花样年别样城,4室2厅1厨2卫,145.46㎡,shuangliu,高楼层 (共6层),南,170万,11688元/平米,2005年
上优水岸,3室2厅1厨2卫,119.32㎡,shuangliu,高楼层 (共6层),东南 西北,157万,13158元/平米,2006年
川网国际花园,2室2厅1厨1卫,88㎡,shuangliu,低楼层 (共11层),南,138万,15682元/平米,未知年建/
四季金悦,2室1厅1厨1卫,88㎡,shuangliu,低楼层 (共12层),东,112万,12728元/平米,2016年
温哥华花园,3室2厅1厨2卫,124.46㎡,shuangliu,中楼层 (共11层),西,175万,14061元/平米,2007年
四季金悦,3室2厅1厨2卫,85.93㎡,shuangliu,高楼层 (共12层),东南,135万,15711元/平米,未知年建/
东立国际花城,2室2厅1厨1卫,90.45㎡,shuangliu,中楼层 (共13层),北,120万,13267元/平米,2015年
空港十六区,3室1厅1厨2卫,129.67㎡,shuangliu,高楼层 (共17层),北,200万,15424元/平米,2009年
和贵久居福,1室1厅1厨1卫,51㎡,shuangliu,高楼层 (共18层),北,72万,14118元/平米,2008年
三和爱汀府,2室1厅1厨1卫,84.13㎡,shuangliu,高楼层 (共11层),东南,130万,15453元/平米,2016年
上优水岸,3室2厅1厨1卫,104.77㎡,shuangliu,高楼层 (共6层),南,150万,14318元/平米,2006年
棠湖泊林镇,3室2厅1厨2卫,126.14㎡,shuangliu,中楼层 (共14层),南,190万,15063元/平米,2011年
国奥村,4室2厅1厨4卫,191㎡,shuangliu,中楼层 (共6层),东南,440万,23037元/平米,2012年
中航云岭一期,5室2厅1厨2卫,414㎡,shuangliu,低楼层 (共2层),西南,460万,11112元/平米,未知年建
瑞丰花园,3室2厅1厨2卫,109㎡,shuangliu,低楼层 (共16层),东南,149万,13670元/平米,2007年
锦绣华都,4室2厅1厨2卫,148.44㎡,shuangliu,高楼层 (共6层),北,135万,9095元/平米,2005年
翰林南城,4室2厅1厨2卫,132.99㎡,shuangliu,高楼层 (共6层),东南 西北,160万,12031元/平米,2007年
佳兆业威登郡,2室2厅1厨1卫,79.58㎡,shuangliu,中楼层 (共12层),东,116万,14577元/平米,2013年
翰林上岛,2室1厅1厨1卫,64.97㎡,shuangliu,低楼层 (共16层),东,93万,14315元/平米,2008年
南湖逸家二期,3室2厅1厨2卫,90.3㎡,shuangliu,低楼层 (共34层),北,170万,18827元/平米,2017年
空港晶座,3室2厅1厨2卫,100.88㎡,shuangliu,高楼层 (共24层),西,145万,14374元/平米,2012年
王府锦苑,3室2厅1厨2卫,114㎡,shuangliu,低楼层 (共6层),南,115万,10088元/平米,2008年
蓝光圣菲town城,3室2厅1厨1卫,86.05㎡,shuangliu,中楼层 (共23层),南,150万,17432元/平米,2009年
温哥华花园,3室2厅1厨2卫,136.92㎡,shuangliu,中楼层 (共6层),南 北,165万,12051元/平米,2006年
东立国际花城,3室2厅1厨1卫,101.84㎡,shuangliu,高楼层 (共14层),南,145万,14239元/平米,2015年
海棠丽景,5室3厅1厨3卫,206.16㎡,shuangliu,高楼层 (共6层),西南,195万,9459元/平米,未知年建/
蓝光圣菲town城,2室2厅1厨1卫,77.61㎡,shuangliu,高楼层 (共23层),西北,125万,16107元/平米,2009年
华兴家园,4室2厅1厨2卫,148㎡,shuangliu,中楼层 (共6层),西北,130万,8784元/平米,未知年建
大成天府景秀,4室2厅1厨2卫,142㎡,shuangliu,高楼层 (共6层),南,125万,8803元/平米,2005年
民政局宿舍,3室2厅1厨1卫,105.64㎡,shuangliu,中楼层 (共7层),南,78万,7384元/平米,2000年
水木华夏,5室2厅1厨2卫,171.04㎡,shuangliu,高楼层 (共6层),南,175万,10232元/平米,未知年建/
顺风苑,3室1厅1厨1卫,127.17㎡,shuangliu,中楼层 (共5层),南,105万,8257元/平米,2005年
维也纳森林别墅,5室2厅1厨4卫,334.83㎡,shuangliu,低楼层 (共2层),东南,499万,14904元/平米,未知年建
牧马山牧山湖蔚蓝卡地亚,4室3厅1厨5卫,483.95㎡,shuangliu,低楼层 (共3层),西南,800万,16531元/平米,未知年建
牧马山易城,4室3厅1厨5卫,362.76㎡,shuangliu,低楼层 (共3层),东南,520万,14335元/平米,未知年建
中航云岭二期,7室4厅1厨7卫,1363.03㎡,shuangliu,低楼层 (共2层),南,2500万,18342元/平米,未知年建
东立国际花城,1室1厅1厨1卫,49.87㎡,shuangliu,高楼层 (共14层),西北 北,68万,13636元/平米,2015年
锦绣楠郡,3室1厅1厨2卫,140㎡,shuangliu,高楼层 (共18层),南,205万,14643元/平米,2000年
城南逸家,4室2厅1厨3卫,409.39㎡,shuangliu,低楼层 (共3层),东,638万,15585元/平米,2013年
广场路56号,3室2厅1厨2卫,97.12㎡,shuangliu,高楼层 (共6层),东南,78万,8032元/平米,未知年建
百盛苑二期,3室2厅1厨1卫,109.5㎡,shuangliu,中楼层 (共7层),东南,106万,9681元/平米,2004年
四季金悦,4室2厅1厨2卫,107㎡,shuangliu,低楼层 (共12层),南,162万,15141元/平米,未知年建/
大成天府景秀,3室2厅1厨2卫,125.02㎡,shuangliu,高楼层 (共6层),西南,135万,10799元/平米,2005年
燕楠国际云锦,4室2厅1厨2卫,107.58㎡,shuangliu,低楼层 (共13层),东南,160万,14873元/平米,未知年建
温哥华南苑,4室2厅1厨2卫,141㎡,shuangliu,低楼层 (共17层),南,211万,14965元/平米,2013年
贵通御苑映月湾,3室1厅1厨1卫,97.35㎡,shuangliu,中楼层 (共16层),南,150万,15409元/平米,2014年
北京城建龙樾湾,2室2厅1厨1卫,98.27㎡,shuangliu,中楼层 (共37层),南,160万,16282元/平米,2014年
文星花园,3室2厅1厨1卫,100.67㎡,shuangliu,中楼层 (共18层),西南,141万,14007元/平米,2010年
蓝润棠湖春天,2室2厅1厨1卫,78㎡,shuangliu,中楼层 (共16层),东,125万,16026元/平米,2014年
美城云庭,3室2厅1厨2卫,121.93㎡,shuangliu,低楼层 (共32层),南,225万,18454元/平米,2014年
国奥村,3室2厅1厨2卫,138.26㎡,shuangliu,中楼层 (共13层),南 北,210万,15189元/平米,2012年
新航印象,3室2厅1厨2卫,123.6㎡,shuangliu,中楼层 (共6层),南,136万,11004元/平米,2007年
美城云庭,3室2厅1厨2卫,114.82㎡,shuangliu,高楼层 (共33层),西,210万,18290元/平米,2014年
大成郡,2室1厅1厨1卫,56.71㎡,shuangliu,中楼层 (共14层),西南,86万,15165元/平米,2015年
蓝光圣菲town城,3室2厅1厨2卫,111.34㎡,shuangliu,高楼层 (共22层),西南,182万,16347元/平米,2009年
香楠湖,1室1厅1厨1卫,59.15㎡,shuangliu,高楼层 (共16层),东,78万,13187元/平米,2012年
南湖逸家二期,3室2厅1厨1卫,74.44㎡,shuangliu,高楼层 (共30层),南,145万,19479元/平米,2017年
南丽湾,2室2厅1厨1卫,82.45㎡,shuangliu,中楼层 (共6层),东,108万,13099元/平米,2005年
宗申流溪丽园,3室2厅1厨1卫,136.17㎡,shuangliu,高楼层 (共6层),西,161万,11824元/平米,2007年
保利叶语,3室2厅1厨2卫,93.4㎡,shuangliu,中楼层 (共32层),南,175万,18737元/平米,2015年
新双城,2室2厅1厨1卫,76.65㎡,shuangliu,低楼层 (共12层),东,100万,13047元/平米,未知年建/
东立国际花城,1室1厅1厨1卫,52.5㎡,shuangliu,低楼层 (共15层),南,69万,13143元/平米,2015年
三盛翡俪山,6室4厅1厨4卫,500.2㎡,shuangliu,低楼层 (共3层),东北,860万,17194元/平米,2015年
和贵馨城,4室2厅1厨3卫,239.23㎡,shuangliu,高楼层 (共4层),南,500万,20901元/平米,2003年
人居都市阳光,1室1厅1厨1卫,60.64㎡,shuangliu,中楼层 (共16层),东,75万,12369元/平米,2010年
龙湖悠山郡,4室3厅1厨4卫,320.03㎡,shuangliu,低楼层 (共3层),东南,330万,10312元/平米,2014年
城南逸家,4室3厅1厨5卫,268㎡,shuangliu,低楼层 (共4层),西,385万,14366元/平米,2013年
嘉美地,3室1厅1厨1卫,85㎡,shuangliu,高楼层 (共26层),南,160万,18824元/平米,2012年
清泰路二段96号,3室2厅1厨1卫,123.3㎡,shuangliu,中楼层 (共6层),西南,85万,6894元/平米,未知年建
人居都市阳光,4室2厅1厨2卫,160㎡,shuangliu,低楼层 (共18层),北,185万,11563元/平米,2010年
花月东街10号,3室2厅1厨2卫,158.3㎡,shuangliu,中楼层 (共7层),东,112万,7076元/平米,未知年建
海棠金宇,4室3厅1厨2卫,157.85㎡,shuangliu,中楼层 (共6层),南,110万,6969元/平米,未知年建/
家益庭园,4室2厅1厨2卫,147.6㎡,shuangliu,中楼层 (共18层),西北,198万,13415元/平米,未知年建/
九龙仓时代上城,3室2厅1厨2卫,101.9㎡,shuangliu,高楼层 (共28层),南,190万,18646元/平米,未知年建/
空港晶座,3室2厅1厨2卫,99.5㎡,shuangliu,中楼层 (共22层),南,150万,15076元/平米,2012年
前锋空港国际,2室2厅1厨1卫,82㎡,shuangliu,中楼层 (共17层),东南,127万,15488元/平米,2015年
学府嘉苑,3室2厅1厨2卫,127㎡,shuangliu,高楼层 (共6层),南,146万,11497元/平米,2007年
长城家院,2室1厅1厨1卫,94㎡,shuangliu,高楼层 (共5层),南,85万,9043元/平米,未知年建/
中信城右岸,3室2厅1厨1卫,89.34㎡,shuangliu,低楼层 (共33层),北,195万,21827元/平米,未知年建/
佳兆业威登郡,2室2厅1厨1卫,77.35㎡,shuangliu,高楼层 (共10层),东北,115万,14868元/平米,2013年
空港晶座,2室2厅1厨1卫,79.92㎡,shuangliu,低楼层 (共24层),东,115万,14390元/平米,2012年
翰林上岛,3室2厅1厨1卫,89㎡,shuangliu,低楼层 (共16层),南,140万,15731元/平米,2008年
远大林语城,3室2厅1厨2卫,104.32㎡,shuangliu,高楼层 (共10层),北,190万,18214元/平米,2017年
祺瑞名居,3室2厅1厨1卫,98㎡,shuangliu,高楼层 (共6层),东南,91万,9286元/平米,2002年
南湖逸家二期,3室2厅1厨1卫,75㎡,shuangliu,中楼层 (共33层),南,135万,18000元/平米,2017年
佳兆业8号,3室2厅1厨2卫,93㎡,shuangliu,中楼层 (共14层),南,150万,16130元/平米,2014年
香楠湖,3室2厅1厨2卫,120.99㎡,shuangliu,中楼层 (共16层),南,182万,15043元/平米,2012年
蛟龙银座,2室2厅1厨1卫,80㎡,shuangliu,中楼层 (共17层),西,74万,9250元/平米,未知年建/
锦江苑,3室2厅1厨1卫,129.3㎡,shuangliu,高楼层 (共7层),南,110万,8508元/平米,未知年建/
贵通御苑映月湾,2室2厅1厨1卫,68.63㎡,shuangliu,中楼层 (共12层),西,93.5万,13624元/平米,2014年
贵通御苑映月湾,2室2厅1厨1卫,68.63㎡,shuangliu,中楼层 (共12层),西,93.5万,13624元/平米,2014年
富豪新岸,3室2厅1厨2卫,109.89㎡,shuangliu,低楼层 (共12层),西,130万,11831元/平米,2010年
温哥华南苑,4室2厅1厨2卫,123.47㎡,shuangliu,低楼层 (共17层),东,158万,12797元/平米,2013年
宗申赛纳维,1室0厅0厨2卫,257.21㎡,shuangliu,中楼层 (共12层),东南,180万,6999元/平米,2014年
大成天府景秀,3室2厅1厨2卫,135.84㎡,shuangliu,中楼层 (共6层),南,120万,8834元/平米,2005年
翰林风华,3室2厅1厨2卫,121.6㎡,shuangliu,高楼层 (共6层),北,125万,10280元/平米,未知年建/
远大林语城,5室2厅1厨3卫,294.21㎡,shuangliu,低楼层 (共3层),南,440万,14956元/平米,未知年建
大成天府景秀,3室2厅1厨2卫,130.95㎡,shuangliu,中楼层 (共6层),南,130万,9928元/平米,2005年
九龙仓时代小镇,2室2厅1厨1卫,78.84㎡,shuangliu,高楼层 (共11层),南,125万,15855元/平米,2016年
中信城右岸,3室2厅1厨1卫,89.43㎡,shuangliu,高楼层 (共33层),南,168万,18786元/平米,未知年建/
警馨苑,4室2厅1厨2卫,145.41㎡,shuangliu,低楼层 (共18层),西,195万,13411元/平米,2011年
蛟龙银座,3室2厅1厨2卫,118㎡,shuangliu,高楼层 (共18层),南,135万,11441元/平米,未知年建/
蓝润棠湖春天,3室2厅1厨1卫,83㎡,shuangliu,高楼层 (共16层),南 北,140万,16868元/平米,2014年
文星花园,3室2厅1厨2卫,136.46㎡,shuangliu,高楼层 (共18层),北,154万,11286元/平米,2010年
空港十六区,2室2厅1厨1卫,77㎡,shuangliu,低楼层 (共11层),南,99万,12858元/平米,2009年
棠湖泊林镇,3室2厅1厨2卫,103.69㎡,shuangliu,低楼层 (共6层),南,162万,15624元/平米,2011年
美好家园,3室2厅1厨2卫,123.05㎡,shuangliu,低楼层 (共13层),西北,170万,13816元/平米,2013年
海棠公馆一期,3室2厅1厨1卫,102㎡,shuangliu,高楼层 (共14层),西南,155万,15197元/平米,2012年
贵通御苑枫景,2室1厅1厨1卫,89.88㎡,shuangliu,中楼层 (共6层),南,130万,14464元/平米,未知年建/
东明街48号,2室2厅1厨1卫,92.03㎡,shuangliu,高楼层 (共7层),东南,68万,7389元/平米,未知年建
翰林南城,2室2厅1厨1卫,87.14㎡,shuangliu,中楼层 (共15层),东南,118万,13542元/平米,2007年
远大林语城,2室2厅1厨1卫,82.66㎡,shuangliu,高楼层 (共8层),南,132万,15970元/平米,未知年建
香博城,2室1厅1厨1卫,89.71㎡,shuangliu,低楼层 (共25层),北,110万,12262元/平米,未知年建/
国奥村,3室2厅1厨2卫,125㎡,shuangliu,高楼层 (共6层),南,220万,17600元/平米,2012年
大成郡,3室2厅1厨2卫,106.08㎡,shuangliu,低楼层 (共15层),南,165万,15555元/平米,2015年
王府花园三期,2室2厅1厨1卫,72.52㎡,shuangliu,高楼层 (共6层),南,85万,11721元/平米,2003年
双流县中医院职工宿舍,3室2厅1厨2卫,139㎡,shuangliu,中楼层 (共6层),西南 北,120万,8634元/平米,未知年建
北大资源燕楠国际,3室1厅1厨2卫,80.56㎡,shuangliu,低楼层 (共13层),东南,140万,17379元/平米,2017年
三里风物,3室2厅1厨2卫,129.45㎡,shuangliu,高楼层 (共6层),东南,125万,9657元/平米,未知年建
空港晶座,3室2厅1厨2卫,106.5㎡,shuangliu,中楼层 (共24层),东,160万,15024元/平米,2012年
华银美景,2室2厅1厨1卫,83.5㎡,shuangliu,高楼层 (共18层),南,135万,16168元/平米,2010年
成都早晨,2室2厅1厨1卫,93㎡,shuangliu,中楼层 (共14层),南,138万,14839元/平米,2009年
翰林上岛,2室2厅1厨1卫,70.26㎡,shuangliu,低楼层 (共16层),东,110万,15657元/平米,2008年
华宜上锦,2室1厅1厨1卫,72.18㎡,shuangliu,高楼层 (共26层),东,136万,18842元/平米,2014年
北京城建龙樾湾,4室2厅1厨2卫,162.7㎡,shuangliu,低楼层 (共37层),东,200万,12293元/平米,2014年
东立国际花城,2室2厅1厨1卫,78㎡,shuangliu,高楼层 (共15层),南,105万,13462元/平米,2015年
翰林南城,4室2厅1厨2卫,122.2㎡,shuangliu,高楼层 (共6层),南 北,186万,15221元/平米,2007年
,,,shuangliu,,,,,
北京城建龙樾湾,2室2厅1厨1卫,78.85㎡,shuangliu,高楼层 (共38层),东南,135万,17122元/平米,2014年
景茂名都,2室2厅1厨1卫,85.65㎡,shuangliu,高楼层 (共13层),东,150万,17514元/平米,2012年
水云花都,3室2厅1厨2卫,118.52㎡,shuangliu,低楼层 (共6层),北,159万,13416元/平米,未知年建/
南湖逸家二期,3室1厅1厨1卫,65.38㎡,shuangliu,中楼层 (共34层),东南,125万,19119元/平米,2017年
锦绣楠郡,3室1厅1厨2卫,140㎡,shuangliu,高楼层 (共18层),南,190万,13572元/平米,2000年
空港晶座,3室2厅1厨2卫,106.77㎡,shuangliu,中楼层 (共24层),东,155万,14518元/平米,2012年
南丽湾,2室2厅1厨1卫,82.45㎡,shuangliu,中楼层 (共6层),东,120万,14555元/平米,2005年
欧洲印象,3室2厅1厨2卫,119.02㎡,shuangliu,低楼层 (共23层),南,170万,14284元/平米,2012年
华银美景,3室1厅1厨1卫,89.18㎡,shuangliu,中楼层 (共18层),南,135万,15138元/平米,2010年
优品时代三期,3室1厅1厨2卫,118.37㎡,shuangliu,低楼层 (共15层),东,188万,15883元/平米,2014年
华腾舒云居,2室2厅1厨1卫,73㎡,shuangliu,中楼层 (共13层),南,110万,15069元/平米,未知年建/
佳兆业8号,2室1厅1厨2卫,73.63㎡,shuangliu,高楼层 (共14层),南,113万,15348元/平米,2014年
国栋南园五星城,1室1厅1厨1卫,58㎡,shuangliu,中楼层 (共13层),东,65万,11207元/平米,2010年
富豪新岸,2室2厅1厨1卫,95㎡,shuangliu,中楼层 (共8层),东,130万,13685元/平米,2010年
置信牧山丽景三期,4室2厅1厨4卫,294.39㎡,shuangliu,低楼层 (共3层),南 北,376万,12773元/平米,未知年建
太禾水晶城,3室2厅1厨2卫,135.91㎡,shuangliu,中楼层 (共11层),南,168万,12362元/平米,未知年建/
紫东花园,3室2厅1厨2卫,110.07㎡,shuangliu,中楼层 (共6层),东南 西北,110万,9994元/平米,未知年建/
宗申赛纳维,1室0厅0厨0卫,113.69㎡,shuangliu,低楼层 (共1层),西南,341万,29994元/平米,未知年建
金玉满堂,2室1厅1厨1卫,47㎡,shuangliu,高楼层 (共18层),南,62万,13192元/平米,未知年建/
宗申赛纳维,1室1厅0厨0卫,46.02㎡,shuangliu,中楼层 (共12层),东,35.8万,7780元/平米,2014年
远大林语城,3室2厅1厨2卫,99.21㎡,shuangliu,中楼层 (共8层),南,170万,17136元/平米,未知年建
四季金悦,3室2厅1厨1卫,84.3㎡,shuangliu,低楼层 (共12层),西,135万,16015元/平米,未知年建/
景茂名都,3室2厅1厨1卫,73㎡,shuangliu,高楼层 (共13层),西,135万,18494元/平米,2012年
海棠湾,3室2厅1厨2卫,141㎡,shuangliu,低楼层 (共16层),东南,238万,16880元/平米,2014年
空港十六区,3室2厅1厨2卫,120.77㎡,shuangliu,低楼层 (共18层),东,160万,13249元/平米,2009年
四季金悦,3室2厅1厨1卫,84.3㎡,shuangliu,低楼层 (共12层),西,135万,16015元/平米,未知年建/
翰林南城,4室2厅1厨2卫,132.41㎡,shuangliu,高楼层 (共6层),东南,172万,12990元/平米,2007年
佳兆业8号,2室2厅1厨1卫,76㎡,shuangliu,中楼层 (共14层),北,120万,15790元/平米,2014年
美城云庭,4室2厅1厨2卫,150.6㎡,shuangliu,低楼层 (共32层),西,240万,15937元/平米,2014年
千禧公寓A区,3室2厅1厨1卫,112.48㎡,shuangliu,高楼层 (共6层),东南,100万,8891元/平米,2004年
美城云庭,5室1厅1厨2卫,139.1㎡,shuangliu,低楼层 (共32层),北,230万,16535元/平米,2014年
香楠湖,2室2厅1厨1卫,91㎡,shuangliu,低楼层 (共16层),东南,105万,11539元/平米,2012年
九龙仓时代小镇,2室2厅1厨1卫,80㎡,shuangliu,低楼层 (共11层),北,120万,15000元/平米,2014年
远大林语城,5室2厅1厨3卫,276.92㎡,shuangliu,低楼层 (共1层),南,450万,16251元/平米,2017年
弗客城,3室2厅1厨1卫,89.5㎡,shuangliu,中楼层 (共18层),南 北,130万,14526元/平米,2011年
润扬书院阁,1室1厅1厨1卫,46.62㎡,shuangliu,中楼层 (共15层),西,65万,13943元/平米,2007年
保利叶语,5室2厅1厨4卫,179.17㎡,shuangliu,低楼层 (共3层),南,550万,30698元/平米,未知年建
弘民苑C区,3室2厅1厨2卫,129.84㎡,shuangliu,高楼层 (共6层),东南,90万,6932元/平米,2005年
远大林语城,4室2厅1厨3卫,250㎡,shuangliu,低楼层 (共3层),南,420万,16800元/平米,未知年建
城南逸家,4室3厅1厨5卫,398.27㎡,shuangliu,低楼层 (共3层),南,720万,18079元/平米,2013年
空港国际城一期,1室1厅0厨1卫,60㎡,shuangliu,中楼层 (共17层),西南,55万,9167元/平米,2013年
保利叶语,4室2厅1厨2卫,111㎡,shuangliu,中楼层 (共32层),南,210万,18919元/平米,2015年
三强北路一段154号,4室2厅1厨2卫,176.53㎡,shuangliu,低楼层 (共3层),东南,108万,6118元/平米,未知年建
保利叶语,3室2厅1厨2卫,96.74㎡,shuangliu,低楼层 (共27层),南,187万,19331元/平米,2015年
九龙仓时代小镇,2室2厅1厨1卫,79㎡,shuangliu,低楼层 (共11层),东,130万,16456元/平米,2016年
蓝光圣菲town城,3室1厅1厨1卫,86㎡,shuangliu,低楼层 (共23层),西,145万,16861元/平米,2009年
南丽湾,3室1厅1厨2卫,112.49㎡,shuangliu,高楼层 (共6层),南,155万,13780元/平米,2005年
中信城右岸,3室2厅1厨2卫,103.84㎡,shuangliu,高楼层 (共33层),东南,190万,18298元/平米,2018年
新双城,2室2厅1厨1卫,83.45㎡,shuangliu,中楼层 (共12层),西南 西,120万,14380元/平米,2015年
香博城,3室2厅1厨2卫,127.34㎡,shuangliu,中楼层 (共7层),南 北,195万,15314元/平米,未知年建/
棠湖泊林镇,3室2厅1厨1卫,109㎡,shuangliu,中楼层 (共6层),南,150万,13762元/平米,2011年
川网国际花园,2室2厅1厨1卫,83㎡,shuangliu,低楼层 (共11层),南,125万,15061元/平米,未知年建/
美城云庭,3室2厅1厨2卫,136.17㎡,shuangliu,低楼层 (共32层),北,230万,16891元/平米,2014年
蓝光圣菲town城,2室1厅1厨1卫,70.33㎡,shuangliu,低楼层 (共23层),西南,130万,18485元/平米,2009年
佳兆业8号,3室2厅1厨2卫,88.86㎡,shuangliu,高楼层 (共14层),北,165万,18569元/平米,2014年
人居都市阳光,3室2厅1厨2卫,139.1㎡,shuangliu,中楼层 (共18层),东,220万,15816元/平米,2010年
棠湖泊林镇,3室2厅1厨1卫,109㎡,shuangliu,中楼层 (共6层),南,150万,13762元/平米,2011年
贵通御苑映月湾,3室2厅1厨2卫,115.5㎡,shuangliu,低楼层 (共16层),西,165万,14286元/平米,2012年
香博城,3室2厅1厨2卫,127.34㎡,shuangliu,中楼层 (共7层),南 北,195万,15314元/平米,未知年建/
时代锦城,3室2厅1厨2卫,111.37㎡,shuangliu,高楼层 (共15层),南,170万,15265元/平米,2011年
翰林南城,2室2厅1厨1卫,89㎡,shuangliu,高楼层 (共6层),东 西,125万,14045元/平米,2007年
华兴家园,4室2厅1厨2卫,150㎡,shuangliu,低楼层 (共6层),南,135万,9000元/平米,未知年建
欧香苑,2室2厅1厨1卫,86㎡,shuangliu,高楼层 (共18层),南 北,95万,11047元/平米,未知年建/
紫东润院,3室2厅1厨2卫,86.03㎡,shuangliu,低楼层 (共11层),东南,106万,12322元/平米,未知年建/
水云花都,3室2厅1厨2卫,29.77㎡,shuangliu,地下室 (共0层),北,8万,2688元/平米,未知年建
优品时代三期,6室2厅1厨5卫,329.62㎡,shuangliu,低楼层 (共3层),南,700万,21237元/平米,2014年
月都家园,2室2厅1厨1卫,92.2㎡,shuangliu,高楼层 (共7层),东,88万,9545元/平米,2004年
龙湖悠山郡四期,3室2厅1厨3卫,252.2㎡,shuangliu,低楼层 (共3层),南,260万,10310元/平米,未知年建
加国枫韵,3室2厅1厨3卫,109.43㎡,shuangliu,中楼层 (共6层),东,108万,9870元/平米,未知年建
蓝光圣菲town城,2室1厅1厨1卫,79.08㎡,shuangliu,中楼层 (共23层),北,140万,17704元/平米,2009年
平安巷35号,2室1厅1厨1卫,58.97㎡,shuangliu,中楼层 (共6层),东南,47万,7971元/平米,未知年建/
江安逸人居,1室1厅1厨1卫,45.03㎡,shuangliu,低楼层 (共7层),东,55万,12215元/平米,2009年
加贝书香尚品,2室2厅1厨1卫,72.89㎡,shuangliu,中楼层 (共15层),南,95万,13034元/平米,2007年
和贵久居福,3室2厅1厨2卫,116.44㎡,shuangliu,高楼层 (共18层),北,165万,14171元/平米,2008年
宗申流溪丽园,3室2厅1厨2卫,119.08㎡,shuangliu,低楼层 (共6层),南 北,155万,13017元/平米,2007年
宗申赛纳维二期,2室2厅1厨1卫,99㎡,shuangliu,中楼层 (共12层),西南,71万,7172元/平米,未知年建
人居都市阳光,1室2厅1厨1卫,60㎡,shuangliu,中楼层 (共18层),东南,76万,12667元/平米,2010年
佳兆业威登郡,2室2厅1厨1卫,82.28㎡,shuangliu,高楼层 (共12层),西,128万,15557元/平米,2013年
嘉美地,2室1厅1厨1卫,61.56㎡,shuangliu,高楼层 (共18层),西北,135万,21930元/平米,2012年
蓝光圣菲town城,2室2厅1厨1卫,76.79㎡,shuangliu,高楼层 (共23层),南,125万,16279元/平米,2009年
佳兆业威登郡,2室2厅1厨1卫,82.28㎡,shuangliu,高楼层 (共12层),西,128万,15557元/平米,2013年
东立国际花城,2室2厅1厨1卫,89.97㎡,shuangliu,中楼层 (共14层),南,120万,13338元/平米,2015年
宗申赛纳维二期,1室1厅1厨1卫,46.44㎡,shuangliu,低楼层 (共12层),东南,38万,8183元/平米,未知年建/
萨尔茨堡,6室2厅1厨4卫,278㎡,shuangliu,低楼层 (共3层),南,330万,11871元/平米,未知年建
空港国际城一期,1室0厅1厨1卫,32.18㎡,shuangliu,中楼层 (共19层),东,29.8万,9261元/平米,未知年建/
新秀花园,3室2厅1厨2卫,127.93㎡,shuangliu,低楼层 (共6层),东南,99万,7739元/平米,未知年建/
保利叶语,3室1厅1厨2卫,99.53㎡,shuangliu,中楼层 (共32层),西,165万,16578元/平米,2015年
时代锦城,1室1厅1厨1卫,59.75㎡,shuangliu,高楼层 (共15层),南,75万,12553元/平米,2011年
远大林语城,4室2厅1厨4卫,283.43㎡,shuangliu,低楼层 (共3层),南,400万,14113元/平米,2014年
艾佳上邸,2室2厅1厨1卫,64.41㎡,shuangliu,中楼层 (共12层),东南,108万,16768元/平米,未知年建/
龙湖悠山郡二期,4室2厅1厨4卫,320.44㎡,shuangliu,低楼层 (共3层),南,295万,9207元/平米,未知年建
温哥华花园五期,1室0厅0厨1卫,40.22㎡,shuangliu,高楼层 (共13层),东,29.8万,7410元/平米,未知年建/
空港首座,1室0厅1厨1卫,42.16㎡,shuangliu,高楼层 (共16层),东,46万,10911元/平米,2013年
空港国际城一期,1室1厅1厨1卫,50.53㎡,shuangliu,高楼层 (共19层),东,51万,10094元/平米,2013年
宗申赛纳维二期,1室0厅0厨0卫,140.6㎡,shuangliu,中楼层 (共11层),南,120万,8535元/平米,未知年建/
蛟龙银座,2室2厅1厨1卫,74㎡,shuangliu,高楼层 (共17层),东南,75万,10136元/平米,未知年建/
花样年别样城,3室2厅1厨2卫,133.26㎡,shuangliu,低楼层 (共6层),南,135万,10131元/平米,2005年
棠湖泊林镇,2室2厅1厨1卫,83.64㎡,shuangliu,高楼层 (共14层),东南,116万,13869元/平米,2011年
月都家园,4室2厅1厨1卫,167.73㎡,shuangliu,高楼层 (共7层),南,142万,8466元/平米,2004年
锦丽园,6室2厅1厨3卫,274.64㎡,shuangliu,低楼层 (共3层),南,320万,11652元/平米,未知年建
龙湖悠山郡四期,3室2厅1厨3卫,250.53㎡,shuangliu,低楼层 (共3层),北,280万,11177元/平米,未知年建
锦绣华都,3室2厅1厨2卫,116.14㎡,shuangliu,中楼层 (共6层),东南,120万,10333元/平米,2005年
空港十六区,3室2厅1厨2卫,30.12㎡,shuangliu,地下室 (共0层),南 西南 西,8万,2657元/平米,未知年建
龙湖悠山郡四期,3室2厅1厨2卫,264.17㎡,shuangliu,低楼层 (共3层),东南,260万,9843元/平米,未知年建
龙湖悠山郡四期,3室2厅1厨4卫,285㎡,shuangliu,低楼层 (共3层),东南,500万,17544元/平米,未知年建
南阳锦城锦绣阁,3室2厅1厨2卫,133.88㎡,shuangliu,高楼层 (共6层),南,130万,9711元/平米,2008年
嘉美地,3室1厅1厨1卫,88.32㎡,shuangliu,高楼层 (共26层),西,180万,20381元/平米,2012年
海棠湾,2室2厅1厨1卫,88.52㎡,shuangliu,高楼层 (共16层),东南,110万,12427元/平米,2014年
银泰花园,4室2厅1厨3卫,277.8㎡,shuangliu,低楼层 (共3层),东南,350万,12599元/平米,2010年
空港国际城一期,1室1厅1厨1卫,92.65㎡,shuangliu,高楼层 (共17层),东南,70万,7556元/平米,2013年
空港国际城一期,1室1厅1厨1卫,92.65㎡,shuangliu,高楼层 (共17层),东南,70万,7556元/平米,2013年
海棠公馆一期,2室2厅1厨1卫,83㎡,shuangliu,低楼层 (共16层),西,100万,12049元/平米,2012年
成都新天地,2室2厅1厨1卫,75.88㎡,shuangliu,中楼层 (共17层),西南,78万,10280元/平米,2010年
黄河中路二段161号,3室2厅1厨2卫,150.48㎡,shuangliu,高楼层 (共6层),东,128万,8507元/平米,未知年建
迎春佳苑,2室2厅1厨1卫,86㎡,shuangliu,中楼层 (共6层),东南,80万,9303元/平米,未知年建/
北京城建龙樾湾,4室2厅1厨2卫,139.24㎡,shuangliu,中楼层 (共37层),北,230万,16519元/平米,2014年
贵通御苑映月湾,1室1厅1厨1卫,48.5㎡,shuangliu,中楼层 (共12层),南,75万,15464元/平米,2014年
人居都市阳光,3室2厅1厨2卫,105.6㎡,shuangliu,低楼层 (共14层),南,145万,13732元/平米,2010年
润扬书院阁,1室1厅1厨1卫,52.02㎡,shuangliu,低楼层 (共15层),南,70万,13457元/平米,2007年
城南逸家,5室3厅1厨3卫,284.21㎡,shuangliu,低楼层 (共2层),东南,680万,23926元/平米,2013年
翰林上岛,3室1厅1厨2卫,109㎡,shuangliu,高楼层 (共16层),东南,198万,18166元/平米,2008年
九龙仓时代小镇,2室1厅1厨1卫,76㎡,shuangliu,低楼层 (共11层),西南,123万,16185元/平米,2014年
蓝光圣菲town城,2室1厅1厨1卫,21.62㎡,shuangliu,地下室 (共0层),南,12万,5551元/平米,2009年
和贵久居福,1室1厅1厨1卫,51㎡,shuangliu,低楼层 (共18层),北,80万,15687元/平米,2008年
温哥华花园,3室2厅1厨2卫,110.91㎡,shuangliu,低楼层 (共6层),东,152万,13705元/平米,2006年
通瑞月光湖,2室2厅1厨1卫,64.44㎡,shuangliu,低楼层 (共26层),南,95万,14743元/平米,未知年建/
江南宅院,5室2厅1厨3卫,274㎡,shuangliu,低楼层 (共3层),南,450万,16424元/平米,2007年
蓝光圣菲town城,2室2厅1厨1卫,79.21㎡,shuangliu,低楼层 (共23层),东南,136万,17170元/平米,2009年
东立国际花城,2室1厅1厨1卫,52.55㎡,shuangliu,低楼层 (共13层),东南,68万,12941元/平米,2015年
牧马山牧山湖蔚蓝卡地亚,5室3厅1厨5卫,575.01㎡,shuangliu,低楼层 (共3层),南,1100万,19131元/平米,2008年
大成天府景秀,3室2厅1厨2卫,135.5㎡,shuangliu,中楼层 (共6层),南,148万,10923元/平米,2005年
佳兆业8号,3室2厅1厨2卫,92.54㎡,shuangliu,高楼层 (共14层),东,130万,14048元/平米,2014年
佳兆业8号,3室2厅1厨1卫,93.07㎡,shuangliu,中楼层 (共14层),东南,126万,13539元/平米,2014年
佳兆业威登郡,2室2厅1厨1卫,78.33㎡,shuangliu,高楼层 (共12层),西北,120万,15320元/平米,2013年
棠湖公寓,3室2厅1厨2卫,144.59㎡,shuangliu,中楼层 (共6层),西南,108万,7470元/平米,未知年建
保利叶语,3室2厅1厨1卫,80.68㎡,shuangliu,中楼层 (共27层),南,145万,17973元/平米,2015年
人居都市阳光,3室2厅1厨2卫,126.63㎡,shuangliu,低楼层 (共18层),东南,140万,11056元/平米,2010年
牧马山牧山湖蔚蓝卡地亚,4室3厅1厨5卫,520㎡,shuangliu,低楼层 (共3层),南,900万,17308元/平米,2008年
牧马山牧山湖蔚蓝卡地亚,4室2厅1厨5卫,500㎡,shuangliu,低楼层 (共3层),南,1200万,24000元/平米,2008年
空港国际城一期,1室1厅1厨1卫,47.31㎡,shuangliu,高楼层 (共19层),南 北,45万,9512元/平米,2013年
东立国际花城,1室1厅1厨1卫,52.5㎡,shuangliu,高楼层 (共15层),南,72万,13715元/平米,2015年
牧马山牧山湖蔚蓝卡地亚,4室3厅1厨5卫,520㎡,shuangliu,低楼层 (共3层),南,900万,17308元/平米,2008年
牧马山牧山湖蔚蓝卡地亚,4室2厅1厨5卫,500㎡,shuangliu,低楼层 (共3层),南,1200万,24000元/平米,2008年
九龙仓时代小镇,2室1厅1厨1卫,79.33㎡,shuangliu,低楼层 (共11层),西北,120万,15127元/平米,2014年
成都新天地,2室2厅1厨1卫,76.12㎡,shuangliu,中楼层 (共17层),东,75万,9853元/平米,2010年
东明街36号,3室3厅1厨2卫,151.6㎡,shuangliu,低楼层 (共6层),东南,108万,7125元/平米,2000年
优品时代三期,5室2厅1厨3卫,343.38㎡,shuangliu,低楼层 (共3层),南,750万,21842元/平米,2014年
月都家园,5室2厅1厨2卫,258.95㎡,shuangliu,高楼层 (共6层),南,190万,7338元/平米,2004年
置信牧山丽景一期,3室2厅1厨4卫,231.18㎡,shuangliu,低楼层 (共3层),东南,397万,17173元/平米,未知年建
四季金悦,1室1厅1厨1卫,59.41㎡,shuangliu,中楼层 (共12层),东南,79万,13298元/平米,未知年建
美城云庭,2室1厅1厨1卫,90.7㎡,shuangliu,高楼层 (共32层),西,168万,18523元/平米,2014年
蓝光圣菲town城,3室2厅1厨1卫,89.76㎡,shuangliu,高楼层 (共23层),南,150万,16712元/平米,2009年
贵通御苑枫景,3室2厅1厨2卫,153.76㎡,shuangliu,高楼层 (共6层),南 北,210万,13658元/平米,未知年建/
温哥华花园,2室2厅1厨1卫,72.97㎡,shuangliu,中楼层 (共16层),南,100万,13705元/平米,2009年
华新锦绣尚郡,4室3厅1厨5卫,315㎡,shuangliu,低楼层 (共3层),东南,300万,9524元/平米,2017年
香博城,3室2厅1厨2卫,136.73㎡,shuangliu,低楼层 (共7层),南 北,215万,15725元/平米,未知年建/
空港国际城一期,1室1厅1厨1卫,50.68㎡,shuangliu,中楼层 (共17层),东南,59万,11642元/平米,2013年
大成郡,3室2厅1厨1卫,96.09㎡,shuangliu,低楼层 (共15层),西北,168万,17484元/平米,2015年
前锋空港国际,1室1厅1厨1卫,57㎡,shuangliu,低楼层 (共17层),西,80万,14036元/平米,2015年
大成公寓,5室2厅1厨2卫,194.79㎡,shuangliu,高楼层 (共7层),东南,180万,9241元/平米,未知年建/
金座威尼谷,4室2厅1厨2卫,124㎡,shuangliu,中楼层 (共17层),南,186万,15000元/平米,未知年建/
江安逸人居,2室2厅1厨1卫,101.51㎡,shuangliu,低楼层 (共7层),东南,130万,12807元/平米,2009年
东立国际花城,2室2厅1厨1卫,76.8㎡,shuangliu,中楼层 (共14层),东,106万,13803元/平米,2015年
太禾水晶城,3室2厅1厨2卫,127.74㎡,shuangliu,低楼层 (共6层),西,145万,11352元/平米,2008年
龙湖悠山郡二期,4室3厅1厨4卫,369.51㎡,shuangliu,低楼层 (共3层),西,280万,7578元/平米,未知年建
温哥华花园,5室2厅1厨2卫,177.9㎡,shuangliu,低楼层 (共11层),南,235万,13210元/平米,2007年
牧马山牧山湖蔚蓝卡地亚,4室3厅1厨5卫,510㎡,shuangliu,低楼层 (共3层),东南,795万,15589元/平米,未知年建
锦丽园,7室3厅1厨3卫,318.3㎡,shuangliu,低楼层 (共3层),南,485万,15238元/平米,未知年建
置信牧山丽景三期,4室2厅1厨5卫,294.39㎡,shuangliu,低楼层 (共3层),南,450万,15286元/平米,未知年建
三强北路一段154号,4室2厅1厨2卫,176.53㎡,shuangliu,低楼层 (共3层),南 北,102万,5779元/平米,未知年建
置信牧山丽景三期,4室2厅1厨5卫,294.39㎡,shuangliu,低楼层 (共3层),南,450万,15286元/平米,未知年建
三强北路一段154号,4室2厅1厨2卫,176.53㎡,shuangliu,低楼层 (共3层),南 北,102万,5779元/平米,未知年建
空港国际城一期,1室0厅0厨1卫,32.18㎡,shuangliu,中楼层 (共19层),西南,30万,9323元/平米,2013年
弘民新城,2室2厅1厨1卫,84.08㎡,shuangliu,中楼层 (共6层),东南,84万,9991元/平米,2008年
宗申赛纳维二期,1室0厅0厨0卫,63.08㎡,shuangliu,高楼层 (共12层),南,35万,5549元/平米,2011年
和贵馨城,5室2厅1厨3卫,321.92㎡,shuangliu,高楼层 (共4层),南,483万,15004元/平米,2003年
远大林语城,5室1厅1厨4卫,263.57㎡,shuangliu,低楼层 (共3层),南,650万,24662元/平米,未知年建
中外运小区,2室2厅1厨2卫,128㎡,shuangliu,高楼层 (共6层),南,88万,6875元/平米,未知年建/
牧马山牧山湖蔚蓝卡地亚,5室3厅1厨5卫,620㎡,shuangliu,低楼层 (共3层),南,1100万,17742元/平米,2008年
大成天府景秀,3室2厅1厨1卫,107.06㎡,shuangliu,中楼层 (共6层),南,95万,8874元/平米,2005年
蓝光圣菲town城,2室2厅1厨1卫,79.75㎡,shuangliu,高楼层 (共23层),西北,140万,17555元/平米,2009年
嘉美地,2室2厅1厨1卫,66.13㎡,shuangliu,中楼层 (共26层),东,120万,18147元/平米,2012年
空港国际城一期,1室0厅0厨0卫,67.99㎡,shuangliu,高楼层 (共16层),北,58万,8531元/平米,2013年
中航云岭二期,5室3厅1厨6卫,464.39㎡,shuangliu,低楼层 (共2层),西北,580万,12490元/平米,未知年建
华兴苑A区,7室2厅1厨4卫,379.62㎡,shuangliu,低楼层 (共3层),东,800万,21074元/平米,未知年建
龙湖悠山郡,3室2厅1厨3卫,249.62㎡,shuangliu,低楼层 (共4层),东 西,265万,10617元/平米,未知年建
通瑞月光湖,4室2厅1厨1卫,109.99㎡,shuangliu,低楼层 (共26层),东,150万,13638元/平米,未知年建/
棠湖泊林城,5室2厅1厨4卫,344.56㎡,shuangliu,低楼层 (共3层),西南,630万,18285元/平米,2017年
华银美景,3室2厅1厨2卫,123.98㎡,shuangliu,中楼层 (共6层),东南,166万,13390元/平米,2010年
空港星品地,1室0厅1厨1卫,39.49㎡,shuangliu,高楼层 (共14层),东,45万,11396元/平米,2013年
蓝光圣菲town城,1室0厅1厨1卫,22.33㎡,shuangliu,地下室 (共0层),西,14.6万,6539元/平米,2009年
国栋南园五星城,3室2厅1厨1卫,133.39㎡,shuangliu,中楼层 (共13层),东南,150万,11246元/平米,2010年
大成天府景秀,1室2厅1厨1卫,58.34㎡,shuangliu,中楼层 (共6层),西北,56万,9599元/平米,2005年
大成天府景秀,3室2厅1厨2卫,141㎡,shuangliu,低楼层 (共6层),东南,120万,8511元/平米,2005年
大成天府景秀,2室2厅1厨1卫,91.76㎡,shuangliu,高楼层 (共6层),西,95万,10354元/平米,2005年
上优水岸,2室2厅1厨1卫,28.34㎡,shuangliu,地下室 (共0层),南,10万,3529元/平米,未知年建
金玉满堂,1室1厅1厨1卫,54.18㎡,shuangliu,高楼层 (共18层),南,70万,12920元/平米,未知年建/
祥和公寓,2室2厅1厨1卫,79.68㎡,shuangliu,高楼层 (共6层),西南,62万,7782元/平米,未知年建/
翰林上岛,2室1厅1厨1卫,67.81㎡,shuangliu,低楼层 (共16层),东南,105万,15485元/平米,2008年
蓝光圣菲town城,2室1厅1厨1卫,69.01㎡,shuangliu,高楼层 (共23层),北,112万,16230元/平米,2009年
西安路小区,3室2厅1厨1卫,99.3㎡,shuangliu,低楼层 (共6层),西南,82万,8258元/平米,未知年建
东立国际花城,2室2厅1厨1卫,78.97㎡,shuangliu,中楼层 (共13层),北,106万,13423元/平米,2015年
空港国际城一期,1室1厅1厨1卫,42.42㎡,shuangliu,中楼层 (共19层),东,32万,7544元/平米,未知年建/
牧马山易城,5室2厅1厨2卫,308.38㎡,shuangliu,低楼层 (共3层),南,463万,15014元/平米,未知年建
锦尚阳光,2室1厅1厨1卫,77.29㎡,shuangliu,中楼层 (共14层),南,108万,13974元/平米,未知年建/
水云花都,2室1厅1厨1卫,23.81㎡,shuangliu,地下室 (共0层),东南,8万,3360元/平米,未知年建
弘民新城,2室2厅1厨1卫,95.15㎡,shuangliu,低楼层 (共6层),南,75万,7883元/平米,未知年建/
顺城街49号,2室2厅1厨1卫,76.65㎡,shuangliu,中楼层 (共7层),东 北,45万,5871元/平米,未知年建/
贵通御苑雙楠城,3室2厅1厨1卫,93.3㎡,shuangliu,低楼层 (共13层),东南,115万,12326元/平米,2014年
蓝光圣菲town城,4室2厅1厨2卫,141.56㎡,shuangliu,低楼层 (共18层),东南,200万,14129元/平米,2009年
锦镇,5室3厅1厨2卫,253㎡,shuangliu,低楼层 (共4层),东南,335万,13242元/平米,未知年建/
佳兆业8号,3室2厅1厨2卫,91.76㎡,shuangliu,高楼层 (共14层),西,130万,14168元/平米,2014年
三盛翡俪山,4室2厅1厨2卫,280㎡,shuangliu,低楼层 (共3层),东南,230万,8215元/平米,未知年建/
川网国际花园,2室2厅1厨1卫,87.9㎡,shuangliu,中楼层 (共11层),南,120万,13652元/平米,未知年建/
锦绣华都,3室2厅1厨2卫,117.84㎡,shuangliu,中楼层 (共6层),东南,125万,10608元/平米,2005年
佳兆业8号,3室2厅1厨2卫,91㎡,shuangliu,中楼层 (共14层),南,146万,16044元/平米,2014年
大成天府景秀二期,2室2厅1厨2卫,91.54㎡,shuangliu,高楼层 (共6层),南,92万,10051元/平米,2005年
城南逸家,4室3厅1厨4卫,226.29㎡,shuangliu,低楼层 (共5层),南 北,528万,23333元/平米,未知年建
空港十六区,4室2厅1厨2卫,178㎡,shuangliu,中楼层 (共18层),东,200万,11236元/平米,2009年
兰亭半岛,3室2厅1厨1卫,99.87㎡,shuangliu,低楼层 (共11层),南,163万,16322元/平米,未知年建/
龙湖悠山郡二期,3室2厅1厨3卫,368.52㎡,shuangliu,低楼层 (共3层),南,350万,9498元/平米,未知年建
空港星品地,1室0厅1厨1卫,40㎡,shuangliu,低楼层 (共14层),南,55万,13750元/平米,2013年
空港国际城一期,1室1厅1厨1卫,37.55㎡,shuangliu,中楼层 (共17层),东,40万,10653元/平米,2013年
江安逸人居,1室0厅1厨1卫,53.46㎡,shuangliu,低楼层 (共7层),东南,65万,12159元/平米,2009年
宗申赛纳维二期,1室1厅1厨1卫,54.18㎡,shuangliu,高楼层 (共6层),南 北,47万,8675元/平米,未知年建
金座蓉城胜景,3室2厅1厨2卫,143.5㎡,shuangliu,高楼层 (共15层),东南,185万,12892元/平米,2014年
锦绣华都,3室2厅1厨2卫,131.6㎡,shuangliu,中楼层 (共11层),东南,135万,10259元/平米,2005年
新双城,3室2厅1厨2卫,110.28㎡,shuangliu,低楼层 (共12层),东,154万,13965元/平米,未知年建/
温哥华花园六期,3室2厅1厨2卫,100.94㎡,shuangliu,低楼层 (共16层),西,145万,14365元/平米,2013年
王府锦苑,2室2厅1厨2卫,80.97㎡,shuangliu,高楼层 (共6层),南,120万,14821元/平米,2008年
温哥华花园六期,3室2厅1厨2卫,100.94㎡,shuangliu,低楼层 (共16层),西,145万,14365元/平米,2013年
王府锦苑,2室2厅1厨2卫,80.97㎡,shuangliu,高楼层 (共6层),南,120万,14821元/平米,2008年
欧香苑,2室1厅1厨1卫,85.66㎡,shuangliu,中楼层 (共6层),南,90万,10507元/平米,未知年建/
九龙仓时代小镇,3室2厅1厨2卫,140.74㎡,shuangliu,中楼层 (共9层),东,225万,15987元/平米,2014年
鑫东祥瑞,2室1厅1厨1卫,89㎡,shuangliu,低楼层 (共12层),南,125万,14045元/平米,未知年建/
和贵久居福,2室1厅1厨1卫,87.78㎡,shuangliu,高楼层 (共17层),南,125万,14241元/平米,2008年
骑士郡,1室1厅1厨1卫,48.69㎡,shuangliu,高楼层 (共16层),东,64万,13145元/平米,2016年
通瑞月光湖,2室2厅1厨1卫,90㎡,shuangliu,高楼层 (共26层),南,142万,15778元/平米,未知年建/
蓝润华府春天,3室2厅1厨1卫,86.73㎡,shuangliu,中楼层 (共17层),西南,145万,16719元/平米,未知年建/
美城云庭,3室2厅1厨2卫,120㎡,shuangliu,高楼层 (共32层),东南,230万,19167元/平米,2014年
远大林语城,2室1厅1厨1卫,91㎡,shuangliu,高楼层 (共11层),南,145万,15935元/平米,未知年建
佳兆业8号,2室1厅1厨1卫,75.01㎡,shuangliu,中楼层 (共14层),南,111万,14799元/平米,2014年
王府花园二期,3室2厅1厨2卫,153.52㎡,shuangliu,高楼层 (共6层),东,130万,8468元/平米,未知年建
江南宅院,5室2厅1厨3卫,267.87㎡,shuangliu,低楼层 (共3层),东南,520万,19413元/平米,2007年
空港新天地,2室2厅1厨1卫,85.91㎡,shuangliu,高楼层 (共16层),南,125万,14551元/平米,2010年
东升大院,3室2厅1厨1卫,109.14㎡,shuangliu,中楼层 (共5层),南,75万,6872元/平米,未知年建
锦绣华都,5室2厅1厨2卫,178.11㎡,shuangliu,高楼层 (共4层),西北,175万,9826元/平米,2005年
蛟龙银座,3室1厅1厨2卫,98㎡,shuangliu,低楼层 (共18层),北,120万,12245元/平米,未知年建/
锦绣楠郡,1室1厅1厨1卫,57㎡,shuangliu,高楼层 (共18层),东南,63万,11053元/平米,2000年
新秀花园,3室2厅1厨2卫,130.54㎡,shuangliu,中楼层 (共6层),东南,118万,9040元/平米,2005年
空港国际城二期,1室1厅1厨1卫,41.23㎡,shuangliu,低楼层 (共18层),东,42万,10187元/平米,2013年
温哥华花园五期,1室0厅1厨1卫,44.42㎡,shuangliu,高楼层 (共13层),东,34万,7655元/平米,未知年建/
蓝光圣菲town城,1室0厅1厨1卫,36.15㎡,shuangliu,地下室 (共0层),南,13万,3597元/平米,2009年
蓝光圣菲town城,1室0厅1厨1卫,35㎡,shuangliu,地下室 (共0层),西南,12万,3429元/平米,2009年
双樱阁,1室2厅1厨1卫,48.85㎡,shuangliu,低楼层 (共17层),东南,70万,14330元/平米,2010年
空港国际城一期,2室2厅1厨1卫,50.48㎡,shuangliu,低楼层 (共17层),东,60万,11886元/平米,2013年
欧洲印象,2室2厅1厨1卫,89㎡,shuangliu,中楼层 (共23层),东,140万,15731元/平米,2012年
时代锦城,2室2厅1厨1卫,74.05㎡,shuangliu,高楼层 (共16层),南,96万,12965元/平米,2011年
南湖逸家二期,3室2厅1厨1卫,73.59㎡,shuangliu,中楼层 (共34层),南,145万,19704元/平米,2017年
路桥家园,2室2厅1厨1卫,75㎡,shuangliu,高楼层 (共13层),东南,82万,10934元/平米,未知年建/
空港国际城一期,1室0厅0厨1卫,64.38㎡,shuangliu,高楼层 (共16层),北,55万,8544元/平米,2013年
空港国际城一期,1室0厅0厨1卫,118.7㎡,shuangliu,高楼层 (共16层),北,100万,8425元/平米,2013年
空港国际城一期,1室0厅0厨1卫,148.5㎡,shuangliu,高楼层 (共16层),北,126万,8485元/平米,2013年
空港国际城一期,1室0厅0厨1卫,66.66㎡,shuangliu,高楼层 (共16层),南,57万,8551元/平米,2013年
空港国际城一期,1室0厅0厨1卫,66.44㎡,shuangliu,高楼层 (共16层),北,57万,8580元/平米,2013年
空港国际城一期,1室0厅0厨1卫,63.21㎡,shuangliu,高楼层 (共16层),北,54万,8543元/平米,2013年
空港国际城一期,1室0厅0厨1卫,66.44㎡,shuangliu,高楼层 (共16层),北,57万,8580元/平米,2013年
空港国际城一期,1室0厅0厨1卫,66.5㎡,shuangliu,高楼层 (共16层),北,57万,8572元/平米,2013年
三盛翡俪山,4室3厅1厨5卫,279.65㎡,shuangliu,低楼层 (共3层),南,320万,11443元/平米,未知年建/
蓝光空港国际城,1室1厅0厨1卫,34.5㎡,shuangliu,中楼层 (共18层),东,45万,13044元/平米,2014年
蓝光空港国际城,1室1厅1厨1卫,62.9㎡,shuangliu,中楼层 (共18层),南,65万,10334元/平米,2014年
空港国际城一期,1室0厅1厨1卫,54.5㎡,shuangliu,中楼层 (共19层),东,46万,8441元/平米,2013年
蓝光空港国际城,1室1厅1厨1卫,42.42㎡,shuangliu,中楼层 (共18层),南,42万,9901元/平米,2014年
棠湖帝景,1室1厅1厨1卫,30.85㎡,shuangliu,地下室 (共0层),南,15万,4863元/平米,未知年建
海棠金宇,3室3厅1厨2卫,145.44㎡,shuangliu,低楼层 (共6层),东南,120万,8251元/平米,未知年建/
温哥华花园二期,3室3厅1厨2卫,32.43㎡,shuangliu,地下室 (共0层),东,11万,3392元/平米,未知年建
佳兆业8号,3室2厅1厨2卫,93㎡,shuangliu,中楼层 (共14层),南,130万,13979元/平米,2014年
千禧公寓A区,5室2厅1厨3卫,177.2㎡,shuangliu,低楼层 (共6层),南,146万,8240元/平米,未知年建/
空港国际城二期,1室0厅0厨1卫,31.42㎡,shuangliu,高楼层 (共18层),东南,31万,9867元/平米,2013年
空港国际城一期,1室0厅0厨1卫,31.69㎡,shuangliu,低楼层 (共19层),东,60万,18934元/平米,2013年
宗申赛纳维,1室0厅0厨1卫,77.58㎡,shuangliu,低楼层 (共12层),东,56万,7219元/平米,未知年建/
黄河中路二段161号,3室2厅1厨1卫,150.56㎡,shuangliu,低楼层 (共6层),南,128万,8502元/平米,未知年建
贵通御苑三期,2室2厅1厨1卫,69㎡,shuangliu,低楼层 (共14层),南,88万,12754元/平米,2011年
蓝润棠湖春天,1室1厅1厨1卫,55.74㎡,shuangliu,低楼层 (共16层),南,83万,14891元/平米,2014年
香博城,3室2厅1厨2卫,135㎡,shuangliu,低楼层 (共7层),东南,170万,12593元/平米,未知年建/
美好家园,3室2厅1厨2卫,144.57㎡,shuangliu,低楼层 (共13层),南,200万,13835元/平米,2013年
美好家园,3室2厅1厨2卫,148㎡,shuangliu,高楼层 (共13层),南,238万,16082元/平米,2013年
翰林上岛,3室2厅1厨1卫,88.86㎡,shuangliu,中楼层 (共16层),东南,150万,16881元/平米,2008年
双樱阁,1室1厅1厨1卫,50.53㎡,shuangliu,高楼层 (共17层),南 北,72万,14249元/平米,2010年
南湖逸家二期,3室2厅1厨2卫,90.3㎡,shuangliu,低楼层 (共34层),南,180万,19934元/平米,2017年
翰林上岛,3室2厅1厨1卫,88.86㎡,shuangliu,中楼层 (共16层),东南,150万,16881元/平米,2008年
双樱阁,1室1厅1厨1卫,50.53㎡,shuangliu,高楼层 (共17层),南 北,72万,14249元/平米,2010年
美好家园,3室2厅1厨2卫,148㎡,shuangliu,高楼层 (共13层),南,238万,16082元/平米,2013年
南湖逸家二期,3室2厅1厨2卫,90.3㎡,shuangliu,低楼层 (共34层),南,180万,19934元/平米,2017年
美城云庭,3室1厅1厨2卫,138.75㎡,shuangliu,中楼层 (共32层),北,258万,18595元/平米,2014年
建行双流支行2号宿舍,2室2厅1厨1卫,81.87㎡,shuangliu,低楼层 (共6层),东南,70万,8551元/平米,未知年建
四季金悦,1室1厅1厨1卫,64.61㎡,shuangliu,中楼层 (共12层),东,76.8万,11887元/平米,未知年建
海棠湾,2室2厅1厨1卫,81.49㎡,shuangliu,高楼层 (共16层),东南,140万,17181元/平米,2014年
空港国际城一期,1室1厅1厨1卫,42.42㎡,shuangliu,中楼层 (共19层),南,42万,9901元/平米,2013年
温哥华花园五期,1室0厅1厨1卫,44.42㎡,shuangliu,高楼层 (共13层),东,34万,7655元/平米,未知年建/
温哥华花园五期,1室0厅1厨1卫,39.49㎡,shuangliu,高楼层 (共13层),东,30万,7597元/平米,未知年建/
美好家园,1室0厅1厨1卫,23.57㎡,shuangliu,地下室 (共0层),东,8万,3395元/平米,未知年建
海棠金宇,3室2厅1厨1卫,95㎡,shuangliu,中楼层 (共6层),东南,84万,8843元/平米,未知年建/
空港国际城一期,1室0厅0厨1卫,63.21㎡,shuangliu,高楼层 (共16层),北,54万,8543元/平米,2013年
空港国际城一期,1室0厅0厨1卫,67.52㎡,shuangliu,高楼层 (共16层),北,57万,8442元/平米,2013年
花月东街10号,2室2厅1厨1卫,89.5㎡,shuangliu,中楼层 (共7层),南,70万,7822元/平米,未知年建
南丽湾,2室2厅1厨1卫,90.1㎡,shuangliu,高楼层 (共6层),北,115万,12764元/平米,2005年
文星花园,2室2厅1厨1卫,98.09㎡,shuangliu,低楼层 (共18层),南,128万,13050元/平米,2010年
贵通御苑雙楠城,3室2厅1厨2卫,116㎡,shuangliu,中楼层 (共14层),西南,139万,11983元/平米,2014年
宗申赛纳维二期,1室0厅1厨1卫,49.64㎡,shuangliu,中楼层 (共12层),东南,35万,7051元/平米,未知年建
蓝光圣菲town城,3室2厅1厨1卫,88.64㎡,shuangliu,高楼层 (共22层),西南,145万,16359元/平米,2009年
人居都市阳光,1室1厅1厨1卫,60.7㎡,shuangliu,高楼层 (共14层),东南,75万,12356元/平米,2010年
和贵久居福,1室1厅1厨1卫,29.77㎡,shuangliu,地下室 (共0层),西南,10万,3360元/平米,未知年建
新双城,2室2厅1厨1卫,84.9㎡,shuangliu,中楼层 (共9层),西,102万,12015元/平米,2015年
三盛翡俪山,3室2厅1厨4卫,263㎡,shuangliu,高楼层 (共4层),南,342万,13004元/平米,未知年建
南湖逸家二期,3室1厅1厨1卫,75㎡,shuangliu,高楼层 (共32层),西,140万,18667元/平米,2017年
空港国际城一期,1室0厅0厨0卫,133.91㎡,shuangliu,低楼层 (共19层),南,148万,11053元/平米,2013年
空港国际城一期,1室0厅0厨0卫,113.39㎡,shuangliu,低楼层 (共19层),南,130万,11465元/平米,2013年
翰林上岛,2室1厅1厨1卫,70.08㎡,shuangliu,中楼层 (共16层),东南,105万,14983元/平米,2008年
贵通御苑雙楠城,3室2厅1厨2卫,102㎡,shuangliu,高楼层 (共13层),东南,110万,10785元/平米,未知年建
空港晶座,3室2厅1厨1卫,98.29㎡,shuangliu,高楼层 (共24层),东,145万,14753元/平米,2012年
香楠湖,2室2厅1厨1卫,92.13㎡,shuangliu,中楼层 (共16层),南,112万,12157元/平米,2012年
贵通御苑枫景,2室1厅1厨1卫,89.88㎡,shuangliu,低楼层 (共6层),南,117万,13018元/平米,未知年建/
海棠湾,2室2厅1厨1卫,82㎡,shuangliu,中楼层 (共16层),北,115万,14025元/平米,2014年
银泰花园,6室3厅1厨4卫,398.5㎡,shuangliu,地下室 (共3层),南,590万,14806元/平米,2010年
景茂名都,3室2厅1厨2卫,112㎡,shuangliu,低楼层 (共13层),南,168万,15000元/平米,2012年
江安逸人居,1室1厅1厨1卫,57.37㎡,shuangliu,中楼层 (共7层),南,65万,11330元/平米,2009年
空港首座,2室1厅1厨1卫,76.27㎡,shuangliu,低楼层 (共16层),西南,100万,13112元/平米,2013年
银泰花园,4室2厅1厨3卫,280㎡,shuangliu,低楼层 (共3层),南,420万,15000元/平米,2010年
香楠湖,2室2厅1厨1卫,92.64㎡,shuangliu,中楼层 (共16层),东南,120万,12954元/平米,2012年
空港小院花语,1室1厅1厨1卫,56.65㎡,shuangliu,中楼层 (共16层),南,70万,12357元/平米,2015年
