锦绣森邻,3室2厅1厨2卫,142.83㎡,wenjiang,中楼层 (共11层),西南,165万,11553元/平米,2008年
朝阳时代西锦,2室2厅1厨2卫,86.96㎡,wenjiang,高楼层 (共33层),东南,103万,11845元/平米,2014年
金河谷二期,4室2厅1厨2卫,190.93㎡,wenjiang,高楼层 (共4层),南 北,260万,13618元/平米,2016年
万科朗润园,3室1厅1厨2卫,124㎡,wenjiang,低楼层 (共33层),东,168万,13549元/平米,2007年
建信奥林匹克花园,2室2厅1厨1卫,96.59㎡,wenjiang,高楼层 (共18层),北,120万,12424元/平米,2006年
珠江御景湾,4室2厅1厨2卫,140.6㎡,wenjiang,中楼层 (共18层),东北,220万,15648元/平米,2015年
格凌兰,3室2厅1厨2卫,88.59㎡,wenjiang,高楼层 (共26层),西北,120万,13546元/平米,2016年
佳兆业丽晶港,2室2厅1厨1卫,71.66㎡,wenjiang,低楼层 (共33层),西南,110万,15351元/平米,2012年
彩叠园1B期,4室2厅1厨3卫,149.51㎡,wenjiang,中楼层 (共5层),南,250万,16722元/平米,2013年
置信学府杏林一期,3室2厅1厨2卫,121.15㎡,wenjiang,低楼层 (共18层),东,120万,9906元/平米,2013年
朝阳时代西锦,2室2厅1厨1卫,91.11㎡,wenjiang,高楼层 (共33层),西北,99万,10866元/平米,2014年
世纪光华,2室2厅1厨1卫,85.4㎡,wenjiang,低楼层 (共18层),东南,88万,10305元/平米,2007年
彩叠园1A期,3室2厅1厨2卫,109.26㎡,wenjiang,中楼层 (共18层),南 北,186万,17024元/平米,2013年
蓝光香瑞湖,2室2厅1厨1卫,87.51㎡,wenjiang,中楼层 (共26层),西,130万,14856元/平米,2009年
金河谷一期,2室2厅1厨2卫,87㎡,wenjiang,高楼层 (共18层),南,132万,15173元/平米,2016年
美茵河谷,2室2厅1厨1卫,89.67㎡,wenjiang,中楼层 (共6层),西北,115万,12825元/平米,2007年
光华国际,2室2厅1厨1卫,79.88㎡,wenjiang,高楼层 (共30层),西北,105万,13145元/平米,2013年
玺龙湾,4室2厅1厨2卫,140.18㎡,wenjiang,低楼层 (共32层),东北,190万,13555元/平米,2016年
鹭湖宫二区,3室2厅1厨3卫,177.05㎡,wenjiang,低楼层 (共3层),东北,280万,15815元/平米,未知年建
万科朗润园,2室1厅1厨1卫,87.27㎡,wenjiang,中楼层 (共33层),东,135万,15470元/平米,2007年
美茵河谷,3室1厅1厨2卫,132.56㎡,wenjiang,高楼层 (共6层),东南,175万,13202元/平米,2007年
美茵河谷,3室1厅1厨2卫,131.88㎡,wenjiang,中楼层 (共11层),南,160万,12133元/平米,2007年
春江青龙湾,3室2厅1厨2卫,111㎡,wenjiang,高楼层 (共18层),西,98万,8829元/平米,2012年
金强公寓,2室2厅1厨1卫,96.89㎡,wenjiang,高楼层 (共6层),西,58万,5987元/平米,未知年建/
海科智城,2室1厅1厨1卫,86.13㎡,wenjiang,高楼层 (共17层),西北,78万,9057元/平米,2010年
海科名城,3室2厅1厨2卫,119.92㎡,wenjiang,中楼层 (共27层),南,125万,10424元/平米,2011年
恒大城二期,3室1厅1厨1卫,89.17㎡,wenjiang,中楼层 (共30层),东南,132万,14804元/平米,2012年
万科朗润园,2室1厅1厨1卫,84.95㎡,wenjiang,低楼层 (共33层),西南,120万,14126元/平米,2007年
公园大道,2室2厅1厨2卫,96.5㎡,wenjiang,中楼层 (共12层),南,123万,12747元/平米,2012年
海科智城,3室2厅1厨2卫,121.53㎡,wenjiang,中楼层 (共17层),西北,100万,8229元/平米,2010年
春天大道,4室2厅1厨3卫,290.79㎡,wenjiang,低楼层 (共5层),南,465万,15991元/平米,2009年
海科智城,3室2厅1厨2卫,121.53㎡,wenjiang,中楼层 (共17层),西北,100万,8229元/平米,2010年
金强公寓,2室2厅1厨1卫,96.89㎡,wenjiang,高楼层 (共6层),西,58万,5987元/平米,未知年建/
海科智城,2室1厅1厨1卫,86.13㎡,wenjiang,高楼层 (共17层),西北,78万,9057元/平米,2010年
海科名城,3室2厅1厨2卫,119.92㎡,wenjiang,中楼层 (共27层),南,125万,10424元/平米,2011年
恒大城二期,3室1厅1厨1卫,89.17㎡,wenjiang,中楼层 (共30层),东南,132万,14804元/平米,2012年
万科朗润园,2室1厅1厨1卫,84.95㎡,wenjiang,低楼层 (共33层),西南,120万,14126元/平米,2007年
公园大道,2室2厅1厨2卫,96.5㎡,wenjiang,中楼层 (共12层),南,123万,12747元/平米,2012年
恒大城一期,3室2厅1厨1卫,92.6㎡,wenjiang,中楼层 (共33层),东北,127万,13715元/平米,2010年
万科朗润园,3室2厅1厨2卫,119.83㎡,wenjiang,低楼层 (共33层),西,167万,13937元/平米,2007年
恒大城三期,3室1厅1厨1卫,91.27㎡,wenjiang,中楼层 (共30层),东南,130万,14244元/平米,2013年
和信孔雀天成,2室2厅1厨1卫,91.57㎡,wenjiang,高楼层 (共33层),南,120万,13105元/平米,2015年
恒大城一期,3室2厅1厨1卫,105.36㎡,wenjiang,中楼层 (共11层),南,155万,14712元/平米,2010年
森宇音乐花园,5室3厅1厨4卫,269.24㎡,wenjiang,高楼层 (共6层),东南,240万,8914元/平米,2004年
德坤海地亚,3室2厅1厨1卫,91.65㎡,wenjiang,低楼层 (共18层),东南,92万,10039元/平米,2015年
格凌兰,3室2厅1厨2卫,89.91㎡,wenjiang,中楼层 (共32层),西北,135万,15016元/平米,2016年
置信香颐丽都,3室2厅1厨1卫,106.38㎡,wenjiang,高楼层 (共5层),西南,118万,11093元/平米,未知年建/
巨龙环岛国际社区,3室2厅1厨2卫,127.01㎡,wenjiang,高楼层 (共17层),东 西,160万,12598元/平米,2011年
珠江国际花园,4室2厅1厨2卫,147㎡,wenjiang,中楼层 (共32层),东南,210万,14286元/平米,2009年
海科名城,2室2厅1厨1卫,84.68㎡,wenjiang,高楼层 (共17层),西南,100万,11810元/平米,2011年
佳兆业丽晶港,3室2厅1厨1卫,87.73㎡,wenjiang,中楼层 (共33层),东,140万,15959元/平米,2012年
蓝光香瑞湖,3室2厅1厨1卫,106.99㎡,wenjiang,低楼层 (共24层),南,150万,14021元/平米,2009年
珠江御景湾,4室2厅1厨2卫,163.02㎡,wenjiang,中楼层 (共31层),东北,280万,17176元/平米,2015年
安居苑,4室3厅1厨2卫,160.8㎡,wenjiang,低楼层 (共7层),南,128万,7961元/平米,2000年
西财学府尚郡,4室2厅1厨2卫,123.01㎡,wenjiang,中楼层 (共11层),西北,125万,10162元/平米,2013年
海科名城,3室2厅1厨2卫,123.93㎡,wenjiang,中楼层 (共11层),南,134万,10813元/平米,2011年
朝阳时代西锦,2室2厅1厨1卫,90.94㎡,wenjiang,中楼层 (共33层),西北,95万,10447元/平米,2014年
佳兆业丽晶港,4室2厅1厨2卫,133.66㎡,wenjiang,高楼层 (共33层),西北,245万,18331元/平米,2012年
鹭湖宫五号社区,4室1厅1厨2卫,142.27㎡,wenjiang,中楼层 (共30层),西北,168万,11809元/平米,2012年
西财学府憬城,3室2厅1厨1卫,92.35㎡,wenjiang,中楼层 (共26层),西北,108万,11695元/平米,2014年
海科名城,1室1厅1厨1卫,48.44㎡,wenjiang,高楼层 (共26层),南,54.6万,11272元/平米,2009年
花样年花样城,2室2厅1厨1卫,81.99㎡,wenjiang,低楼层 (共33层),西北,75万,9148元/平米,未知年建
水韵尚城,4室1厅1厨2卫,183.37㎡,wenjiang,中楼层 (共25层),西北,170万,9271元/平米,2009年
格凌兰,3室2厅1厨2卫,81.34㎡,wenjiang,高楼层 (共32层),东北,136万,16720元/平米,2016年
公园大道,2室2厅1厨1卫,95.41㎡,wenjiang,中楼层 (共29层),东南,120万,12578元/平米,2012年
金河谷一期,3室2厅1厨2卫,141.87㎡,wenjiang,中楼层 (共26层),东南,220万,15508元/平米,2016年
恒大城一期,3室1厅1厨1卫,89㎡,wenjiang,中楼层 (共33层),东南,150万,16854元/平米,2010年
蓝光香瑞湖,3室2厅1厨2卫,137.88㎡,wenjiang,中楼层 (共26层),南,180万,13055元/平米,2009年
佳兆业丽晶港,4室2厅1厨2卫,123.37㎡,wenjiang,高楼层 (共33层),西南,220万,17833元/平米,2012年
德坤海地亚,2室2厅1厨1卫,97.81㎡,wenjiang,中楼层 (共5层),西南,115万,11758元/平米,2013年
建信奥林匹克花园,3室2厅1厨2卫,126.32㎡,wenjiang,高楼层 (共6层),东 西,148万,11717元/平米,2006年
西班牙森林一期,3室2厅1厨2卫,136.49㎡,wenjiang,中楼层 (共7层),南 北,189万,13848元/平米,2010年
中铁瑞景澜庭,3室2厅1厨2卫,117㎡,wenjiang,中楼层 (共6层),东南,170万,14530元/平米,2012年
佳兆业丽晶港,2室2厅1厨1卫,72.61㎡,wenjiang,高楼层 (共33层),东南,110万,15150元/平米,2012年
彩叠园1A期,5室3厅1厨3卫,216.29㎡,wenjiang,低楼层 (共5层),南,334万,15443元/平米,2013年
春天大道,4室2厅1厨3卫,251㎡,wenjiang,中楼层 (共7层),东 东南 西,460万,18327元/平米,2009年
中铁丽景书香,3室2厅1厨1卫,89.29㎡,wenjiang,中楼层 (共29层),南,96万,10752元/平米,2016年
锦绣森邻,4室2厅1厨2卫,180㎡,wenjiang,中楼层 (共5层),东,240.5万,13362元/平米,2008年
千禧河畔B区,2室2厅1厨1卫,81㎡,wenjiang,高楼层 (共33层),东南,110万,13581元/平米,2016年
朝阳时代西锦,2室2厅1厨1卫,87.72㎡,wenjiang,中楼层 (共33层),东北,109万,12426元/平米,2014年
海科名城,1室1厅1厨1卫,49.66㎡,wenjiang,中楼层 (共26层),西南,60万,12083元/平米,2009年
佳兆业丽晶港,4室1厅1厨2卫,113.87㎡,wenjiang,高楼层 (共33层),东南,195万,17125元/平米,2012年
春天大道,3室2厅1厨2卫,137.66㎡,wenjiang,高楼层 (共25层),东北,220万,15982元/平米,2009年
安居苑,3室2厅1厨2卫,127.79㎡,wenjiang,高楼层 (共7层),南,90万,7043元/平米,2000年
彩叠园1B期,4室2厅1厨3卫,151.14㎡,wenjiang,中楼层 (共5层),南,245万,16211元/平米,2013年
海科名城,3室2厅1厨2卫,130.71㎡,wenjiang,低楼层 (共11层),南,130万,9946元/平米,2011年
金强大学城,3室1厅1厨2卫,116.77㎡,wenjiang,高楼层 (共28层),东南,120万,10277元/平米,2009年
格凌兰,3室2厅1厨2卫,107.43㎡,wenjiang,低楼层 (共25层),东南,140万,13032元/平米,2016年
朝阳时代西锦,3室2厅1厨1卫,106.33㎡,wenjiang,低楼层 (共33层),西北,120万,11286元/平米,2014年
边城香格里,3室2厅1厨1卫,91.03㎡,wenjiang,中楼层 (共24层),北,130万,14282元/平米,2011年
佳兆业丽晶港,2室2厅1厨1卫,72.01㎡,wenjiang,中楼层 (共33层),东北,115万,15971元/平米,2012年
蓝光香瑞湖,3室2厅1厨1卫,106.35㎡,wenjiang,低楼层 (共26层),西北,150万,14105元/平米,2009年
珠江御景湾,3室2厅1厨2卫,131.96㎡,wenjiang,高楼层 (共18层),东北,197万,14929元/平米,2015年
万科朗润园,4室2厅1厨2卫,142.65㎡,wenjiang,低楼层 (共6层),西北 北,223万,15633元/平米,2007年
佳兆业丽晶港,3室2厅1厨2卫,86.65㎡,wenjiang,低楼层 (共33层),东南,148万,17081元/平米,2012年
珠江御景湾,4室2厅1厨2卫,163.02㎡,wenjiang,低楼层 (共31层),东北,290万,17790元/平米,2015年
棕榈长滩,3室2厅1厨2卫,151.79㎡,wenjiang,高楼层 (共33层),西北,305万,20094元/平米,2013年
七彩花都B区一期,4室2厅1厨3卫,139㎡,wenjiang,高楼层 (共5层),东南,160万,11511元/平米,2008年
七彩花都B区一期,2室2厅1厨2卫,96㎡,wenjiang,中楼层 (共5层),西北,118万,12292元/平米,2008年
彩叠园1A期,3室2厅1厨3卫,135.25㎡,wenjiang,中楼层 (共5层),南,300万,22182元/平米,2013年
水韵尚城,3室2厅1厨1卫,119.93㎡,wenjiang,低楼层 (共25层),西南,137万,11424元/平米,2009年
水韵尚城,5室2厅1厨3卫,298㎡,wenjiang,高楼层 (共11层),南,300万,10068元/平米,2009年
置信学府杏林一期,2室2厅1厨1卫,85.46㎡,wenjiang,中楼层 (共18层),西南,91万,10649元/平米,2012年
大庆蜀苑,2室2厅1厨1卫,87.8㎡,wenjiang,中楼层 (共5层),南,70万,7973元/平米,未知年建/
春天大道,3室2厅1厨2卫,202.36㎡,wenjiang,中楼层 (共5层),东南,300万,14826元/平米,2009年
金河谷一期,3室2厅1厨2卫,141.87㎡,wenjiang,低楼层 (共26层),东南,215万,15155元/平米,2016年
建信奥林匹克花园,3室2厅1厨2卫,118㎡,wenjiang,中楼层 (共6层),南 北,145万,12289元/平米,2006年
朝阳时代西锦,2室2厅1厨1卫,86.6㎡,wenjiang,高楼层 (共33层),南,110万,12703元/平米,2014年
置信学府杏林一期,3室2厅1厨2卫,117.25㎡,wenjiang,中楼层 (共18层),西,140万,11941元/平米,2012年
金强大学城,1室2厅1厨1卫,51.46㎡,wenjiang,低楼层 (共18层),南,57万,11077元/平米,2009年
金强大学城,1室1厅1厨1卫,52.8㎡,wenjiang,高楼层 (共18层),东,56万,10607元/平米,2009年
上风瑞庭,4室2厅1厨2卫,185.4㎡,wenjiang,高楼层 (共6层),东,256万,13808元/平米,2012年
西班牙森林一期,4室2厅1厨2卫,130.61㎡,wenjiang,高楼层 (共6层),西,220万,16845元/平米,2010年
彩叠园二期,4室2厅1厨2卫,140.53㎡,wenjiang,中楼层 (共18层),南,230万,16367元/平米,2013年
森宇音乐花园,5室2厅1厨3卫,221.17㎡,wenjiang,高楼层 (共6层),东,200万,9043元/平米,2004年
锦绣森邻,3室2厅1厨2卫,186.73㎡,wenjiang,低楼层 (共5层),南,265万,14192元/平米,2008年
锦绣森邻,3室2厅1厨2卫,145.77㎡,wenjiang,中楼层 (共17层),东南,170万,11663元/平米,2008年
蓝光香境,3室2厅1厨2卫,94.17㎡,wenjiang,低楼层 (共27层),东南,190万,20177元/平米,2008年
中铁瑞景澜庭,3室2厅1厨2卫,144.08㎡,wenjiang,高楼层 (共6层),南,200万,13882元/平米,2012年
蓝光四叶城,3室2厅1厨2卫,110.12㎡,wenjiang,中楼层 (共26层),南,125万,11352元/平米,2012年
佳兆业丽晶港,3室2厅1厨1卫,88.78㎡,wenjiang,低楼层 (共33层),西南,145万,16333元/平米,2012年
建信奥林匹克花园,3室2厅1厨2卫,119.86㎡,wenjiang,中楼层 (共6层),南,135万,11264元/平米,2006年
金色鱼凫,4室2厅1厨2卫,136.8㎡,wenjiang,低楼层 (共18层),东南,155万,11331元/平米,2011年
七彩花都B区一期,3室2厅1厨2卫,146.96㎡,wenjiang,高楼层 (共5层),东南,140万,9527元/平米,2008年
恒大城一期,4室2厅1厨2卫,144.59㎡,wenjiang,高楼层 (共33层),东南,165万,11412元/平米,2010年
春天大道,4室2厅1厨3卫,276㎡,wenjiang,低楼层 (共1层),南,400万,14493元/平米,2009年
海科名城,3室2厅1厨2卫,126.63㎡,wenjiang,低楼层 (共11层),西,135万,10661元/平米,2011年
朝阳时代西锦,2室2厅1厨1卫,91.11㎡,wenjiang,中楼层 (共33层),西,110万,12074元/平米,2014年
水韵华府,2室1厅1厨1卫,93.06㎡,wenjiang,低楼层 (共25层),南,122万,13110元/平米,2012年
棕榈长滩,3室2厅1厨3卫,175.38㎡,wenjiang,高楼层 (共32层),北,300万,17106元/平米,2013年
七彩花都B区一期,2室2厅1厨2卫,96㎡,wenjiang,中楼层 (共5层),西北,120万,12500元/平米,2008年
朝阳时代西锦,2室2厅1厨1卫,83.64㎡,wenjiang,高楼层 (共33层),西,110万,13152元/平米,2014年
海科名城,2室2厅1厨1卫,83.75㎡,wenjiang,中楼层 (共18层),东南,96万,11463元/平米,2011年
海峡新城三期,3室2厅1厨2卫,129.68㎡,wenjiang,中楼层 (共6层),东,155万,11953元/平米,2006年
佳兆业丽晶港,4室2厅1厨3卫,138.48㎡,wenjiang,中楼层 (共33层),西北,230万,16609元/平米,2012年
西财学府尚郡,6室3厅1厨3卫,222.04㎡,wenjiang,低楼层 (共11层),南 北,218万,9819元/平米,2013年
锦绣天骄,4室2厅1厨2卫,139.51㎡,wenjiang,低楼层 (共6层),南,102万,7312元/平米,2007年
水韵尚城,4室2厅1厨2卫,184.49㎡,wenjiang,中楼层 (共25层),西北,180万,9757元/平米,2009年
公园大道,4室2厅1厨3卫,139.05㎡,wenjiang,低楼层 (共16层),北,175万,12586元/平米,2012年
上风瑞庭,2室2厅1厨2卫,93.57㎡,wenjiang,低楼层 (共6层),南,110万,11756元/平米,2012年
祥郡,3室2厅1厨1卫,99.9㎡,wenjiang,中楼层 (共6层),西,106万,10611元/平米,2009年
德坤竹韵坊,2室2厅1厨1卫,72.3㎡,wenjiang,中楼层 (共6层),东,66万,9129元/平米,2007年
春天大道,2室2厅1厨1卫,91.8㎡,wenjiang,低楼层 (共20层),东,141万,15360元/平米,2009年
中铁瑞景澜庭,3室2厅1厨2卫,121.05㎡,wenjiang,中楼层 (共6层),南,162万,13383元/平米,2012年
恒大城二期,3室2厅1厨2卫,144.47㎡,wenjiang,中楼层 (共30层),西北,208万,14398元/平米,2012年
建信奥林匹克花园,2室2厅1厨1卫,88.89㎡,wenjiang,中楼层 (共10层),西,117万,13163元/平米,2006年
边城香格里,4室2厅1厨2卫,117.39㎡,wenjiang,低楼层 (共17层),东北,158万,13460元/平米,2011年
西花汀,4室2厅1厨2卫,195.81㎡,wenjiang,高楼层 (共20层),东南,240万,12257元/平米,2008年
来凤路52号,3室2厅1厨1卫,108.86㎡,wenjiang,高楼层 (共6层),东南,60万,5512元/平米,未知年建/
胜地金芙蓉,3室2厅1厨1卫,106.06㎡,wenjiang,低楼层 (共6层),东,72.5万,6836元/平米,未知年建/
大庆蜀苑,2室2厅1厨1卫,88.75㎡,wenjiang,中楼层 (共5层),东南,67万,7550元/平米,2008年
和信孔雀天成,2室1厅1厨1卫,91.57㎡,wenjiang,高楼层 (共33层),南,128万,13979元/平米,2015年
公园大道,3室2厅1厨2卫,108㎡,wenjiang,高楼层 (共16层),南,145万,13426元/平米,2012年
边城香格里,3室2厅1厨2卫,123.18㎡,wenjiang,高楼层 (共6层),东北,170万,13801元/平米,2011年
公园大道,3室2厅1厨1卫,87.93㎡,wenjiang,中楼层 (共21层),东南,130万,14785元/平米,2012年
成钞家园,2室2厅1厨1卫,76.54㎡,wenjiang,高楼层 (共7层),南 北,55万,7186元/平米,2000年
花样年花样城,2室1厅1厨1卫,83.23㎡,wenjiang,低楼层 (共33层),东南,80万,9612元/平米,未知年建
西财学府阳光,2室1厅1厨1卫,72.49㎡,wenjiang,中楼层 (共32层),南,93万,12830元/平米,2015年
千禧河畔C区,3室2厅1厨2卫,88㎡,wenjiang,高楼层 (共26层),南,139万,15796元/平米,未知年建/
玺龙湾,4室2厅1厨2卫,143.18㎡,wenjiang,低楼层 (共32层),西,205万,14318元/平米,2016年
合能珍宝琥珀,3室2厅1厨1卫,84.77㎡,wenjiang,低楼层 (共34层),南,120万,14156元/平米,2014年
朝阳时代西锦,2室2厅1厨1卫,86.34㎡,wenjiang,低楼层 (共33层),东南,98万,11351元/平米,2014年
佳兆业丽晶公馆,3室1厅1厨1卫,92㎡,wenjiang,中楼层 (共39层),西南,120万,13044元/平米,2016年
恒大城二期,3室1厅1厨1卫,89.1㎡,wenjiang,中楼层 (共30层),东南,132万,14815元/平米,2012年
合能珍宝琥珀,3室2厅1厨1卫,85.5㎡,wenjiang,中楼层 (共34层),南,123万,14386元/平米,2014年
佳兆业丽晶港,3室2厅1厨1卫,88.47㎡,wenjiang,高楼层 (共33层),东,145万,16390元/平米,2012年
格凌兰三期,2室1厅1厨1卫,71.58㎡,wenjiang,高楼层 (共32层),东南,100万,13971元/平米,2016年
海科名城,3室1厅1厨2卫,101.84㎡,wenjiang,高楼层 (共27层),东北,112万,10998元/平米,2011年
8号公馆,3室2厅1厨2卫,124.5㎡,wenjiang,中楼层 (共31层),北,160万,12852元/平米,2014年
春天大道,3室2厅1厨2卫,131.21㎡,wenjiang,低楼层 (共25层),东南,220万,16768元/平米,2009年
西财学府阳光,2室2厅1厨1卫,71.34㎡,wenjiang,低楼层 (共32层),西南,80万,11214元/平米,2015年
8号公馆,3室2厅1厨2卫,123㎡,wenjiang,中楼层 (共8层),南,185万,15041元/平米,2014年
中铁丽景书香,2室2厅1厨1卫,87.75㎡,wenjiang,中楼层 (共32层),东北,100万,11397元/平米,2016年
西财学府憬城,3室2厅1厨1卫,89.9㎡,wenjiang,低楼层 (共26层),东南,99万,11013元/平米,2014年
和信孔雀天成,2室1厅1厨1卫,89.04㎡,wenjiang,低楼层 (共33层),东南,110万,12354元/平米,2015年
漫城,3室2厅1厨2卫,134.03㎡,wenjiang,高楼层 (共11层),北,135万,10073元/平米,2009年
森宇音乐花园,3室2厅1厨2卫,140.89㎡,wenjiang,高楼层 (共6层),东,152万,10789元/平米,2004年
春天大道,3室2厅1厨2卫,132.82㎡,wenjiang,低楼层 (共24层),南 北,220万,16564元/平米,2009年
上风瑞庭,3室2厅1厨2卫,127.01㎡,wenjiang,中楼层 (共6层),东南,140万,11023元/平米,2012年
公园大道,4室1厅1厨3卫,139㎡,wenjiang,中楼层 (共16层),南 北,175万,12590元/平米,2012年
花样年花样城,2室1厅1厨1卫,44.76㎡,wenjiang,高楼层 (共31层),西,45万,10054元/平米,2015年
世纪光华,2室2厅1厨1卫,79.14㎡,wenjiang,低楼层 (共18层),东,83万,10488元/平米,2007年
海科名城,3室2厅1厨1卫,91.17㎡,wenjiang,低楼层 (共18层),北,106万,11627元/平米,2011年
佳兆业丽晶港,4室2厅1厨2卫,123.48㎡,wenjiang,高楼层 (共33层),南,193万,15631元/平米,2012年
七彩花都A区,3室2厅1厨2卫,121.62㎡,wenjiang,中楼层 (共5层),东南,142万,11676元/平米,2008年
西班牙森林一期,4室2厅1厨2卫,214㎡,wenjiang,低楼层 (共7层),东 西,200万,9346元/平米,2010年
西财学府尚郡,4室2厅1厨2卫,139.94㎡,wenjiang,中楼层 (共11层),南,130万,9290元/平米,2013年
珠江克莱公寓,1室1厅1厨1卫,54.52㎡,wenjiang,中楼层 (共31层),西南,48万,8805元/平米,2009年
春天大道,3室2厅1厨2卫,132.56㎡,wenjiang,高楼层 (共20层),东,220万,16597元/平米,2009年
西财学府憬城,3室1厅1厨1卫,92.35㎡,wenjiang,低楼层 (共26层),西北,105万,11370元/平米,2014年
蓝光四叶城,2室2厅1厨1卫,78.94㎡,wenjiang,中楼层 (共26层),南,78万,9881元/平米,2012年
佳兆业丽晶港,2室2厅1厨1卫,73.4㎡,wenjiang,中楼层 (共40层),东南,110万,14987元/平米,2012年
学府阳光,3室2厅1厨2卫,103.48㎡,wenjiang,低楼层 (共33层),西南,130万,12563元/平米,2013年
佳兆业丽晶港,4室2厅1厨3卫,138.32㎡,wenjiang,低楼层 (共33层),东北,300万,21689元/平米,2012年
春天大道,3室2厅1厨2卫,132.2㎡,wenjiang,低楼层 (共24层),南 北,260万,19668元/平米,2009年
朝阳时代西锦,2室2厅1厨1卫,86.6㎡,wenjiang,高楼层 (共33层),南,108万,12472元/平米,2014年
德坤海地亚,2室2厅1厨1卫,72.96㎡,wenjiang,低楼层 (共18层),南,78万,10691元/平米,2015年
金河谷一期,2室2厅1厨1卫,87.92㎡,wenjiang,中楼层 (共18层),南,142万,16152元/平米,2016年
德坤海地亚,3室1厅1厨2卫,107㎡,wenjiang,低楼层 (共18层),东南,122万,11402元/平米,2013年
海科名城,2室1厅1厨1卫,92.42㎡,wenjiang,低楼层 (共17层),东,98万,10604元/平米,2011年
蓝光香境,3室2厅1厨1卫,90.37㎡,wenjiang,高楼层 (共34层),西南,168万,18591元/平米,2008年
英郦庄园,3室2厅1厨2卫,109.23㎡,wenjiang,低楼层 (共8层),东南,110万,10071元/平米,2013年
光华国际,2室2厅1厨1卫,84㎡,wenjiang,中楼层 (共30层),东,110万,13096元/平米,2013年
依云,3室2厅1厨3卫,144.98㎡,wenjiang,高楼层 (共4层),西南,200万,13796元/平米,2007年
彩叠园1A期,4室2厅1厨3卫,177.86㎡,wenjiang,低楼层 (共5层),东南,330万,18554元/平米,2013年
佳兆业丽晶港,4室2厅1厨2卫,113.4㎡,wenjiang,高楼层 (共33层),西南,170万,14992元/平米,2012年
彩叠园二期,4室2厅1厨3卫,260.27㎡,wenjiang,低楼层 (共3层),南,318万,12219元/平米,未知年建
彩叠园1B期,5室2厅1厨4卫,180㎡,wenjiang,低楼层 (共5层),南 北,330万,18334元/平米,2013年
依云,3室1厅1厨2卫,132㎡,wenjiang,低楼层 (共28层),东北,160万,12122元/平米,2007年
恒大城一期,3室2厅1厨1卫,94㎡,wenjiang,低楼层 (共11层),东南,165万,17554元/平米,2010年
锦绣森邻,3室2厅1厨2卫,113.43㎡,wenjiang,中楼层 (共5层),东南,170万,14988元/平米,2008年
蓝光四叶城,3室2厅1厨2卫,109.81㎡,wenjiang,低楼层 (共26层),南 北,128万,11657元/平米,2012年
海峡新城三期,4室2厅1厨2卫,139.59㎡,wenjiang,低楼层 (共6层),南,170万,12179元/平米,2006年
佳兆业丽晶港,3室2厅1厨2卫,134.86㎡,wenjiang,低楼层 (共33层),南 北,260万,19280元/平米,2012年
世纪光华,3室2厅1厨2卫,108㎡,wenjiang,低楼层 (共18层),西南,129万,11945元/平米,2007年
柳城丽江苑,3室2厅1厨2卫,123.56㎡,wenjiang,低楼层 (共15层),西南,148万,11978元/平米,2006年
金河谷三期,4室2厅1厨3卫,273.56㎡,wenjiang,低楼层 (共1层),南,470万,17181元/平米,2016年
锦绣森邻,3室2厅1厨2卫,123.25㎡,wenjiang,中楼层 (共8层),南,170万,13794元/平米,2008年
格凌兰,3室2厅1厨2卫,82.2㎡,wenjiang,高楼层 (共32层),南,150万,18249元/平米,2016年
德坤竹韵坊,3室2厅1厨1卫,92.78㎡,wenjiang,低楼层 (共6层),东南,101万,10886元/平米,未知年建/
和信孔雀天成,2室1厅1厨1卫,81.16㎡,wenjiang,中楼层 (共26层),东南,118万,14540元/平米,2015年
合能珍宝琥珀,3室2厅1厨1卫,81.91㎡,wenjiang,低楼层 (共34层),西,112万,13674元/平米,2014年
西财学府阳光,2室2厅1厨1卫,70.09㎡,wenjiang,高楼层 (共18层),西北,85万,12128元/平米,2015年
洲际亚洲湾,2室2厅1厨1卫,75.37㎡,wenjiang,中楼层 (共32层),西,106万,14064元/平米,2017年
依云,4室2厅1厨3卫,156.97㎡,wenjiang,中楼层 (共4层),南,260万,16564元/平米,2007年
春天大道,6室2厅1厨3卫,252.34㎡,wenjiang,中楼层 (共7层),南,460万,18230元/平米,2009年
春天大道,4室2厅1厨2卫,169.04㎡,wenjiang,低楼层 (共25层),东南,258.5万,15293元/平米,2009年
海峡新城四期,3室2厅1厨2卫,152.64㎡,wenjiang,中楼层 (共6层),东北,145万,9500元/平米,2008年
锦绣森邻,4室2厅1厨3卫,186.44㎡,wenjiang,低楼层 (共5层),西南,220万,11801元/平米,2008年
世纪光华,2室2厅1厨1卫,79.14㎡,wenjiang,低楼层 (共18层),东南,85万,10741元/平米,2007年
海科智城,2室2厅1厨1卫,86.13㎡,wenjiang,高楼层 (共17层),南,82万,9521元/平米,2010年
书香秀筑,2室2厅1厨1卫,59.49㎡,wenjiang,中楼层 (共11层),东南,50万,8405元/平米,2008年
美茵河谷,3室2厅1厨2卫,132.41㎡,wenjiang,低楼层 (共6层),东北,159万,12009元/平米,2007年
佳兆业丽晶公馆,3室2厅1厨2卫,88.03㎡,wenjiang,中楼层 (共33层),西北,125万,14200元/平米,2016年
珠江国际花园,2室1厅1厨1卫,83.63㎡,wenjiang,高楼层 (共16层),东南,120万,14349元/平米,2009年
明信仕林府,3室2厅1厨2卫,115.61㎡,wenjiang,低楼层 (共26层),西南,130万,11245元/平米,2016年
中铁丽景书香,3室2厅1厨2卫,89.36㎡,wenjiang,中楼层 (共22层),西北,108万,12086元/平米,2016年
金河谷四期,2室2厅1厨1卫,88.09㎡,wenjiang,中楼层 (共29层),东 西北,118万,13396元/平米,2016年
千禧河畔B区,2室1厅1厨1卫,78.25㎡,wenjiang,低楼层 (共33层),东 西北,95万,12141元/平米,2016年
西财学府憬城,2室2厅1厨1卫,86.67㎡,wenjiang,中楼层 (共26层),南,91万,10500元/平米,2014年
珠江国际花园,4室2厅1厨2卫,217.92㎡,wenjiang,中楼层 (共32层),东南,355万,16291元/平米,2009年
西财学府阳光,2室1厅1厨1卫,71.34㎡,wenjiang,中楼层 (共32层),南,92万,12896元/平米,2015年
金河谷三期,4室2厅1厨3卫,273.39㎡,wenjiang,低楼层 (共1层),南 北,500万,18289元/平米,2016年
炎华置信上林赋,5室3厅1厨4卫,411.31㎡,wenjiang,低楼层 (共3层),南,550万,13372元/平米,未知年建
依云,2室1厅1厨1卫,92.26㎡,wenjiang,高楼层 (共28层),西南,125万,13549元/平米,2007年
朝阳时代西锦,2室2厅1厨1卫,86.34㎡,wenjiang,高楼层 (共33层),南,120万,13899元/平米,2014年
西班牙森林一期,5室3厅1厨3卫,215.72㎡,wenjiang,低楼层 (共6层),南,320万,14835元/平米,2010年
棠湖泊林小镇,3室2厅1厨2卫,136.13㎡,wenjiang,高楼层 (共6层),东南,140万,10285元/平米,2007年
公园大道,3室2厅1厨2卫,133.42㎡,wenjiang,高楼层 (共13层),南,210万,15740元/平米,2012年
怡和茗居,2室2厅1厨1卫,94.23㎡,wenjiang,高楼层 (共11层),东南,120万,12735元/平米,2005年
水韵华府,2室2厅1厨1卫,78.71㎡,wenjiang,高楼层 (共25层),北,120万,15246元/平米,2012年
七彩花都A区,4室2厅1厨2卫,122.24㎡,wenjiang,中楼层 (共5层),西南,155万,12680元/平米,2008年
建信奥林匹克花园,3室2厅1厨2卫,117.64㎡,wenjiang,中楼层 (共6层),南,165万,14026元/平米,2006年
恒大城一期,4室2厅1厨2卫,191.63㎡,wenjiang,高楼层 (共11层),西北,360万,18787元/平米,2010年
西财学府尚郡,4室2厅1厨2卫,166㎡,wenjiang,高楼层 (共11层),东南,195万,11747元/平米,2013年
恒大城三期,3室2厅1厨2卫,118㎡,wenjiang,高楼层 (共30层),东北,158万,13390元/平米,2013年
西财学府尚郡,4室2厅1厨2卫,166.26㎡,wenjiang,中楼层 (共11层),东南,166万,9985元/平米,2013年
珠江御景湾,4室2厅1厨2卫,140.6㎡,wenjiang,低楼层 (共18层),东北,300万,21338元/平米,2015年
棕榈长滩,3室2厅1厨3卫,189.14㎡,wenjiang,高楼层 (共32层),南 北,330万,17448元/平米,2013年
金河谷五期,3室2厅1厨3卫,256.73㎡,wenjiang,低楼层 (共9层),南,280万,10907元/平米,2017年
德坤海地亚,3室2厅1厨2卫,107.31㎡,wenjiang,高楼层 (共18层),西南,128万,11929元/平米,未知年建
公园大道,3室2厅1厨2卫,122.95㎡,wenjiang,低楼层 (共12层),西北,200万,16267元/平米,2012年
西班牙森林一期,4室2厅1厨3卫,226㎡,wenjiang,低楼层 (共6层),南,200万,8850元/平米,2010年
金河谷三期,4室2厅1厨3卫,273.48㎡,wenjiang,低楼层 (共1层),南,550万,20112元/平米,2016年
金河谷二期,6室2厅1厨5卫,352.12㎡,wenjiang,低楼层 (共3层),南,580万,16472元/平米,未知年建
春江青龙湾,2室2厅1厨1卫,91.41㎡,wenjiang,低楼层 (共18层),西南,97万,10612元/平米,2012年
光华国际,2室2厅1厨1卫,96.91㎡,wenjiang,中楼层 (共30层),北,129万,13312元/平米,2013年
佳兆业丽晶港,3室2厅1厨2卫,85.44㎡,wenjiang,低楼层 (共33层),东南,185万,21653元/平米,2012年
蓝光香瑞湖,3室2厅1厨1卫,108.8㎡,wenjiang,中楼层 (共24层),东南,158万,14523元/平米,2009年
柳城阳光,2室2厅1厨1卫,85.33㎡,wenjiang,低楼层 (共6层),西南,78万,9141元/平米,2007年
金色鱼凫,3室2厅1厨1卫,91.71㎡,wenjiang,高楼层 (共11层),西北,130万,14176元/平米,未知年建/
西财学府尚郡,3室2厅1厨1卫,104.49㎡,wenjiang,低楼层 (共18层),东南,100万,9571元/平米,2013年
依云,2室2厅1厨1卫,91.82㎡,wenjiang,高楼层 (共28层),南,110万,11980元/平米,2007年
和信孔雀天成,2室2厅1厨1卫,91㎡,wenjiang,高楼层 (共33层),东,116万,12748元/平米,2015年
和信孔雀天成,3室1厅1厨2卫,126.81㎡,wenjiang,高楼层 (共26层),南,165万,13012元/平米,2015年
合能珍宝琥珀,3室2厅1厨1卫,85.12㎡,wenjiang,低楼层 (共34层),北,107万,12571元/平米,2014年
佳兆业丽晶公馆,3室2厅1厨2卫,88.31㎡,wenjiang,低楼层 (共33层),西北,119万,13476元/平米,2016年
西财学府憬城,2室1厅1厨1卫,87㎡,wenjiang,高楼层 (共26层),东南,94万,10805元/平米,2014年
西财学府阳光,3室2厅1厨1卫,87.81㎡,wenjiang,低楼层 (共32层),西北,100万,11389元/平米,2015年
恒大城一期,3室2厅1厨3卫,144.35㎡,wenjiang,低楼层 (共11层),南,240万,16627元/平米,2010年
彩叠园1A期,3室2厅1厨3卫,135.78㎡,wenjiang,中楼层 (共5层),南,236万,17382元/平米,2013年
千禧河畔B区,2室2厅1厨1卫,78㎡,wenjiang,低楼层 (共33层),北,100万,12821元/平米,2016年
置信学府杏林一期,3室2厅1厨2卫,118㎡,wenjiang,高楼层 (共18层),南,116万,9831元/平米,2013年
鹭湖宫六区,2室2厅1厨1卫,77㎡,wenjiang,低楼层 (共30层),西北,80万,10390元/平米,2015年
千禧河畔B区,2室2厅1厨1卫,78㎡,wenjiang,低楼层 (共33层),西,109万,13975元/平米,2016年
中铁丽景书香,2室2厅1厨1卫,86.04㎡,wenjiang,中楼层 (共32层),东南 西北,90万,10461元/平米,2016年
西花汀,3室1厅1厨1卫,122.42㎡,wenjiang,中楼层 (共11层),东北,172万,14050元/平米,2008年
合能珍宝琥珀,2室2厅1厨1卫,65.14㎡,wenjiang,高楼层 (共34层),东南,83万,12742元/平米,2014年
彩叠园1A期,2室2厅1厨1卫,88㎡,wenjiang,高楼层 (共18层),南,130万,14773元/平米,2013年
海科名城,3室2厅1厨1卫,92.42㎡,wenjiang,高楼层 (共17层),东北,100万,10821元/平米,2011年
彩叠园1B期,3室1厅1厨2卫,104㎡,wenjiang,低楼层 (共5层),南,170万,16347元/平米,2013年
西班牙森林二期,3室2厅1厨2卫,90㎡,wenjiang,高楼层 (共11层),北,113万,12556元/平米,2014年
西班牙森林二期,3室2厅1厨1卫,89.98㎡,wenjiang,中楼层 (共34层),南,125万,13892元/平米,2014年
佳兆业丽晶港,4室1厅1厨2卫,126.01㎡,wenjiang,中楼层 (共33层),南,189万,14999元/平米,2012年
佳兆业丽晶港,3室2厅1厨1卫,86㎡,wenjiang,低楼层 (共33层),东南,140万,16280元/平米,2012年
千禧河畔C区,3室2厅1厨2卫,88㎡,wenjiang,高楼层 (共33层),南,135万,15341元/平米,未知年建/
光华国际,2室2厅1厨2卫,91.45㎡,wenjiang,高楼层 (共30层),东北,111万,12138元/平米,2013年
西财学府尚郡,3室2厅1厨1卫,99.8㎡,wenjiang,中楼层 (共18层),东南,110万,11023元/平米,2013年
佳兆业丽晶公馆,3室2厅1厨1卫,81.55㎡,wenjiang,中楼层 (共39层),东,110万,13489元/平米,2016年
西财学府阳光,3室2厅1厨1卫,87.81㎡,wenjiang,低楼层 (共32层),西北,100万,11389元/平米,2015年
佳兆业丽晶公馆,3室2厅1厨1卫,81.55㎡,wenjiang,中楼层 (共39层),东,110万,13489元/平米,2016年
鹭湖宫六区,2室2厅1厨1卫,77㎡,wenjiang,低楼层 (共30层),西北,80万,10390元/平米,2015年
中森光华1号,2室2厅1厨1卫,70.86㎡,wenjiang,低楼层 (共30层),南,96万,13548元/平米,2012年
置信学府杏林一期,3室2厅1厨2卫,121.14㎡,wenjiang,中楼层 (共18层),东,125万,10319元/平米,2012年
置信学府杏林一期,4室1厅1厨2卫,144.26㎡,wenjiang,中楼层 (共18层),南,145万,10052元/平米,2013年
芙蓉田园,3室2厅1厨1卫,98.76㎡,wenjiang,中楼层 (共24层),东南,101万,10227元/平米,未知年建/
千禧河畔B区,2室2厅1厨1卫,81㎡,wenjiang,高楼层 (共33层),北,108万,13334元/平米,2016年
金河谷五期,3室2厅1厨1卫,76㎡,wenjiang,低楼层 (共34层),西南,125万,16448元/平米,2016年
花样年花样城,3室2厅1厨1卫,89㎡,wenjiang,低楼层 (共34层),西南,82万,9214元/平米,未知年建/
德坤海地亚,3室2厅1厨2卫,143.76㎡,wenjiang,中楼层 (共5层),西南,150万,10435元/平米,2013年
春天大道,4室2厅1厨2卫,163.43㎡,wenjiang,中楼层 (共5层),南,273万,16705元/平米,未知年建/
西班牙森林一期,4室2厅1厨2卫,175.14㎡,wenjiang,低楼层 (共7层),南,178万,10164元/平米,2010年
水韵尚城,4室2厅1厨2卫,183.37㎡,wenjiang,高楼层 (共25层),东南,180万,9817元/平米,2009年
美茵河谷,3室2厅1厨2卫,139.29㎡,wenjiang,中楼层 (共11层),西,200万,14359元/平米,2007年
西财学府尚郡,4室2厅1厨2卫,114.66㎡,wenjiang,高楼层 (共11层),西南,168万,14653元/平米,2013年
花样年花样城,3室2厅1厨1卫,88.51㎡,wenjiang,高楼层 (共33层),西,80万,9039元/平米,未知年建
海科名城,2室2厅1厨1卫,85㎡,wenjiang,中楼层 (共17层),西南,85万,10000元/平米,2011年
合能珍宝琥珀,3室2厅1厨1卫,82.75㎡,wenjiang,中楼层 (共34层),东,112万,13535元/平米,2014年
春天大道,4室2厅1厨2卫,169.04㎡,wenjiang,低楼层 (共25层),东南,233万,13784元/平米,2009年
金强大学城,3室2厅1厨1卫,83.84㎡,wenjiang,低楼层 (共18层),东,94万,11212元/平米,2009年
洲际银海湾,3室2厅1厨2卫,113.9㎡,wenjiang,中楼层 (共32层),北,170万,14926元/平米,2016年
合能珍宝琥珀,2室2厅1厨1卫,68.06㎡,wenjiang,低楼层 (共34层),南,90万,13224元/平米,2014年
春天大道,4室2厅1厨2卫,177㎡,wenjiang,高楼层 (共24层),东南,268万,15142元/平米,2009年
春天大道,4室2厅1厨2卫,168.71㎡,wenjiang,中楼层 (共25层),南,280万,16597元/平米,2009年
千禧河畔C区,2室2厅1厨1卫,81㎡,wenjiang,低楼层 (共33层),西,148万,18272元/平米,未知年建/
洲际亚洲湾,3室2厅1厨2卫,99.53㎡,wenjiang,低楼层 (共38层),东,147万,14770元/平米,2017年
美茵河谷,3室1厅1厨2卫,128.4㎡,wenjiang,高楼层 (共6层),东,158万,12306元/平米,2007年
美茵河谷,3室2厅1厨2卫,132㎡,wenjiang,低楼层 (共6层),西南,195万,14773元/平米,2007年
金色鱼凫,3室2厅1厨2卫,109.75㎡,wenjiang,高楼层 (共11层),西南,130万,11846元/平米,2011年
春天大道,4室2厅1厨2卫,168.71㎡,wenjiang,中楼层 (共25层),南,280万,16597元/平米,2009年
8号公馆,3室2厅1厨2卫,117.31㎡,wenjiang,高楼层 (共8层),西,185万,15771元/平米,2014年
洲际亚洲湾,3室2厅1厨2卫,99.53㎡,wenjiang,低楼层 (共38层),东,147万,14770元/平米,2017年
佳兆业丽晶公馆,3室1厅1厨1卫,81㎡,wenjiang,中楼层 (共39层),东,117万,14445元/平米,2016年
海峡新城一期,3室2厅1厨1卫,131㎡,wenjiang,高楼层 (共6层),南,110万,8397元/平米,2007年
西班牙森林二期,3室2厅1厨2卫,117.89㎡,wenjiang,高楼层 (共34层),南,160万,13572元/平米,2014年
佳兆业丽晶港,3室2厅1厨1卫,88.46㎡,wenjiang,中楼层 (共33层),东南,147万,16618元/平米,2012年
西班牙森林二期,2室1厅1厨1卫,79.4㎡,wenjiang,中楼层 (共18层),南,102万,12847元/平米,2014年
8号公馆,3室2厅1厨2卫,167.71㎡,wenjiang,高楼层 (共8层),东南,285万,16994元/平米,2014年
西财学府阳光,2室1厅1厨1卫,71.34㎡,wenjiang,中楼层 (共32层),南,92万,12896元/平米,2015年
水韵华府,3室2厅1厨3卫,188.86㎡,wenjiang,低楼层 (共9层),北,280万,14826元/平米,2012年
恒大城一期,3室2厅1厨2卫,135㎡,wenjiang,中楼层 (共33层),东南,170万,12593元/平米,2010年
锦绣森邻,3室2厅1厨2卫,179.84㎡,wenjiang,中楼层 (共5层),西南,251万,13957元/平米,2008年
恒大城一期,3室2厅1厨1卫,93㎡,wenjiang,中楼层 (共33层),东北,132万,14194元/平米,2010年
上林宽境,4室2厅1厨2卫,164.91㎡,wenjiang,中楼层 (共6层),东南,158万,9581元/平米,2006年
七彩花都A区,3室2厅1厨2卫,98.91㎡,wenjiang,高楼层 (共5层),东,155万,15671元/平米,2008年
森宇音乐花园,3室2厅1厨2卫,140.89㎡,wenjiang,中楼层 (共6层),南,137万,9724元/平米,2004年
珠江御景湾,3室1厅1厨2卫,144.59㎡,wenjiang,低楼层 (共31层),西南,278万,19227元/平米,2015年
佳兆业丽晶公馆,3室1厅1厨2卫,89㎡,wenjiang,高楼层 (共39层),西北,110万,12360元/平米,2016年
佳兆业丽晶港,4室2厅1厨2卫,120.61㎡,wenjiang,低楼层 (共33层),西南,190万,15754元/平米,2012年
和信孔雀天成,3室1厅1厨1卫,103.5㎡,wenjiang,中楼层 (共32层),东南,135万,13044元/平米,2015年
洲际春天广场,3室2厅1厨1卫,77㎡,wenjiang,低楼层 (共32层),南,103万,13377元/平米,2016年
西花汀,3室2厅1厨2卫,126.59㎡,wenjiang,高楼层 (共18层),东南,165万,13035元/平米,2008年
朝阳时代西锦,3室1厅1厨1卫,111㎡,wenjiang,高楼层 (共33层),北,135万,12163元/平米,2014年
西班牙森林二期,3室2厅1厨2卫,89.95㎡,wenjiang,高楼层 (共11层),东南,120万,13341元/平米,2014年
千禧河畔C区,3室2厅1厨2卫,88㎡,wenjiang,高楼层 (共33层),西南,132万,15000元/平米,未知年建/
佳兆业丽晶港,2室2厅1厨1卫,72.61㎡,wenjiang,低楼层 (共33层),东南,115万,15839元/平米,2012年
格凌兰,4室2厅1厨2卫,126.91㎡,wenjiang,高楼层 (共25层),南,220万,17336元/平米,2016年
水韵尚城,5室2厅1厨3卫,298.28㎡,wenjiang,中楼层 (共11层),南 北,250万,8382元/平米,2009年
蓝光香瑞湖,6室2厅1厨3卫,279.04㎡,wenjiang,低楼层 (共3层),南,475万,17023元/平米,2011年
芙蓉古城八期A、B区,5室3厅1厨6卫,491.67㎡,wenjiang,低楼层 (共3层),南,600万,12204元/平米,2016年
棠湖泊林小镇,3室2厅1厨1卫,99.97㎡,wenjiang,高楼层 (共6层),东南,135万,13505元/平米,2007年
花样年花样城,2室2厅1厨1卫,87.19㎡,wenjiang,中楼层 (共15层),西南,80万,9176元/平米,2015年
恒大城二期,4室2厅1厨2卫,133㎡,wenjiang,中楼层 (共30层),东北,200万,15038元/平米,2012年
金色鱼凫,2室2厅1厨1卫,90.07㎡,wenjiang,中楼层 (共18层),西北,118万,13101元/平米,2011年
春江青龙湾,2室2厅1厨1卫,94.27㎡,wenjiang,中楼层 (共18层),东南,95万,10078元/平米,2012年
大华水映岛,3室1厅1厨2卫,126.65㎡,wenjiang,高楼层 (共11层),南,155万,12239元/平米,2009年
朝阳时代西锦,2室2厅1厨1卫,85.29㎡,wenjiang,高楼层 (共33层),西北,110万,12898元/平米,2014年
锦里光华,3室2厅1厨2卫,127.51㎡,wenjiang,高楼层 (共6层),南,115万,9019元/平米,2006年
格凌兰,3室2厅1厨2卫,110.76㎡,wenjiang,中楼层 (共25层),东北,178万,16071元/平米,2016年
置信学府杏林一期,3室2厅1厨2卫,121.15㎡,wenjiang,低楼层 (共18层),东南,128万,10566元/平米,2013年
那城,3室2厅1厨2卫,134㎡,wenjiang,低楼层 (共6层),东南,130万,9702元/平米,2006年
西班牙森林二期,2室2厅1厨1卫,76㎡,wenjiang,中楼层 (共27层),北,115万,15132元/平米,2014年
西财学府憬城,3室2厅1厨1卫,89.65㎡,wenjiang,低楼层 (共26层),东北,108万,12047元/平米,2014年
千禧河畔B区,4室2厅1厨2卫,129.02㎡,wenjiang,中楼层 (共33层),南,206.4万,15998元/平米,2013年
七彩花都A区,3室2厅1厨2卫,132.73㎡,wenjiang,中楼层 (共5层),东南,160万,12055元/平米,2008年
金河谷一期,3室1厅1厨2卫,120.72㎡,wenjiang,高楼层 (共26层),西南,190万,15739元/平米,2016年
千禧河畔B区,3室2厅1厨2卫,88.72㎡,wenjiang,高楼层 (共33层),南 北,180万,20289元/平米,2013年
建信奥林匹克花园,2室2厅1厨2卫,115.62㎡,wenjiang,中楼层 (共18层),南 北,117万,10120元/平米,2006年
蓝光香境,2室2厅1厨1卫,73.93㎡,wenjiang,中楼层 (共34层),西北,120万,16232元/平米,2008年
海峡新城三期,2室1厅1厨1卫,88.55㎡,wenjiang,高楼层 (共16层),西南,85万,9600元/平米,2006年
中铁丽景书香,3室2厅1厨2卫,114.28㎡,wenjiang,中楼层 (共28层),西南,135万,11814元/平米,2016年
和信孔雀天成,2室2厅1厨1卫,91.57㎡,wenjiang,低楼层 (共33层),西南,110万,12013元/平米,2015年
漫城,3室2厅1厨2卫,126.47㎡,wenjiang,中楼层 (共16层),南,120万,9489元/平米,2009年
金河谷五期,5室2厅1厨3卫,183.36㎡,wenjiang,中楼层 (共9层),西南,265万,14453元/平米,2016年
欣盛家园,6室3厅1厨3卫,219.79㎡,wenjiang,高楼层 (共5层),西南,165万,7508元/平米,2005年
朝阳时代西锦,2室2厅1厨1卫,87.4㎡,wenjiang,高楼层 (共33层),东北,105万,12014元/平米,2014年
西班牙森林一期,4室2厅1厨2卫,215.17㎡,wenjiang,低楼层 (共6层),南,259万,12037元/平米,2010年
鹭湖宫二区,3室2厅1厨3卫,176.57㎡,wenjiang,低楼层 (共3层),东南,260万,14726元/平米,2009年
泰基花溪谷,4室2厅1厨2卫,154㎡,wenjiang,低楼层 (共30层),东南,185万,12013元/平米,2005年
西财学府憬城,3室2厅1厨1卫,93.12㎡,wenjiang,中楼层 (共26层),南 北,99万,10632元/平米,2014年
8号公馆,3室1厅1厨2卫,115㎡,wenjiang,高楼层 (共31层),南,150万,13044元/平米,2014年
金河谷四期,2室1厅1厨1卫,80.21㎡,wenjiang,中楼层 (共32层),西,120万,14961元/平米,2011年
佳兆业丽晶港,2室2厅1厨1卫,71.51㎡,wenjiang,中楼层 (共40层),西南,108万,15103元/平米,2012年
金河谷四期,3室2厅1厨2卫,110.22㎡,wenjiang,中楼层 (共29层),西北,160万,14517元/平米,2016年
西财学府憬城,2室2厅1厨1卫,77.62㎡,wenjiang,低楼层 (共26层),东 东南,80万,10307元/平米,2014年
七彩花都A区,4室2厅1厨1卫,124.71㎡,wenjiang,中楼层 (共5层),西南,170万,13632元/平米,2008年
欣盛家园,3室2厅1厨2卫,134㎡,wenjiang,高楼层 (共5层),南 北,125万,9329元/平米,2005年
海科智城,2室1厅1厨1卫,86.12㎡,wenjiang,低楼层 (共17层),东,80万,9290元/平米,2010年
书香秀筑,3室2厅1厨2卫,118.18㎡,wenjiang,低楼层 (共6层),东南,102万,8631元/平米,2008年
棠湖泊林小镇,3室2厅1厨2卫,147.9㎡,wenjiang,中楼层 (共5层),东南,175万,11833元/平米,2007年
恒大城二期,3室2厅1厨1卫,91.93㎡,wenjiang,低楼层 (共30层),西南,150万,16317元/平米,2012年
西财学府尚郡,4室2厅1厨2卫,122.79㎡,wenjiang,中楼层 (共11层),西北,170万,13845元/平米,2013年
春江青龙湾,3室2厅1厨2卫,114.61㎡,wenjiang,中楼层 (共17层),南,150万,13088元/平米,2012年
公园大道,2室2厅1厨1卫,62.71㎡,wenjiang,高楼层 (共30层),南,88万,14033元/平米,2012年
西财学府尚郡,4室2厅1厨2卫,158.74㎡,wenjiang,低楼层 (共11层),南,170万,10710元/平米,2013年
漫城,2室2厅1厨1卫,86.91㎡,wenjiang,低楼层 (共18层),东南,85万,9781元/平米,2009年
千禧河畔C区,3室1厅1厨2卫,128.79㎡,wenjiang,中楼层 (共33层),西北,150万,11647元/平米,未知年建/
彩叠园1B期,2室2厅1厨1卫,88.34㎡,wenjiang,低楼层 (共18层),西南,136万,15396元/平米,2013年
大华水映岛,3室2厅1厨2卫,117㎡,wenjiang,中楼层 (共11层),西南,152万,12992元/平米,2011年
水韵尚城,5室2厅1厨3卫,317.55㎡,wenjiang,高楼层 (共4层),东南,330万,10393元/平米,2009年
榕树岭,2室2厅1厨1卫,89㎡,wenjiang,高楼层 (共26层),南,98万,11012元/平米,2012年
金强大学城,2室1厅1厨1卫,63㎡,wenjiang,中楼层 (共28层),南,68万,10794元/平米,2009年
中森光华1号,2室2厅1厨1卫,70.8㎡,wenjiang,低楼层 (共30层),南,105万,14831元/平米,2012年
置信学府杏林一期,3室2厅1厨2卫,122㎡,wenjiang,低楼层 (共18层),东,132万,10820元/平米,2013年
光华国际,2室2厅1厨1卫,79.98㎡,wenjiang,中楼层 (共30层),南,112万,14004元/平米,2013年
佳兆业丽晶港,3室2厅1厨1卫,88.5㎡,wenjiang,中楼层 (共40层),南,145.5万,16441元/平米,2012年
西财学府阳光,2室1厅1厨1卫,72.49㎡,wenjiang,中楼层 (共32层),南,93万,12830元/平米,2015年
洲际春天广场,3室2厅1厨1卫,80.24㎡,wenjiang,低楼层 (共38层),南,105万,13086元/平米,2016年
水韵华府,2室2厅1厨1卫,93.25㎡,wenjiang,中楼层 (共25层),南,135万,14478元/平米,2012年
大庆蜀苑,3室2厅1厨1卫,103.45㎡,wenjiang,低楼层 (共5层),东南,65万,6284元/平米,2008年
千禧河畔C区,4室2厅1厨2卫,129㎡,wenjiang,低楼层 (共26层),南 北,150万,11628元/平米,未知年建/
洲际银海湾,2室2厅1厨1卫,80.37㎡,wenjiang,高楼层 (共39层),东南,115万,14309元/平米,2016年
鹭湖宫七号B组,3室2厅1厨2卫,117.86㎡,wenjiang,低楼层 (共30层),东南,140万,11879元/平米,2014年
千禧河畔C区,3室2厅1厨1卫,81㎡,wenjiang,高楼层 (共33层),东南,100万,12346元/平米,未知年建/
金河谷五期,3室2厅1厨2卫,120.71㎡,wenjiang,高楼层 (共9层),南,185万,15326元/平米,2016年
海科智城,3室2厅1厨1卫,108.73㎡,wenjiang,中楼层 (共20层),东南,90万,8278元/平米,2010年
西班牙森林二期,3室2厅1厨2卫,89.93㎡,wenjiang,低楼层 (共11层),北,120万,13344元/平米,2014年
花样年花样城,3室2厅1厨1卫,83.76㎡,wenjiang,低楼层 (共33层),东南,81万,9671元/平米,未知年建
西财学府阳光,2室1厅1厨1卫,71.34㎡,wenjiang,低楼层 (共32层),南,92万,12896元/平米,2015年
德坤海地亚,3室2厅1厨2卫,107.31㎡,wenjiang,低楼层 (共18层),西北,110万,10251元/平米,2013年
水韵尚城,4室2厅1厨3卫,219.52㎡,wenjiang,中楼层 (共4层),南 北,240万,10933元/平米,2009年
西花汀,3室2厅1厨2卫,131.84㎡,wenjiang,低楼层 (共24层),东南,230万,17446元/平米,2008年
塞纳河畔,3室2厅1厨2卫,130.34㎡,wenjiang,高楼层 (共6层),南 北,157万,12046元/平米,2006年
佳兆业丽晶港,4室2厅1厨2卫,133.21㎡,wenjiang,低楼层 (共33层),西北,270万,20269元/平米,2012年
金河谷二期,4室2厅1厨2卫,242.3㎡,wenjiang,地下室 (共4层),东南,375万,15477元/平米,2016年
塞纳河畔,4室2厅1厨2卫,134.59㎡,wenjiang,中楼层 (共6层),东南,180万,13374元/平米,2006年
公园大道,2室2厅1厨1卫,62.84㎡,wenjiang,低楼层 (共25层),东南,99万,15755元/平米,2012年
塞纳河畔,3室2厅1厨2卫,133.47㎡,wenjiang,中楼层 (共12层),东,185万,13861元/平米,2006年
春天大道,4室2厅1厨2卫,246㎡,wenjiang,低楼层 (共7层),南,510万,20732元/平米,2009年
炎华置信上林赋,5室2厅1厨3卫,300.15㎡,wenjiang,低楼层 (共3层),南 北,420万,13994元/平米,未知年建
鑫源锦城花园,3室2厅1厨2卫,151.95㎡,wenjiang,高楼层 (共6层),东北,140万,9214元/平米,2003年
花样年花样城,2室1厅1厨1卫,84.59㎡,wenjiang,低楼层 (共34层),南,75万,8867元/平米,未知年建/
蓝光香瑞湖,3室2厅1厨2卫,134.64㎡,wenjiang,中楼层 (共26层),东南,180万,13369元/平米,2009年
西财学府阳光,3室2厅1厨1卫,87.81㎡,wenjiang,低楼层 (共32层),西北,100万,11389元/平米,2015年
洲际亚洲湾,2室2厅1厨1卫,67.89㎡,wenjiang,高楼层 (共31层),西南,91.6万,13493元/平米,2017年
西财学府憬城,3室2厅1厨1卫,92.92㎡,wenjiang,中楼层 (共26层),南,103万,11085元/平米,2014年
明信仕林府,2室2厅1厨1卫,87.15㎡,wenjiang,中楼层 (共33层),西南,110万,12622元/平米,未知年建/
柳城印象,2室2厅1厨1卫,77.23㎡,wenjiang,中楼层 (共18层),东南,88万,11395元/平米,2012年
春秋嘉境,2室2厅1厨1卫,81.8㎡,wenjiang,中楼层 (共8层),东南,120万,14670元/平米,2013年
春天大道,2室1厅1厨2卫,88㎡,wenjiang,低楼层 (共18层),东,150万,17046元/平米,2009年
巨龙环岛国际社区,3室2厅1厨2卫,127.79㎡,wenjiang,中楼层 (共32层),东南,180万,14086元/平米,2011年
明信仕林府,3室2厅1厨1卫,84.2㎡,wenjiang,中楼层 (共33层),东南,115万,13658元/平米,2016年
水韵尚城,4室2厅1厨2卫,184.5㎡,wenjiang,低楼层 (共25层),西北,170万,9215元/平米,2009年
恒大城四期,3室2厅1厨2卫,142.72㎡,wenjiang,低楼层 (共30层),西北,190万,13313元/平米,2015年
洲际银海湾,3室2厅1厨2卫,107.44㎡,wenjiang,高楼层 (共32层),北,166万,15451元/平米,2016年
春天大道,4室2厅1厨2卫,159.64㎡,wenjiang,高楼层 (共24层),南,270万,16914元/平米,2009年
格凌兰,2室2厅1厨1卫,74.54㎡,wenjiang,高楼层 (共26层),东南,100万,13416元/平米,2016年
锦绣水岸,4室2厅1厨2卫,136.9㎡,wenjiang,高楼层 (共18层),北,160万,11688元/平米,2010年
鹭湖宫二区,4室2厅1厨3卫,240.77㎡,wenjiang,中楼层 (共4层),南,290万,12045元/平米,2009年
明信仕林府,4室2厅1厨2卫,151.23㎡,wenjiang,中楼层 (共33层),南,170万,11242元/平米,2016年
依云,4室2厅1厨3卫,160.65㎡,wenjiang,高楼层 (共4层),东北,280万,17430元/平米,2007年
花样年花样城,5室2厅1厨2卫,126.54㎡,wenjiang,中楼层 (共34层),东南,140万,11064元/平米,未知年建/
金色鱼凫,4室2厅1厨2卫,138.76㎡,wenjiang,中楼层 (共18层),西北,160万,11531元/平米,2011年
长岸缇香,5室3厅1厨5卫,410.69㎡,wenjiang,低楼层 (共3层),东南,450万,10958元/平米,2013年
彩叠园1B期,4室2厅1厨3卫,137.01㎡,wenjiang,中楼层 (共5层),南,260万,18977元/平米,2013年
边城香格里,3室2厅1厨2卫,123㎡,wenjiang,高楼层 (共6层),东南,190万,15448元/平米,2011年
芙蓉锦绣一期,5室3厅1厨5卫,250.26㎡,wenjiang,低楼层 (共3层),南,280万,11189元/平米,2009年
春天大道,3室2厅1厨2卫,130.47㎡,wenjiang,高楼层 (共20层),东,210万,16096元/平米,2009年
中铁瑞景澜庭,2室2厅1厨1卫,72.03㎡,wenjiang,高楼层 (共6层),南,100万,13884元/平米,2012年
和信孔雀天成,3室2厅1厨2卫,127.8㎡,wenjiang,中楼层 (共33层),南,162万,12677元/平米,2015年
春天大道,3室2厅1厨2卫,136.21㎡,wenjiang,低楼层 (共24层),南,200万,14684元/平米,2009年
水韵尚城,3室2厅1厨1卫,146.21㎡,wenjiang,低楼层 (共25层),南,155万,10602元/平米,2009年
公园大道,4室2厅1厨2卫,124㎡,wenjiang,高楼层 (共25层),东北,160万,12904元/平米,2012年
水韵尚城,3室2厅1厨2卫,149.45㎡,wenjiang,高楼层 (共25层),东北,150万,10037元/平米,2009年
公园大道,1室1厅1厨1卫,52㎡,wenjiang,高楼层 (共29层),西北,68万,13077元/平米,2012年
西花汀,3室2厅1厨2卫,128.83㎡,wenjiang,低楼层 (共18层),西北,172万,13351元/平米,2008年
佳兆业丽晶港,3室2厅1厨2卫,113.5㎡,wenjiang,中楼层 (共33层),南,190万,16741元/平米,2012年
鹭湖宫二区,3室2厅1厨2卫,148.12㎡,wenjiang,高楼层 (共5层),东南,170万,11478元/平米,2009年
恒大城一期,4室2厅1厨2卫,176.54㎡,wenjiang,高楼层 (共11层),西北,300万,16994元/平米,2010年
洲际银海湾,3室2厅1厨2卫,122.47㎡,wenjiang,中楼层 (共32层),东北,185万,15106元/平米,未知年建/
恒大城一期,4室2厅1厨2卫,176.54㎡,wenjiang,高楼层 (共11层),西北,300万,16994元/平米,2010年
西班牙森林二期,2室1厅1厨1卫,79.4㎡,wenjiang,低楼层 (共18层),南,105万,13225元/平米,2014年
七彩花都A区,4室2厅1厨2卫,145.17㎡,wenjiang,中楼层 (共5层),西南,175万,12055元/平米,2008年
珠江国际花园,3室2厅1厨2卫,120.35㎡,wenjiang,中楼层 (共16层),东南,165万,13711元/平米,2009年
锦绣森邻,3室2厅1厨2卫,131.04㎡,wenjiang,中楼层 (共5层),南,170万,12974元/平米,2008年
七彩花都B区一期,3室2厅1厨2卫,130.15㎡,wenjiang,中楼层 (共5层),东南,133万,10219元/平米,2008年
康成家园,3室2厅1厨2卫,118㎡,wenjiang,中楼层 (共11层),东南,90万,7628元/平米,未知年建/
合能珍宝琥珀,3室2厅1厨1卫,82㎡,wenjiang,高楼层 (共34层),西,110万,13415元/平米,2014年
依云,6室2厅1厨4卫,228㎡,wenjiang,低楼层 (共4层),西南,298万,13071元/平米,2007年
锦绣森邻,3室2厅1厨2卫,169.2㎡,wenjiang,低楼层 (共8层),南,220万,13003元/平米,2008年
边城香格里,4室2厅1厨3卫,176.62㎡,wenjiang,低楼层 (共6层),东北,240万,13589元/平米,2011年
英郦庄园,3室2厅1厨2卫,110.87㎡,wenjiang,低楼层 (共8层),南 北,140万,12628元/平米,2013年
那城,3室2厅1厨2卫,132.4㎡,wenjiang,高楼层 (共6层),东 南,145万,10952元/平米,2006年
紫檀山,4室2厅1厨3卫,203.94㎡,wenjiang,中楼层 (共5层),东南,220万,10788元/平米,未知年建/
书香秀筑,1室1厅1厨1卫,50.68㎡,wenjiang,低楼层 (共11层),西北,48万,9472元/平米,2008年
春天大道,2室1厅1厨1卫,91.56㎡,wenjiang,高楼层 (共24层),南,168万,18349元/平米,2009年
花样年花样城,3室3厅1厨2卫,119.08㎡,wenjiang,中楼层 (共33层),西南,100万,8398元/平米,2015年
明信仕林府,4室2厅1厨2卫,151.59㎡,wenjiang,高楼层 (共26层),东北,180万,11875元/平米,2016年
朝阳时代西锦,2室2厅1厨1卫,88.33㎡,wenjiang,中楼层 (共33层),南,100万,11322元/平米,2014年
泰基花溪谷,4室2厅1厨4卫,241.24㎡,wenjiang,低楼层 (共5层),东南,400万,16581元/平米,2005年
千禧河畔B区,3室2厅1厨1卫,78㎡,wenjiang,低楼层 (共33层),东,128万,16411元/平米,2013年
恒大城一期,3室2厅1厨2卫,135.62㎡,wenjiang,高楼层 (共33层),西北,165万,12167元/平米,2010年
世纪光华,2室2厅1厨1卫,86.67㎡,wenjiang,中楼层 (共18层),西南,82.8万,9554元/平米,2007年
鹭湖宫七号B组,2室2厅1厨1卫,88㎡,wenjiang,高楼层 (共24层),南,90万,10228元/平米,2014年
依云,6室2厅1厨3卫,228.42㎡,wenjiang,低楼层 (共4层),南 北,399万,17468元/平米,2007年
棕榈长滩,3室1厅1厨3卫,175.94㎡,wenjiang,高楼层 (共32层),南 北,360万,20462元/平米,2013年
水韵尚城,4室2厅1厨4卫,219.74㎡,wenjiang,中楼层 (共4层),南 北,240万,10922元/平米,2009年
七彩花都A区,3室2厅1厨2卫,98.72㎡,wenjiang,高楼层 (共5层),东南,145万,14689元/平米,2008年
七彩花都A区,3室2厅1厨2卫,98.72㎡,wenjiang,高楼层 (共5层),东南,145万,14689元/平米,2008年
芙蓉古城苏州区,4室2厅1厨3卫,184.6㎡,wenjiang,低楼层 (共2层),东南,185万,10022元/平米,2006年
鱼凫阳光,2室2厅1厨1卫,84.98㎡,wenjiang,高楼层 (共18层),南,70万,8238元/平米,2007年
千禧河畔B区,3室2厅1厨1卫,81㎡,wenjiang,高楼层 (共33层),北,125万,15433元/平米,2016年
合能珍宝琥珀,3室2厅1厨1卫,81.75㎡,wenjiang,中楼层 (共34层),东,110万,13456元/平米,2014年
学府阳光,3室2厅1厨2卫,101.15㎡,wenjiang,中楼层 (共32层),西南,112万,11073元/平米,2013年
英郦庄园,3室2厅1厨2卫,142.61㎡,wenjiang,中楼层 (共8层),东南,140万,9817元/平米,2013年
彩叠园1A期,2室2厅1厨1卫,88㎡,wenjiang,中楼层 (共18层),南,134万,15228元/平米,2013年
花样年花样城,3室2厅1厨1卫,89㎡,wenjiang,高楼层 (共25层),东南,89万,10000元/平米,未知年建
中森光华1号,2室2厅1厨1卫,70.9㎡,wenjiang,中楼层 (共30层),东南,100万,14105元/平米,2012年
花样年花样城,2室2厅1厨1卫,83.2㎡,wenjiang,中楼层 (共33层),东北,78万,9375元/平米,未知年建
珠江御景湾,4室2厅1厨2卫,163㎡,wenjiang,高楼层 (共31层),东北,330万,20246元/平米,2015年
彩叠园二期,2室2厅1厨1卫,85.22㎡,wenjiang,高楼层 (共11层),南,130万,15255元/平米,未知年建/
玺龙湾,4室2厅1厨2卫,143.07㎡,wenjiang,低楼层 (共32层),西南,193万,13490元/平米,2016年
恒大城二期,4室2厅1厨2卫,133㎡,wenjiang,高楼层 (共30层),东北,185万,13910元/平米,2012年
森宇音乐花园,4室2厅1厨3卫,215.93㎡,wenjiang,低楼层 (共6层),西南,280万,12968元/平米,2004年
金河谷一期,3室2厅1厨2卫,138.17㎡,wenjiang,低楼层 (共26层),东南,228万,16502元/平米,2016年
金色鱼凫,2室2厅1厨1卫,79.64㎡,wenjiang,中楼层 (共11层),东北,98万,12306元/平米,2011年
森宇音乐花园,2室2厅1厨1卫,89.48㎡,wenjiang,低楼层 (共6层),西南,100万,11176元/平米,2004年
朝阳时代西锦,2室2厅1厨1卫,92㎡,wenjiang,高楼层 (共33层),南,100万,10870元/平米,2014年
万科朗润园,2室2厅1厨1卫,87.95㎡,wenjiang,中楼层 (共33层),西,130万,14782元/平米,2007年
中铁丽景书香,2室2厅1厨1卫,89.83㎡,wenjiang,低楼层 (共32层),西南,100万,11133元/平米,2016年
金河谷五期,5室2厅1厨2卫,183.34㎡,wenjiang,低楼层 (共9层),南,280万,15273元/平米,2016年
锦里光华,4室2厅1厨2卫,177.04㎡,wenjiang,高楼层 (共6层),东南,160万,9038元/平米,2006年
西财学府尚郡,4室2厅1厨2卫,139㎡,wenjiang,中楼层 (共11层),西北,140万,10072元/平米,2013年
珠江御景湾,5室2厅1厨3卫,293.87㎡,wenjiang,中楼层 (共32层),西南 东北,500万,17015元/平米,2015年
观澜半岛,5室2厅1厨2卫,186.89㎡,wenjiang,高楼层 (共6层),东南,175万,9364元/平米,2005年
公园大道,3室2厅1厨2卫,133.82㎡,wenjiang,中楼层 (共12层),南,178万,13302元/平米,2012年
珠江御景湾,4室2厅1厨3卫,190.24㎡,wenjiang,低楼层 (共32层),东北,398万,20921元/平米,2015年
启明柳岸馨苑,3室2厅1厨2卫,104㎡,wenjiang,高楼层 (共6层),东南,90万,8654元/平米,2006年
公园大道,2室1厅1厨1卫,85.88㎡,wenjiang,中楼层 (共27层),东北,125万,14556元/平米,2012年
西班牙森林二期,3室2厅1厨2卫,118㎡,wenjiang,低楼层 (共27层),东,160万,13560元/平米,2014年
德坤海地亚,3室2厅1厨1卫,88㎡,wenjiang,中楼层 (共18层),东南,98万,11137元/平米,2013年
西财学府阳光,2室2厅1厨1卫,80.03㎡,wenjiang,高楼层 (共18层),西南,93万,11621元/平米,2015年
合能珍宝琥珀,3室2厅1厨1卫,82.27㎡,wenjiang,低楼层 (共34层),东,120万,14587元/平米,2014年
中铁丽景书香,2室2厅1厨1卫,89.61㎡,wenjiang,中楼层 (共32层),南,110万,12276元/平米,2016年
8号公馆,2室2厅1厨2卫,88.04㎡,wenjiang,中楼层 (共30层),西南,125万,14199元/平米,2014年
水韵尚城,3室2厅1厨2卫,150.12㎡,wenjiang,中楼层 (共25层),南,155万,10326元/平米,2009年
鹭湖宫六区,3室2厅1厨2卫,142.65㎡,wenjiang,中楼层 (共11层),南,205万,14371元/平米,2015年
嘉瑞国际,3室2厅1厨2卫,111.26㎡,wenjiang,低楼层 (共27层),南,155万,13932元/平米,2012年
佳兆业丽晶公馆,4室2厅1厨2卫,139.75㎡,wenjiang,高楼层 (共39层),东,186万,13310元/平米,2016年
天堰村1号,5室2厅1厨3卫,417.74㎡,wenjiang,低楼层 (共3层),南,820万,19630元/平米,2007年
朝阳时代西锦,2室2厅1厨1卫,91㎡,wenjiang,中楼层 (共33层),东南 西南,122万,13407元/平米,2014年
金河谷五期,4室1厅1厨2卫,120.73㎡,wenjiang,中楼层 (共9层),南 北,250万,20708元/平米,2012年
金桂花园,4室3厅1厨2卫,167.89㎡,wenjiang,中楼层 (共6层),西北,125万,7446元/平米,未知年建/
彩叠园1B期,5室2厅1厨4卫,215㎡,wenjiang,地下室 (共4层),南,460万,21396元/平米,2013年
森宇音乐花园,4室2厅1厨3卫,202㎡,wenjiang,低楼层 (共6层),西南,260万,12872元/平米,2004年
塞纳河畔,2室2厅1厨1卫,93.18㎡,wenjiang,低楼层 (共13层),东北,145万,15562元/平米,2006年
珠江御景湾,4室2厅1厨2卫,140.61㎡,wenjiang,低楼层 (共18层),南,320万,22758元/平米,2015年
金河谷四期,3室2厅1厨2卫,124.3㎡,wenjiang,低楼层 (共31层),东南,197万,15849元/平米,未知年建/
珠江御景湾,4室2厅1厨2卫,163㎡,wenjiang,中楼层 (共31层),东北,300万,18405元/平米,2015年
千禧河畔B区,3室2厅1厨2卫,88㎡,wenjiang,中楼层 (共33层),南,162万,18410元/平米,2015年
海峡新城二期,3室2厅1厨2卫,129.02㎡,wenjiang,高楼层 (共6层),东南 南,130万,10076元/平米,2007年
金色鱼凫,2室2厅1厨1卫,79.64㎡,wenjiang,中楼层 (共11层),东 东南,98万,12306元/平米,2011年
金色鱼凫,2室2厅1厨1卫,87.93㎡,wenjiang,高楼层 (共18层),东南,115万,13079元/平米,2011年
鱼凫花园,3室2厅1厨2卫,117.49㎡,wenjiang,中楼层 (共6层),南,85万,7235元/平米,2004年
光华国际,2室2厅1厨1卫,91.31㎡,wenjiang,低楼层 (共30层),东南,135万,14785元/平米,2013年
洲际春天广场,2室1厅1厨1卫,76.95㎡,wenjiang,高楼层 (共32层),西北,117万,15205元/平米,2012年
置信柳城谊苑,3室2厅1厨2卫,146.54㎡,wenjiang,低楼层 (共6层),东南,168万,11465元/平米,未知年建/
明信仕林府,2室1厅1厨1卫,87.15㎡,wenjiang,中楼层 (共33层),西南,110万,12622元/平米,未知年建/
明信仕林府,2室1厅1厨1卫,87.15㎡,wenjiang,中楼层 (共33层),西南,110万,12622元/平米,未知年建/
合能珍宝琥珀,2室2厅1厨1卫,65.36㎡,wenjiang,中楼层 (共34层),东,91万,13923元/平米,2014年
蓝光四叶城,2室2厅1厨1卫,78.94㎡,wenjiang,中楼层 (共26层),西北,78万,9881元/平米,2012年
建信奥林匹克花园,2室2厅1厨1卫,115.68㎡,wenjiang,低楼层 (共18层),南,123万,10633元/平米,2006年
棕榈长滩,3室1厅1厨2卫,151.79㎡,wenjiang,高楼层 (共33层),东 西,260万,17129元/平米,2013年
金河谷五期,3室2厅1厨1卫,76.53㎡,wenjiang,中楼层 (共34层),东南,116万,15158元/平米,2016年
中铁瑞景澜庭,4室2厅1厨2卫,138.84㎡,wenjiang,高楼层 (共6层),南,175万,12605元/平米,2012年
千禧河畔C区,3室2厅1厨2卫,88㎡,wenjiang,低楼层 (共26层),南,180万,20455元/平米,未知年建/
海科名城,3室1厅1厨2卫,117.53㎡,wenjiang,中楼层 (共27层),南,120万,10211元/平米,2011年
金河谷五期,3室2厅1厨1卫,76.32㎡,wenjiang,高楼层 (共34层),西北,120万,15724元/平米,2016年
千禧河畔C区,4室2厅1厨2卫,129㎡,wenjiang,中楼层 (共33层),东南,145万,11241元/平米,未知年建/
森宇音乐花园,3室2厅1厨2卫,140.89㎡,wenjiang,中楼层 (共6层),东北,140万,9937元/平米,2004年
美茵河谷,2室1厅1厨1卫,87.79㎡,wenjiang,中楼层 (共11层),南,119万,13556元/平米,2007年
金河谷五期,4室2厅1厨2卫,118.66㎡,wenjiang,高楼层 (共9层),南 北,280万,23597元/平米,2012年
中铁瑞景澜庭,3室2厅1厨2卫,117.56㎡,wenjiang,高楼层 (共6层),南,169万,14376元/平米,2012年
格凌兰三期,2室1厅1厨1卫,71.54㎡,wenjiang,中楼层 (共32层),东北,100万,13979元/平米,2016年
德坤新天地,1室0厅1厨1卫,37.08㎡,wenjiang,高楼层 (共22层),西南,36万,9709元/平米,2013年
恒大城一期,3室1厅1厨1卫,88.6㎡,wenjiang,高楼层 (共33层),东南,125万,14109元/平米,2010年
千禧河畔B区,2室2厅1厨1卫,81.57㎡,wenjiang,中楼层 (共33层),东南,122万,14957元/平米,2016年
万春东路10号,3室2厅1厨1卫,110.9㎡,wenjiang,高楼层 (共6层),南,76万,6854元/平米,未知年建/
公园大道,4室2厅1厨2卫,108.5㎡,wenjiang,中楼层 (共16层),东南,150万,13825元/平米,2012年
锦绣森邻,3室2厅1厨2卫,142.47㎡,wenjiang,低楼层 (共11层),东南,180万,12635元/平米,2008年
芙蓉古城云南区,6室2厅1厨5卫,203.77㎡,wenjiang,低楼层 (共3层),东,200万,9815元/平米,2000年
清溪玫瑰园,6室2厅1厨3卫,246.86㎡,wenjiang,低楼层 (共3层),南,550万,22280元/平米,2006年
紫檀山,4室2厅1厨3卫,210.75㎡,wenjiang,中楼层 (共5层),东南 西北,235万,11151元/平米,未知年建
中铁丽景书香,1室1厅1厨1卫,55.65㎡,wenjiang,低楼层 (共26层),西北,110万,19767元/平米,2016年
建信奥林匹克花园,5室2厅1厨2卫,172.7㎡,wenjiang,高楼层 (共6层),南 北,180万,10423元/平米,2006年
学府阳光,3室2厅1厨2卫,103.7㎡,wenjiang,低楼层 (共33层),东北,126万,12151元/平米,2013年
金域香洲,4室2厅1厨2卫,163㎡,wenjiang,高楼层 (共6层),东,170万,10430元/平米,2005年
西财学府阳光,3室2厅1厨2卫,100.4㎡,wenjiang,高楼层 (共33层),东北,130万,12949元/平米,未知年建/
建信奥林匹克花园,2室2厅1厨1卫,86.48㎡,wenjiang,低楼层 (共10层),东,139万,16074元/平米,2006年
佳兆业丽晶港,2室2厅1厨1卫,73㎡,wenjiang,高楼层 (共40层),西北,125万,17124元/平米,2012年
依云,2室2厅1厨1卫,92.86㎡,wenjiang,低楼层 (共28层),西南,125万,13462元/平米,2007年
都市水岸,3室2厅1厨2卫,118.37㎡,wenjiang,低楼层 (共6层),南,140万,11828元/平米,2007年
光华国际,2室1厅1厨1卫,91.39㎡,wenjiang,中楼层 (共30层),东南,138万,15101元/平米,2013年
珠江国际花园,4室2厅1厨2卫,145.84㎡,wenjiang,低楼层 (共31层),东南,245万,16800元/平米,2009年
海科智城,3室2厅1厨2卫,121.53㎡,wenjiang,低楼层 (共17层),西南,99万,8147元/平米,2010年
蓝光四叶城,3室2厅1厨2卫,110㎡,wenjiang,中楼层 (共26层),北,110万,10000元/平米,2012年
置信香颐丽都,4室2厅1厨4卫,272.85㎡,wenjiang,低楼层 (共5层),南,275万,10079元/平米,未知年建
欣盛家园,3室2厅1厨2卫,130.93㎡,wenjiang,中楼层 (共6层),东南,115万,8784元/平米,2005年
金强大学城,3室2厅1厨2卫,111.17㎡,wenjiang,中楼层 (共28层),东南,130万,11694元/平米,2009年
彩叠园二期,2室2厅1厨1卫,85.22㎡,wenjiang,高楼层 (共11层),南,130万,15255元/平米,2011年
海科名城,3室1厅1厨2卫,101.83㎡,wenjiang,低楼层 (共27层),西南,110万,10803元/平米,2011年
蓝光香瑞湖,2室2厅1厨1卫,86.25㎡,wenjiang,低楼层 (共17层),北,130万,15073元/平米,2009年
明信仕林府,4室2厅1厨2卫,151.23㎡,wenjiang,高楼层 (共33层),东南,175万,11572元/平米,2016年
长岸缇香,5室2厅1厨3卫,559㎡,wenjiang,低楼层 (共3层),西南,980万,17532元/平米,2013年
清溪玫瑰园,5室2厅1厨2卫,258.12㎡,wenjiang,低楼层 (共3层),南,600万,23246元/平米,2006年
佳兆业丽晶港,4室2厅1厨3卫,140.76㎡,wenjiang,中楼层 (共33层),西北,258万,18330元/平米,2012年
森宇音乐花园,5室2厅1厨4卫,221.17㎡,wenjiang,高楼层 (共6层),西北,212万,9586元/平米,2004年
柳城华厦,2室2厅1厨1卫,90.09㎡,wenjiang,中楼层 (共7层),东南,75万,8326元/平米,未知年建/
兴城丽景,3室2厅1厨2卫,126.77㎡,wenjiang,高楼层 (共6层),东南,105万,8283元/平米,未知年建/
花样年花样城,2室2厅1厨1卫,84.1㎡,wenjiang,中楼层 (共15层),西南,84万,9989元/平米,2015年
明信仕林府,4室2厅1厨2卫,150.76㎡,wenjiang,高楼层 (共32层),东南,180万,11940元/平米,2016年
置信柳城谊苑,3室2厅1厨2卫,172㎡,wenjiang,中楼层 (共6层),东南,172万,10000元/平米,2003年
西财学府尚郡,3室1厅1厨2卫,122.79㎡,wenjiang,低楼层 (共11层),南,166万,13520元/平米,2013年
水韵尚城,3室2厅1厨1卫,121.98㎡,wenjiang,高楼层 (共25层),南,132万,10822元/平米,2009年
明信仕林府,3室2厅1厨2卫,116.84㎡,wenjiang,高楼层 (共26层),西,148万,12667元/平米,2016年
英郦庄园,3室1厅1厨2卫,140.96㎡,wenjiang,中楼层 (共8层),东南,145万,10287元/平米,2013年
大华水映岛,3室2厅1厨2卫,153.62㎡,wenjiang,中楼层 (共5层),东,184万,11978元/平米,2009年
珠江国际花园,4室1厅1厨2卫,147.42㎡,wenjiang,中楼层 (共32层),东南,216万,14653元/平米,2009年
洲际银海湾,3室2厅1厨2卫,103.5㎡,wenjiang,低楼层 (共39层),东南 西北,150万,14493元/平米,2016年
依云,2室1厅1厨1卫,92.86㎡,wenjiang,高楼层 (共28层),东南,105万,11308元/平米,2007年
西财学府尚郡,4室2厅1厨2卫,166.26㎡,wenjiang,中楼层 (共11层),南,175万,10526元/平米,2013年
洲际春天广场,3室2厅1厨2卫,92.68㎡,wenjiang,中楼层 (共32层),南 北,126万,13596元/平米,2012年
西财学府尚郡,4室2厅1厨2卫,198.11㎡,wenjiang,高楼层 (共18层),南,165万,8329元/平米,2009年
洲际亚洲湾,2室1厅1厨1卫,80㎡,wenjiang,低楼层 (共38层),东南,135万,16875元/平米,2017年
朝阳时代西锦,2室2厅1厨1卫,84.54㎡,wenjiang,低楼层 (共33层),东北,108万,12776元/平米,2014年
洲际银海湾,2室1厅1厨1卫,80㎡,wenjiang,高楼层 (共39层),南,120万,15000元/平米,2016年
水韵尚城,4室2厅1厨2卫,184㎡,wenjiang,低楼层 (共25层),西北,180万,9783元/平米,2009年
那城二期,3室2厅1厨2卫,108㎡,wenjiang,低楼层 (共7层),北,150万,13889元/平米,2006年
明信仕林府,4室2厅1厨2卫,147.42㎡,wenjiang,高楼层 (共26层),南,200万,13567元/平米,2016年
水韵尚城,4室2厅1厨2卫,183.37㎡,wenjiang,中楼层 (共25层),西北,180万,9817元/平米,2009年
水韵尚城,4室2厅1厨2卫,177.23㎡,wenjiang,低楼层 (共25层),东南,160万,9028元/平米,2009年
蓝光香境,6室3厅1厨3卫,100.38㎡,wenjiang,高楼层 (共27层),东,240万,23910元/平米,2008年
万科朗润园,3室0厅0厨0卫,124.28㎡,wenjiang,高楼层 (共33层),东,170万,13679元/平米,2007年
金河谷五期,5室2厅1厨3卫,180㎡,wenjiang,高楼层 (共9层),西南,240万,13334元/平米,2017年
漫城,3室2厅1厨2卫,127㎡,wenjiang,高楼层 (共17层),南,142万,11182元/平米,2009年
金河谷四期,3室1厅1厨2卫,125㎡,wenjiang,中楼层 (共32层),东南,185万,14800元/平米,2011年
花样年花样城,2室2厅1厨1卫,86.33㎡,wenjiang,高楼层 (共33层),东,75万,8688元/平米,2015年
鹭湖宫七号B组,2室1厅1厨1卫,86.83㎡,wenjiang,高楼层 (共30层),东南,100万,11517元/平米,2014年
棕榈长滩,3室2厅1厨3卫,175㎡,wenjiang,中楼层 (共32层),南 北,275万,15715元/平米,2013年
佳兆业丽晶港,2室2厅1厨1卫,73.12㎡,wenjiang,低楼层 (共40层),南,120万,16412元/平米,2012年
中森光华1号,2室2厅1厨1卫,77.15㎡,wenjiang,高楼层 (共26层),西南,88万,11407元/平米,2012年
紫光兴城,4室2厅1厨2卫,162.63㎡,wenjiang,高楼层 (共6层),南,130万,7994元/平米,2006年
西财学府阳光,2室1厅1厨1卫,71.34㎡,wenjiang,低楼层 (共32层),南,92万,12896元/平米,2015年
泰基花溪谷,3室2厅1厨2卫,119㎡,wenjiang,高楼层 (共30层),南,155万,13026元/平米,2009年
洲际银海湾,2室2厅1厨1卫,77㎡,wenjiang,中楼层 (共32层),西,118万,15325元/平米,2016年
成钞家园,2室1厅1厨1卫,57.02㎡,wenjiang,中楼层 (共7层),南 北,42万,7366元/平米,2000年
春江青龙湾,3室2厅1厨2卫,122.8㎡,wenjiang,低楼层 (共6层),南,105万,8551元/平米,2012年
欣盛家园,6室3厅1厨4卫,319㎡,wenjiang,低楼层 (共5层),东 南,280万,8778元/平米,2005年
春江青龙湾,3室2厅1厨2卫,122.8㎡,wenjiang,低楼层 (共6层),南,105万,8551元/平米,2012年
金河谷五期,3室2厅1厨1卫,76.54㎡,wenjiang,中楼层 (共34层),东南,125万,16332元/平米,2016年
鹭湖宫六区,2室1厅1厨2卫,112.76㎡,wenjiang,低楼层 (共11层),东南,180万,15964元/平米,2015年
花样年花样城,2室2厅1厨1卫,75㎡,wenjiang,高楼层 (共33层),南,73.8万,9831元/平米,2015年
恒大城一期,3室2厅1厨1卫,89.86㎡,wenjiang,低楼层 (共33层),东南,132万,14690元/平米,2010年
学府美地,2室1厅1厨1卫,84.03㎡,wenjiang,低楼层 (共6层),西南,80万,9521元/平米,2006年
蓝光香瑞湖,3室2厅1厨1卫,122.73㎡,wenjiang,低楼层 (共17层),南,175万,14259元/平米,2009年
千禧河畔B区,3室2厅1厨2卫,88㎡,wenjiang,低楼层 (共33层),东南,154万,17500元/平米,2016年
合能珍宝琥珀,2室2厅1厨1卫,68㎡,wenjiang,中楼层 (共34层),南,98万,14412元/平米,2014年
西花汀,3室1厅1厨2卫,131.84㎡,wenjiang,中楼层 (共24层),西北,188万,14260元/平米,2008年
棠湖泊林小镇,3室2厅1厨2卫,104㎡,wenjiang,中楼层 (共6层),东北,102万,9808元/平米,2007年
朝阳时代西锦,4室2厅1厨2卫,130.68㎡,wenjiang,高楼层 (共33层),北,135万,10331元/平米,2014年
格凌兰,2室2厅1厨1卫,71.4㎡,wenjiang,中楼层 (共26层),东北,115万,16107元/平米,2016年
学府阳光,3室2厅1厨2卫,103.32㎡,wenjiang,中楼层 (共32层),西南,128万,12389元/平米,2013年
蓝光香瑞湖,4室3厅1厨4卫,351.55㎡,wenjiang,低楼层 (共3层),北,490万,13939元/平米,2011年
鹭湖宫七号B组,2室1厅1厨1卫,87㎡,wenjiang,中楼层 (共30层),东北,106万,12184元/平米,2014年
海科名城,3室1厅1厨2卫,101.83㎡,wenjiang,中楼层 (共27层),南,118万,11588元/平米,2011年
紫荆庭,3室2厅1厨2卫,112.85㎡,wenjiang,低楼层 (共6层),东南,90万,7976元/平米,2003年
怡和茗居,3室2厅1厨2卫,125.72㎡,wenjiang,低楼层 (共6层),东南,125万,9943元/平米,2005年
地铁首座,3室2厅1厨2卫,110.6㎡,wenjiang,低楼层 (共32层),东南,120万,10850元/平米,未知年建/
中铁丽景书香,1室1厅1厨1卫,55.65㎡,wenjiang,低楼层 (共26层),西北,60万,10782元/平米,2016年
玺龙湾,3室2厅1厨2卫,129.78㎡,wenjiang,高楼层 (共39层),西南,172万,13254元/平米,2016年
千禧河畔B区,2室2厅1厨1卫,81.6㎡,wenjiang,低楼层 (共33层),东 西,126万,15442元/平米,2016年
美茵河谷,2室1厅1厨1卫,87.79㎡,wenjiang,中楼层 (共11层),东南,120万,13669元/平米,2007年
置信学府杏林一期,3室2厅1厨2卫,121㎡,wenjiang,中楼层 (共18层),南,135万,11158元/平米,2013年
朝阳时代西锦,2室2厅1厨1卫,88.58㎡,wenjiang,高楼层 (共33层),东,106万,11967元/平米,2014年
朝阳时代西锦,2室2厅1厨1卫,87.84㎡,wenjiang,高楼层 (共33层),东,103万,11726元/平米,2014年
丽景欣城,3室2厅1厨2卫,105.26㎡,wenjiang,中楼层 (共5层),东南,90万,8551元/平米,2005年
蓝光香瑞湖,3室2厅1厨1卫,106㎡,wenjiang,中楼层 (共24层),南,156万,14717元/平米,2009年
建信奥林匹克花园,3室2厅1厨2卫,117.54㎡,wenjiang,低楼层 (共6层),南,185万,15740元/平米,2006年
朝阳时代西锦,2室2厅1厨1卫,87.84㎡,wenjiang,高楼层 (共33层),东,103万,11726元/平米,2014年
丽景欣城,3室2厅1厨2卫,105.26㎡,wenjiang,中楼层 (共5层),东南,90万,8551元/平米,2005年
蓝光香瑞湖,3室2厅1厨1卫,106㎡,wenjiang,中楼层 (共24层),南,156万,14717元/平米,2009年
春江青龙湾,3室2厅1厨1卫,98.89㎡,wenjiang,中楼层 (共6层),东南,88万,8899元/平米,2012年
佳兆业丽晶港,4室2厅1厨2卫,134.5㎡,wenjiang,中楼层 (共33层),东北,249万,18514元/平米,2012年
恒大城一期,4室2厅1厨2卫,132.4㎡,wenjiang,低楼层 (共33层),西南,280万,21149元/平米,2010年
公园大道,2室2厅1厨2卫,96㎡,wenjiang,高楼层 (共13层),南,135万,14063元/平米,2012年
鹭湖宫二区,3室2厅1厨2卫,144.56㎡,wenjiang,中楼层 (共5层),东南,180万,12452元/平米,2009年
公园大道,4室1厅1厨3卫,139.05㎡,wenjiang,中楼层 (共16层),北,200万,14384元/平米,2012年
花样年花样城,3室1厅1厨1卫,83.82㎡,wenjiang,中楼层 (共34层),东南,80万,9545元/平米,2015年
棕榈长滩,3室2厅1厨3卫,176㎡,wenjiang,中楼层 (共32层),西南,300万,17046元/平米,2013年
森宇音乐花园,5室2厅1厨4卫,276.72㎡,wenjiang,高楼层 (共5层),西南,300万,10842元/平米,2004年
建信奥林匹克花园,1室0厅0厨1卫,35.77㎡,wenjiang,高楼层 (共9层),西南,30万,8387元/平米,2006年
明信仕林府,4室2厅1厨2卫,146.75㎡,wenjiang,低楼层 (共33层),东南,200万,13629元/平米,2016年
芙蓉花开,2室1厅1厨1卫,89.25㎡,wenjiang,中楼层 (共6层),南,70万,7844元/平米,未知年建
中铁丽景书香,2室2厅1厨1卫,86.51㎡,wenjiang,低楼层 (共32层),东南,90万,10404元/平米,2016年
光华国际,2室2厅1厨1卫,84.26㎡,wenjiang,中楼层 (共30层),东南,122万,14479元/平米,2013年
建信奥林匹克花园,3室2厅1厨2卫,143㎡,wenjiang,中楼层 (共11层),西南,162万,11329元/平米,2006年
芙蓉古城唐风区,2室1厅1厨1卫,76.09㎡,wenjiang,低楼层 (共2层),南,97万,12749元/平米,2000年
和信孔雀天成,1室1厅1厨1卫,51.09㎡,wenjiang,高楼层 (共33层),西南,72万,14093元/平米,2015年
香碧歌庄园,5室2厅1厨3卫,326.11㎡,wenjiang,低楼层 (共3层),南 北,480万,14719元/平米,2008年
向阳茗苑,1室1厅1厨1卫,49.96㎡,wenjiang,高楼层 (共6层),东北,41万,8207元/平米,2003年
光华国际,2室1厅1厨1卫,91.43㎡,wenjiang,中楼层 (共30层),西南,115万,12578元/平米,2013年
德坤新天地,1室0厅1厨1卫,43.34㎡,wenjiang,中楼层 (共22层),南,36万,8307元/平米,2013年
长岸缇香,5室3厅1厨4卫,507.8㎡,wenjiang,低楼层 (共3层),西北,900万,17724元/平米,2013年
春江青龙湾,2室2厅1厨1卫,95㎡,wenjiang,中楼层 (共18层),东南,100万,10527元/平米,2012年
香颂岛,4室2厅1厨3卫,276.59㎡,wenjiang,低楼层 (共3层),南,500万,18078元/平米,2006年
光华国际,2室1厅1厨1卫,79.88㎡,wenjiang,低楼层 (共30层),西北,110万,13771元/平米,2013年
德坤竹韵坊,3室2厅1厨1卫,88.39㎡,wenjiang,高楼层 (共6层),东南,81万,9164元/平米,2007年
蓝光四叶城,3室2厅1厨1卫,89.9㎡,wenjiang,高楼层 (共26层),东南,90万,10012元/平米,2012年
鹭湖宫二区,3室2厅1厨3卫,206.31㎡,wenjiang,低楼层 (共3层),东南,350万,16965元/平米,2009年
柳城阳光,1室1厅1厨1卫,48.15㎡,wenjiang,中楼层 (共11层),南,42万,8723元/平米,2007年
花样年花样城,2室2厅1厨1卫,86.76㎡,wenjiang,中楼层 (共33层),东南,86万,9913元/平米,2015年
恒大城一期,4室2厅2厨2卫,174.18㎡,wenjiang,高楼层 (共11层),西北,350万,20095元/平米,2010年
玺龙湾,3室2厅1厨2卫,114.36㎡,wenjiang,高楼层 (共39层),西,183万,16003元/平米,2016年
芙蓉田园,2室2厅1厨1卫,84.12㎡,wenjiang,高楼层 (共25层),北,72.5万,8619元/平米,未知年建/
珠江御景湾,4室2厅1厨2卫,163.02㎡,wenjiang,中楼层 (共31层),东北,300万,18403元/平米,2015年
紫檀山,4室2厅1厨4卫,201.93㎡,wenjiang,高楼层 (共12层),南,280万,13867元/平米,未知年建/
明信仕林府,4室2厅1厨2卫,147.79㎡,wenjiang,高楼层 (共32层),东南,180万,12180元/平米,2016年
漫城,4室2厅1厨2卫,121.13㎡,wenjiang,低楼层 (共11层),东北,130万,10733元/平米,2009年
中铁丽景书香,3室1厅1厨2卫,112.56㎡,wenjiang,中楼层 (共32层),东南 西北,120万,10661元/平米,2016年
清溪玫瑰园,4室2厅1厨4卫,235.08㎡,wenjiang,低楼层 (共3层),南,458万,19483元/平米,2006年
芙蓉古城紫玉园,5室3厅1厨4卫,345.35㎡,wenjiang,低楼层 (共3层),南,448万,12973元/平米,未知年建
金强大学城,3室2厅1厨1卫,85.48㎡,wenjiang,中楼层 (共18层),西北,100万,11699元/平米,2009年
华丽花园,3室2厅1厨2卫,143.99㎡,wenjiang,中楼层 (共6层),东,125万,8682元/平米,2000年
公园壹号,3室2厅1厨2卫,141.44㎡,wenjiang,中楼层 (共27层),东南,177万,12515元/平米,2010年
千禧河畔B区,4室2厅1厨2卫,129㎡,wenjiang,低楼层 (共33层),南,200万,15504元/平米,2016年
蓝光四叶城,2室2厅1厨1卫,80.11㎡,wenjiang,高楼层 (共26层),南,79万,9862元/平米,2012年
海科名城,3室2厅1厨2卫,133㎡,wenjiang,低楼层 (共11层),东,158万,11880元/平米,2011年
佳兆业丽晶港,2室2厅1厨1卫,73㎡,wenjiang,低楼层 (共33层),东南,120万,16439元/平米,2012年
世纪光华,3室2厅1厨2卫,132.89㎡,wenjiang,高楼层 (共6层),南,132.9万,10000元/平米,2007年
花样年花样城,3室2厅1厨2卫,89.47㎡,wenjiang,高楼层 (共34层),西南,95万,10619元/平米,2015年
金河谷五期,3室1厅1厨2卫,88.92㎡,wenjiang,高楼层 (共34层),西南,137万,15408元/平米,2016年
珠江克莱公寓,1室1厅1厨1卫,54.52㎡,wenjiang,高楼层 (共31层),东南,58万,10639元/平米,2009年
金色鱼凫,2室2厅1厨1卫,83.78㎡,wenjiang,中楼层 (共18层),东南,120万,14324元/平米,2011年
学府阳光,3室2厅1厨2卫,102.04㎡,wenjiang,低楼层 (共32层),东北,130万,12741元/平米,2013年
西财学府尚郡,3室2厅1厨1卫,94.41㎡,wenjiang,中楼层 (共11层),东南,128万,13558元/平米,2013年
金强大学城,3室2厅1厨2卫,100.32㎡,wenjiang,低楼层 (共18层),南,120万,11962元/平米,2009年
西花汀,3室2厅1厨2卫,128㎡,wenjiang,中楼层 (共18层),东南,190万,14844元/平米,2008年
公园大道,2室2厅1厨1卫,85.8㎡,wenjiang,高楼层 (共27层),南,135万,15735元/平米,2012年
佳兆业丽晶港,4室2厅1厨2卫,134.86㎡,wenjiang,高楼层 (共33层),东北,260万,19280元/平米,2012年
洲际银海湾,4室2厅1厨2卫,127.4㎡,wenjiang,高楼层 (共39层),南,210万,16484元/平米,2016年
嘉瑞国际,3室1厅1厨2卫,120㎡,wenjiang,低楼层 (共27层),东南,130万,10834元/平米,2012年
西财学府阳光,3室2厅1厨1卫,88.51㎡,wenjiang,高楼层 (共18层),南,108万,12203元/平米,2015年
西财学府阳光,3室2厅1厨1卫,87.81㎡,wenjiang,中楼层 (共32层),东南,115万,13097元/平米,2015年
洲际银海湾,3室2厅1厨2卫,110.24㎡,wenjiang,高楼层 (共32层),东,170万,15421元/平米,2016年
西财学府尚郡,4室2厅1厨2卫,126.7㎡,wenjiang,中楼层 (共11层),东,131万,10340元/平米,2013年
塞纳河畔,3室1厅1厨2卫,134.1㎡,wenjiang,高楼层 (共12层),东,159万,11857元/平米,2006年
光华国际,2室1厅1厨1卫,91.39㎡,wenjiang,低楼层 (共30层),东南,138万,15101元/平米,2013年
鹭湖宫五号社区,3室2厅1厨2卫,134㎡,wenjiang,高楼层 (共26层),西南,130万,9702元/平米,2012年
金色鱼凫,2室2厅1厨1卫,90.56㎡,wenjiang,高楼层 (共11层),东南,115万,12699元/平米,2011年
洲际亚洲湾,3室2厅1厨2卫,100.6㎡,wenjiang,低楼层 (共38层),西,150万,14911元/平米,2017年
西财学府尚郡,3室2厅1厨1卫,99.56㎡,wenjiang,中楼层 (共18层),东南,110万,11049元/平米,2009年
巨龙环岛国际社区,2室2厅1厨1卫,91.83㎡,wenjiang,低楼层 (共33层),东,120万,13068元/平米,2010年
榕树岭,3室2厅1厨1卫,89.42㎡,wenjiang,高楼层 (共26层),南,110万,12302元/平米,2012年
珠江御景湾,4室1厅1厨2卫,153.65㎡,wenjiang,高楼层 (共31层),东北,285万,18549元/平米,2015年
中铁丽景书香,3室1厅1厨2卫,89.28㎡,wenjiang,中楼层 (共30层),东南,108万,12097元/平米,2016年
世纪光华,3室1厅1厨2卫,137.33㎡,wenjiang,低楼层 (共6层),南,125万,9103元/平米,2007年
蓝光四叶城,2室2厅1厨1卫,77㎡,wenjiang,中楼层 (共18层),南,75万,9741元/平米,2012年
海峡新城一期,3室2厅1厨2卫,123㎡,wenjiang,低楼层 (共6层),东南,150万,12196元/平米,2007年
金河谷一期,4室2厅1厨2卫,152㎡,wenjiang,中楼层 (共26层),南,315万,20724元/平米,2016年
恒大城三期,3室2厅1厨2卫,138.06㎡,wenjiang,中楼层 (共30层),西北,170万,12314元/平米,2013年
鹭湖宫七区A组,2室1厅1厨1卫,82.37㎡,wenjiang,高楼层 (共30层),东南,98万,11898元/平米,2014年
文府苑,4室2厅1厨3卫,174.51㎡,wenjiang,低楼层 (共6层),东南,145万,8309元/平米,2012年
七彩花都A区,4室2厅1厨3卫,98.83㎡,wenjiang,高楼层 (共5层),东南,139万,14065元/平米,2008年
德坤海地亚,3室3厅1厨3卫,194.17㎡,wenjiang,低楼层 (共5层),西南,200万,10301元/平米,2013年
鹭湖宫二区,4室2厅1厨3卫,231.21㎡,wenjiang,中楼层 (共4层),东南,330万,14273元/平米,未知年建
西财学府憬城,3室2厅1厨1卫,93㎡,wenjiang,中楼层 (共26层),西北,125万,13441元/平米,2014年
明信仕林府,2室2厅1厨1卫,89.33㎡,wenjiang,中楼层 (共33层),东南,118万,13210元/平米,2016年
千禧河畔C区,3室2厅1厨2卫,129㎡,wenjiang,中楼层 (共26层),南,175万,13566元/平米,未知年建/
金河谷四期,2室2厅1厨1卫,88.09㎡,wenjiang,高楼层 (共29层),西北,117万,13282元/平米,2016年
鹭湖宫二区,3室2厅1厨3卫,176.61㎡,wenjiang,低楼层 (共2层),南,348万,19705元/平米,2012年
千禧河畔C区,3室2厅1厨1卫,81㎡,wenjiang,高楼层 (共33层),东南,132万,16297元/平米,未知年建/
千禧河畔C区,2室2厅1厨1卫,81㎡,wenjiang,高楼层 (共33层),东南,134万,16544元/平米,未知年建/
格凌兰,3室2厅1厨2卫,89.61㎡,wenjiang,高楼层 (共26层),南,190万,21203元/平米,2016年
西班牙森林二期,3室1厅1厨2卫,89.92㎡,wenjiang,低楼层 (共11层),北,120万,13346元/平米,2014年
朝阳时代西锦,2室2厅1厨1卫,88㎡,wenjiang,高楼层 (共33层),东南,110万,12500元/平米,2014年
七彩花都A区,3室2厅1厨2卫,133.6㎡,wenjiang,中楼层 (共5层),西南,150万,11228元/平米,2008年
佳兆业丽晶港,3室1厅1厨2卫,86㎡,wenjiang,高楼层 (共33层),西南,135万,15698元/平米,2012年
中铁丽景书香,2室2厅1厨1卫,87.49㎡,wenjiang,中楼层 (共32层),东南,120万,13716元/平米,2016年
光华国际,3室2厅1厨2卫,104㎡,wenjiang,高楼层 (共32层),东南,135万,12981元/平米,2013年
花语岸,3室2厅1厨2卫,111.43㎡,wenjiang,中楼层 (共32层),东北,128万,11488元/平米,2015年
紫檀山,4室2厅1厨3卫,206.14㎡,wenjiang,低楼层 (共4层),东南 西北,310万,15039元/平米,未知年建
西财学府尚郡,3室2厅1厨1卫,99.84㎡,wenjiang,中楼层 (共18层),东北,132万,13222元/平米,2013年
西财学府阳光,2室1厅1厨1卫,72.49㎡,wenjiang,低楼层 (共32层),南,93万,12830元/平米,2015年
西财学府阳光,3室1厅1厨1卫,87.81㎡,wenjiang,低楼层 (共32层),南,113万,12869元/平米,2015年
西财学府阳光,3室1厅1厨1卫,87.81㎡,wenjiang,低楼层 (共32层),南,113万,12869元/平米,2015年
格澜威尔,2室2厅1厨1卫,85.56㎡,wenjiang,中楼层 (共18层),南,84万,9818元/平米,2013年
都市水岸,3室2厅1厨2卫,157.53㎡,wenjiang,高楼层 (共6层),西,150万,9522元/平米,2007年
西财学府憬城,3室2厅1厨1卫,93㎡,wenjiang,中楼层 (共26层),西北,125万,13441元/平米,2014年
明信仕林府,2室2厅1厨1卫,89.33㎡,wenjiang,中楼层 (共33层),东南,118万,13210元/平米,2016年
千禧河畔C区,3室2厅1厨2卫,129㎡,wenjiang,中楼层 (共26层),南,175万,13566元/平米,未知年建/
锦绣天骄,3室2厅1厨2卫,117.14㎡,wenjiang,低楼层 (共6层),西南,110万,9391元/平米,2007年
西班牙森林二期,3室2厅1厨1卫,90.18㎡,wenjiang,中楼层 (共27层),东,130万,14416元/平米,2014年
合能珍宝琥珀,3室2厅1厨1卫,82.7㎡,wenjiang,高楼层 (共34层),西,120万,14511元/平米,2014年
明信仕林府,3室2厅1厨2卫,120.64㎡,wenjiang,中楼层 (共33层),南,165万,13678元/平米,2016年
水韵尚城,3室2厅1厨1卫,121㎡,wenjiang,中楼层 (共25层),东,128万,10579元/平米,2009年
书香秀筑,2室1厅1厨1卫,59.4㎡,wenjiang,中楼层 (共11层),西南,55万,9260元/平米,2008年
佳兆业丽晶港,3室2厅1厨1卫,84.68㎡,wenjiang,高楼层 (共33层),东北,148万,17478元/平米,2012年
蓝光香瑞湖,5室2厅1厨3卫,242㎡,wenjiang,低楼层 (共3层),北,480万,19835元/平米,2011年
彩叠园1A期,2室1厅1厨1卫,87.84㎡,wenjiang,中楼层 (共18层),东南,132万,15028元/平米,2013年
明信仕林府,3室2厅1厨2卫,120.64㎡,wenjiang,中楼层 (共33层),南,165万,13678元/平米,2016年
珠江御景湾,4室1厅1厨2卫,141.47㎡,wenjiang,低楼层 (共18层),东北,255万,18026元/平米,2015年
大华水映岛,3室2厅1厨2卫,128.48㎡,wenjiang,中楼层 (共6层),东 西,177万,13777元/平米,2009年
光华国际,2室1厅1厨1卫,79.98㎡,wenjiang,低楼层 (共30层),东南,110万,13754元/平米,2013年
珠江国际花园,4室2厅1厨2卫,130㎡,wenjiang,中楼层 (共21层),南,180万,13847元/平米,2009年
书香秀筑,2室1厅1厨1卫,59.4㎡,wenjiang,中楼层 (共11层),西南,55万,9260元/平米,2008年
佳兆业丽晶港,3室2厅1厨1卫,84.68㎡,wenjiang,高楼层 (共33层),东北,148万,17478元/平米,2012年
棠湖泊林小镇,2室2厅1厨1卫,93.12㎡,wenjiang,低楼层 (共10层),东南,96万,10310元/平米,2007年
珠江御景湾,4室2厅1厨2卫,140㎡,wenjiang,中楼层 (共18层),西北,249万,17786元/平米,2015年
花样年花样城,2室1厅1厨1卫,44.76㎡,wenjiang,高楼层 (共31层),西南,42万,9384元/平米,2015年
柳浪湾北三巷7号,2室2厅1厨1卫,88.66㎡,wenjiang,中楼层 (共5层),南,66万,7445元/平米,未知年建/
月映长滩栖悦,3室2厅1厨1卫,90㎡,wenjiang,低楼层 (共18层),东南,79万,8778元/平米,2016年
明信仕林府,4室2厅1厨2卫,110㎡,wenjiang,中楼层 (共26层),西南,140万,12728元/平米,2016年
千禧河畔C区,3室2厅1厨2卫,88.91㎡,wenjiang,低楼层 (共26层),南,158万,17771元/平米,未知年建/
七彩花都B区二期,2室2厅1厨1卫,89.91㎡,wenjiang,高楼层 (共18层),东,110万,12235元/平米,2006年
花样年花样城,3室2厅1厨1卫,84.7㎡,wenjiang,高楼层 (共33层),东南 西南,76万,8973元/平米,未知年建
中铁丽景书香,1室1厅1厨1卫,51.67㎡,wenjiang,中楼层 (共32层),西南,60万,11613元/平米,2016年
珠江克莱公寓,1室0厅1厨1卫,54.52㎡,wenjiang,中楼层 (共31层),南,55万,10089元/平米,2009年
塞纳河畔,4室2厅1厨2卫,158.26㎡,wenjiang,高楼层 (共6层),南,178万,11248元/平米,2006年
鹭湖宫二区,4室2厅1厨2卫,246.64㎡,wenjiang,高楼层 (共5层),东,270万,10948元/平米,2009年
向阳茗苑,4室2厅1厨2卫,147.65㎡,wenjiang,高楼层 (共6层),东,120万,8128元/平米,2003年
珠江国际花园,3室2厅1厨2卫,120㎡,wenjiang,低楼层 (共15层),东南,146万,12167元/平米,2009年
恒大城一期,3室2厅1厨1卫,103.69㎡,wenjiang,高楼层 (共11层),东南,200万,19289元/平米,2010年
恒大城一期,4室2厅1厨2卫,143.61㎡,wenjiang,低楼层 (共11层),南 北,266万,18523元/平米,2010年
花语岸,4室2厅1厨2卫,116.31㎡,wenjiang,高楼层 (共18层),东南,150万,12897元/平米,2015年
千禧河畔B区,3室2厅1厨1卫,78.52㎡,wenjiang,低楼层 (共33层),东,110万,14010元/平米,2016年
西财学府尚郡,4室2厅1厨2卫,166.26㎡,wenjiang,中楼层 (共11层),南,173万,10406元/平米,2013年
合能珍宝琥珀,3室2厅1厨1卫,82.91㎡,wenjiang,低楼层 (共34层),西,120万,14474元/平米,未知年建/
合能珍宝琥珀,3室2厅1厨1卫,82.91㎡,wenjiang,低楼层 (共34层),西,120万,14474元/平米,未知年建/
边城香格里,4室2厅1厨2卫,216.99㎡,wenjiang,低楼层 (共6层),西北,292万,13457元/平米,2011年
西班牙森林一期,5室2厅1厨4卫,231.16㎡,wenjiang,低楼层 (共6层),南,320万,13844元/平米,2010年
华丽花园,3室2厅1厨2卫,143.99㎡,wenjiang,低楼层 (共6层),西南,145万,10071元/平米,2000年
紫荆庭,3室2厅1厨2卫,133.74㎡,wenjiang,中楼层 (共6层),东南,105万,7852元/平米,2003年
西财学府阳光,2室1厅1厨1卫,72.49㎡,wenjiang,低楼层 (共32层),南,93万,12830元/平米,2015年
鹭湖宫七区A组,2室1厅1厨1卫,81.37㎡,wenjiang,中楼层 (共30层),南,118万,14502元/平米,2014年
金强大学城,1室1厅1厨1卫,62.27㎡,wenjiang,高楼层 (共28层),东南,66万,10600元/平米,2009年
海峡新城二期,5室2厅1厨2卫,138㎡,wenjiang,高楼层 (共6层),西北,138万,10000元/平米,2007年
春天大道,5室2厅3厨1卫,363.65㎡,wenjiang,低楼层 (共1层),南 北,670万,18425元/平米,2009年
西财学府憬城,2室1厅1厨1卫,86.48㎡,wenjiang,高楼层 (共26层),南,100万,11564元/平米,2014年
美茵河谷,4室2厅1厨3卫,217.21㎡,wenjiang,高楼层 (共11层),东南,430万,19797元/平米,2007年
珠江国际花园,4室2厅1厨2卫,147㎡,wenjiang,低楼层 (共32层),东南,255万,17347元/平米,2009年
朝阳时代西锦,3室2厅1厨2卫,116.72㎡,wenjiang,中楼层 (共33层),北,148万,12680元/平米,2014年
优取舍,3室2厅1厨2卫,131.23㎡,wenjiang,高楼层 (共6层),东南,130万,9907元/平米,2007年
千禧河畔B区,3室2厅1厨2卫,88㎡,wenjiang,高楼层 (共33层),东南,170万,19319元/平米,2015年
棠湖泊林小镇,5室2厅1厨2卫,174.32㎡,wenjiang,高楼层 (共5层),东南,180万,10326元/平米,2007年
塞纳河畔,3室2厅1厨2卫,119㎡,wenjiang,中楼层 (共6层),南,148万,12437元/平米,2006年
水韵华府,5室3厅1厨3卫,181㎡,wenjiang,高楼层 (共9层),南 北,280万,15470元/平米,2012年
芙蓉田园,3室2厅1厨2卫,107.64㎡,wenjiang,低楼层 (共25层),南,100万,9291元/平米,未知年建/
西班牙森林一期,4室2厅1厨2卫,140.52㎡,wenjiang,低楼层 (共6层),西,168万,11956元/平米,2010年
朝阳时代西锦,2室2厅1厨1卫,90.94㎡,wenjiang,低楼层 (共33层),西北,105万,11547元/平米,2014年
花样年花样城,3室2厅1厨1卫,84㎡,wenjiang,中楼层 (共33层),东南,80万,9524元/平米,2015年
安居苑,4室2厅1厨2卫,160.37㎡,wenjiang,中楼层 (共7层),东南,122万,7608元/平米,2000年
金域香洲,5室2厅1厨2卫,147㎡,wenjiang,高楼层 (共6层),西北,140万,9524元/平米,2005年
春天大道,4室1厅1厨2卫,150.13㎡,wenjiang,低楼层 (共24层),南,240万,15987元/平米,2009年
依云,4室2厅1厨3卫,156.97㎡,wenjiang,中楼层 (共4层),东北,223万,14207元/平米,2007年
西财学府尚郡,4室2厅1厨2卫,123.01㎡,wenjiang,低楼层 (共11层),东南 北,170万,13821元/平米,2013年
中铁丽景书香,1室0厅1厨1卫,36.97㎡,wenjiang,低楼层 (共26层),东南,42万,11361元/平米,2016年
学府阳光,3室2厅1厨2卫,108㎡,wenjiang,低楼层 (共33层),东南,140万,12963元/平米,2013年
朝阳时代西锦,2室2厅1厨1卫,85.54㎡,wenjiang,低楼层 (共33层),东,98万,11457元/平米,2014年
德坤竹韵坊,3室2厅1厨2卫,106.5㎡,wenjiang,高楼层 (共6层),南,95万,8921元/平米,2007年
置信柳城谊苑,4室2厅1厨3卫,182.6㎡,wenjiang,高楼层 (共6层),东南,150万,8215元/平米,2003年
格凌兰,3室2厅1厨2卫,99.97㎡,wenjiang,中楼层 (共25层),西南 东北,200万,20007元/平米,2016年
格凌兰,3室2厅1厨2卫,95.14㎡,wenjiang,中楼层 (共25层),西南,140万,14716元/平米,2016年
地铁首座,3室2厅1厨2卫,90.6㎡,wenjiang,高楼层 (共32层),东,148万,16336元/平米,未知年建/
金河谷四期,2室2厅1厨1卫,88㎡,wenjiang,高楼层 (共29层),东南,140万,15910元/平米,2016年
合能珍宝琥珀,3室2厅1厨1卫,82.76㎡,wenjiang,高楼层 (共34层),西,125万,15104元/平米,2014年
佳兆业丽晶港,2室2厅1厨1卫,73.4㎡,wenjiang,高楼层 (共40层),南,120万,16349元/平米,2012年
棠湖泊林小镇,3室2厅1厨2卫,112.28㎡,wenjiang,中楼层 (共6层),东南,140万,12469元/平米,2007年
朝阳时代西锦,2室1厅1厨1卫,86.96㎡,wenjiang,高楼层 (共33层),东南,115万,13225元/平米,2014年
佳兆业丽晶港,3室2厅1厨1卫,86㎡,wenjiang,低楼层 (共33层),西北,138万,16047元/平米,2012年
香碧歌庄园,5室2厅1厨3卫,321㎡,wenjiang,低楼层 (共3层),南,600万,18692元/平米,2008年
芙蓉花开,2室2厅1厨1卫,85.75㎡,wenjiang,中楼层 (共6层),东南,68万,7931元/平米,未知年建
中铁丽景书香,1室0厅1厨1卫,53.13㎡,wenjiang,低楼层 (共26层),南,58万,10917元/平米,2016年
光华国际,2室2厅1厨1卫,91.39㎡,wenjiang,中楼层 (共30层),东南,120万,13131元/平米,2013年
西财学府尚郡,4室2厅1厨2卫,158.68㎡,wenjiang,中楼层 (共11层),东南,155万,9769元/平米,2013年
海峡新城二期,4室2厅1厨2卫,143.93㎡,wenjiang,低楼层 (共5层),东南,200万,13896元/平米,2007年
中铁月映长滩,4室2厅1厨3卫,142.25㎡,wenjiang,中楼层 (共4层),北,160万,11248元/平米,未知年建/
中铁丽景书香,1室0厅1厨1卫,53㎡,wenjiang,高楼层 (共26层),东北,63万,11887元/平米,2016年
德坤新天地,1室1厅1厨1卫,57㎡,wenjiang,中楼层 (共32层),东,58万,10176元/平米,2013年
春天大道,5室2厅1厨4卫,462.34㎡,wenjiang,低楼层 (共1层),东南,800万,17304元/平米,2009年
金河谷一期,4室2厅1厨2卫,156㎡,wenjiang,低楼层 (共26层),东南,260万,16667元/平米,2016年
鱼凫阳光,3室1厅1厨2卫,87.57㎡,wenjiang,高楼层 (共18层),西南,75万,8565元/平米,2007年
紫光兴城,3室2厅1厨2卫,122㎡,wenjiang,中楼层 (共6层),南,109万,8935元/平米,2006年
西财学府阳光,3室2厅1厨2卫,100.4㎡,wenjiang,低楼层 (共33层),西北,130万,12949元/平米,2015年
佳兆业丽晶港,3室2厅1厨3卫,87.88㎡,wenjiang,低楼层 (共33层),南,178万,20255元/平米,2012年
观澜半岛,4室2厅1厨2卫,186.53㎡,wenjiang,高楼层 (共6层),东南,230万,12331元/平米,未知年建/
西财学府尚郡,4室2厅1厨2卫,127.38㎡,wenjiang,高楼层 (共11层),东南,140万,10991元/平米,2013年
金强大学城,1室1厅1厨1卫,46.5㎡,wenjiang,高楼层 (共28层),南,60万,12904元/平米,2009年
万春东路10号,3室2厅1厨1卫,111.01㎡,wenjiang,中楼层 (共8层),南 北,72万,6486元/平米,未知年建/
航天花园,3室2厅1厨2卫,172.65㎡,wenjiang,高楼层 (共6层),东南,130万,7530元/平米,2001年
边城香格里,2室2厅1厨3卫,184.7㎡,wenjiang,低楼层 (共5层),东,280万,15160元/平米,2011年
鹭湖宫二区,4室2厅1厨3卫,378.22㎡,wenjiang,低楼层 (共2层),南,960万,25383元/平米,2009年
金河谷二期,5室3厅1厨3卫,509.14㎡,wenjiang,低楼层 (共3层),东南,1400万,27498元/平米,未知年建
上林宽境,4室2厅1厨2卫,192.71㎡,wenjiang,高楼层 (共6层),东南,192万,9964元/平米,2006年
金强大学城,2室2厅1厨1卫,83.3㎡,wenjiang,低楼层 (共18层),西南,96万,11525元/平米,2009年
建信奥林匹克花园,4室2厅1厨2卫,158.64㎡,wenjiang,中楼层 (共11层),东,180万,11347元/平米,2006年
塞纳河畔,3室2厅1厨2卫,138.04㎡,wenjiang,高楼层 (共6层),南,150万,10867元/平米,2006年
光华国际,3室2厅1厨2卫,104.67㎡,wenjiang,低楼层 (共32层),南,176万,16815元/平米,2013年
胜地金芙蓉,3室2厅1厨2卫,106.6㎡,wenjiang,高楼层 (共6层),西南,85万,7974元/平米,未知年建/
成钞家园,3室2厅1厨2卫,117㎡,wenjiang,高楼层 (共6层),东南,90万,7693元/平米,未知年建/
格凌兰,3室2厅1厨2卫,114㎡,wenjiang,低楼层 (共32层),东南,160万,14036元/平米,2016年
漫城,3室2厅1厨2卫,134.03㎡,wenjiang,高楼层 (共11层),西北,121万,9028元/平米,2009年
翰城,3室2厅1厨2卫,132.42㎡,wenjiang,中楼层 (共15层),东南,110万,8307元/平米,2009年
锦绣水岸,3室2厅1厨2卫,123㎡,wenjiang,低楼层 (共18层),东北,160万,13009元/平米,2010年
塞纳河畔,2室2厅1厨1卫,78㎡,wenjiang,中楼层 (共6层),东南,120万,15385元/平米,2006年
西贵堂,4室2厅1厨2卫,179.8㎡,wenjiang,中楼层 (共8层),南,130万,7231元/平米,未知年建/
格凌兰,3室2厅1厨2卫,99.52㎡,wenjiang,低楼层 (共25层),东南,135万,13566元/平米,2016年
恒大城二期,3室2厅1厨1卫,89.17㎡,wenjiang,低楼层 (共30层),东南,135万,15140元/平米,2012年
七彩花都B区二期,3室2厅1厨2卫,108.73㎡,wenjiang,中楼层 (共18层),东南,130万,11957元/平米,2006年
洲际银海湾,3室2厅1厨2卫,109㎡,wenjiang,低楼层 (共32层),东南,167万,15322元/平米,2016年
世纪光华,2室2厅1厨1卫,72.56㎡,wenjiang,高楼层 (共6层),东南,73万,10061元/平米,2007年
英郦庄园,3室2厅1厨2卫,136㎡,wenjiang,低楼层 (共6层),东南,158万,11618元/平米,2013年
花样年花样城,3室1厅1厨1卫,84.5㎡,wenjiang,中楼层 (共33层),西南,90万,10651元/平米,2015年
德坤恬园,2室2厅1厨1卫,79.45㎡,wenjiang,中楼层 (共6层),西南,65万,8182元/平米,2010年
大华水映岛,3室2厅1厨2卫,117㎡,wenjiang,高楼层 (共11层),南,140万,11966元/平米,2009年
西财学府憬城,2室2厅1厨1卫,86㎡,wenjiang,低楼层 (共26层),东南,95万,11047元/平米,2014年
七彩花都B区一期,2室2厅1厨2卫,96.8㎡,wenjiang,中楼层 (共5层),南,110万,11364元/平米,2008年
朝阳时代西锦,2室2厅1厨1卫,88.33㎡,wenjiang,高楼层 (共33层),西南,102万,11548元/平米,2014年
西财学府憬城,2室2厅1厨1卫,86㎡,wenjiang,低楼层 (共26层),东南,95万,11047元/平米,2014年
英郦庄园,3室1厅1厨2卫,116.91㎡,wenjiang,中楼层 (共8层),西南 东北,135万,11548元/平米,2013年
海峡新城一期,4室2厅1厨3卫,190.28㎡,wenjiang,中楼层 (共4层),南,200万,10511元/平米,2007年
鱼凫阳光,2室2厅1厨1卫,80.33㎡,wenjiang,中楼层 (共18层),西南,68万,8466元/平米,2007年
金强大学城,1室1厅1厨1卫,49.19㎡,wenjiang,低楼层 (共28层),西南,55万,11182元/平米,2009年
蓝润睿城,1室1厅1厨1卫,51.26㎡,wenjiang,高楼层 (共26层),东,62万,12096元/平米,2011年
蓝光四叶城,2室2厅1厨1卫,78.66㎡,wenjiang,高楼层 (共26层),北,80万,10171元/平米,2012年
置信学府杏林一期,4室2厅1厨2卫,143㎡,wenjiang,高楼层 (共18层),北,165万,11539元/平米,2013年
紫檀山,5室2厅1厨2卫,307.57㎡,wenjiang,低楼层 (共3层),东南,450万,14631元/平米,未知年建/
恒大城一期,3室2厅1厨2卫,135.47㎡,wenjiang,高楼层 (共33层),西北,200万,14764元/平米,2010年
海科名城,1室1厅1厨1卫,54.62㎡,wenjiang,高楼层 (共18层),西南,65万,11901元/平米,2011年
和信孔雀天成,1室1厅1厨1卫,51.66㎡,wenjiang,中楼层 (共33层),东南,63万,12196元/平米,2015年
佳兆业丽晶港,2室2厅1厨1卫,71.14㎡,wenjiang,低楼层 (共40层),东南,110万,15463元/平米,2012年
西财学府憬城,3室2厅1厨1卫,93.12㎡,wenjiang,低楼层 (共26层),西北,110万,11813元/平米,2014年
漫城,2室2厅1厨1卫,82.33㎡,wenjiang,高楼层 (共11层),东南,86万,10446元/平米,2009年
西花汀,2室1厅1厨2卫,90.96㎡,wenjiang,中楼层 (共18层),南 西南,130万,14292元/平米,2008年
新城府景,3室1厅1厨1卫,96.34㎡,wenjiang,低楼层 (共25层),东,98万,10173元/平米,1998年
恒大城一期,4室2厅1厨2卫,140㎡,wenjiang,低楼层 (共11层),东南,215万,15358元/平米,2010年
金河谷四期,2室2厅1厨1卫,80.31㎡,wenjiang,高楼层 (共29层),南,112万,13946元/平米,2016年
蓝光四叶城,3室2厅1厨1卫,89.66㎡,wenjiang,低楼层 (共18层),东南,94万,10485元/平米,2012年
海峡新城一期,3室2厅1厨2卫,123.36㎡,wenjiang,中楼层 (共6层),东南,105万,8512元/平米,2007年
鹭湖宫二区,3室2厅1厨2卫,129.64㎡,wenjiang,中楼层 (共4层),南 北,140万,10800元/平米,2010年
安居苑,3室2厅1厨1卫,127.79㎡,wenjiang,中楼层 (共7层),东南,103万,8061元/平米,2000年
鹭湖宫二区,3室2厅1厨2卫,143㎡,wenjiang,低楼层 (共5层),东南,220万,15385元/平米,2009年
鹭湖宫八区,2室2厅1厨1卫,83.86㎡,wenjiang,高楼层 (共32层),东南,102万,12164元/平米,2014年
德坤恬园,3室1厅1厨1卫,88㎡,wenjiang,低楼层 (共6层),东南,70万,7955元/平米,2010年
置信学府杏林一期,4室2厅1厨2卫,143.73㎡,wenjiang,低楼层 (共18层),西,130万,9045元/平米,2013年
朝阳时代西锦,2室2厅1厨1卫,90.94㎡,wenjiang,中楼层 (共33层),东,120万,13196元/平米,2014年
学府美地,3室2厅1厨1卫,122.7㎡,wenjiang,中楼层 (共6层),东南,121万,9862元/平米,2006年
漫城,3室2厅1厨2卫,134.03㎡,wenjiang,高楼层 (共11层),西北,121万,9028元/平米,2009年
金河谷二期,4室2厅1厨3卫,367.35㎡,wenjiang,低楼层 (共3层),南 北,500万,13611元/平米,未知年建
炎华置信上林赋,5室3厅1厨3卫,410㎡,wenjiang,低楼层 (共3层),南,500万,12196元/平米,未知年建
万科朗润园,4室2厅1厨3卫,199.7㎡,wenjiang,高楼层 (共33层),东南,285万,14272元/平米,2007年
佳兆业丽晶港,2室2厅1厨1卫,71㎡,wenjiang,高楼层 (共33层),南,110万,15493元/平米,2012年
珠江御景湾,4室2厅1厨2卫,140.77㎡,wenjiang,中楼层 (共18层),西北,230万,16339元/平米,2015年
彩叠园1B期,4室1厅1厨2卫,137㎡,wenjiang,中楼层 (共5层),南,230万,16789元/平米,2013年
学府阳光,3室1厅1厨1卫,89.22㎡,wenjiang,低楼层 (共32层),东北,116万,13002元/平米,2013年
珠江国际花园,2室1厅1厨1卫,83.69㎡,wenjiang,中楼层 (共16层),南,125万,14937元/平米,2009年
佳兆业丽晶港,3室1厅1厨1卫,86.88㎡,wenjiang,低楼层 (共33层),东,170万,19568元/平米,2012年
建信奥林匹克花园,2室2厅1厨2卫,98.29㎡,wenjiang,低楼层 (共11层),东南,136万,13837元/平米,2006年
中铁丽景书香,3室2厅1厨2卫,83.87㎡,wenjiang,中楼层 (共22层),东南,102万,12162元/平米,2016年
恒大城二期,4室2厅1厨2卫,137.73㎡,wenjiang,高楼层 (共30层),西北,175万,12707元/平米,2012年
合能珍宝琥珀,3室2厅1厨1卫,82.74㎡,wenjiang,中楼层 (共34层),东,116万,14020元/平米,2014年
紫光兴城,2室2厅1厨1卫,84.07㎡,wenjiang,中楼层 (共6层),东,82万,9754元/平米,2006年
大华水映岛,3室2厅1厨2卫,126.65㎡,wenjiang,中楼层 (共11层),南,158万,12476元/平米,2009年
千禧河畔B区,2室2厅1厨1卫,78㎡,wenjiang,低楼层 (共33层),东南,130万,16667元/平米,2016年
边城香格里,2室2厅1厨1卫,87.42㎡,wenjiang,中楼层 (共18层),北,140万,16015元/平米,2011年
光华国际,2室2厅1厨1卫,89㎡,wenjiang,中楼层 (共32层),东,146万,16405元/平米,2013年
万科朗润园,2室2厅1厨1卫,87.27㎡,wenjiang,高楼层 (共33层),东,136万,15584元/平米,2007年
朝阳时代西锦,3室2厅1厨1卫,110.83㎡,wenjiang,高楼层 (共33层),北,138万,12452元/平米,2014年
锦里光华,3室2厅1厨2卫,143㎡,wenjiang,中楼层 (共6层),南,138万,9651元/平米,2006年
西财学府尚郡,4室2厅1厨2卫,127.38㎡,wenjiang,中楼层 (共11层),南,133万,10442元/平米,2013年
中铁丽景书香,3室2厅1厨1卫,87.03㎡,wenjiang,高楼层 (共30层),东南,110万,12640元/平米,2016年
恒大城二期,3室2厅1厨2卫,137.73㎡,wenjiang,高楼层 (共30层),西北,200万,14522元/平米,2012年
那城,3室2厅1厨2卫,134㎡,wenjiang,高楼层 (共6层),东南,130万,9702元/平米,2006年
明信仕林府,4室2厅1厨2卫,151.23㎡,wenjiang,低楼层 (共33层),东北,235万,15540元/平米,2016年
恒大城一期,3室2厅1厨2卫,135.04㎡,wenjiang,低楼层 (共33层),西北,170万,12589元/平米,2010年
西财学府尚郡,4室2厅1厨2卫,127.37㎡,wenjiang,高楼层 (共11层),南,140万,10992元/平米,2013年
棠湖泊林小镇,3室2厅1厨2卫,131.8㎡,wenjiang,中楼层 (共10层),东南,128万,9712元/平米,2007年
静水香榭,4室2厅1厨2卫,152.15㎡,wenjiang,高楼层 (共6层),南,128万,8413元/平米,2008年
金强大学城,1室1厅1厨1卫,49.19㎡,wenjiang,高楼层 (共28层),西南,56万,11385元/平米,2009年
置信学府杏林一期,1室0厅1厨1卫,36.9㎡,wenjiang,低楼层 (共18层),东,30万,8131元/平米,2012年
鹭湖宫二区,6室2厅1厨4卫,393.67㎡,wenjiang,低楼层 (共2层),东南,520万,13210元/平米,2009年
中铁丽景书香,1室1厅1厨1卫,57.51㎡,wenjiang,中楼层 (共26层),东南,68万,11825元/平米,2016年
千禧河畔A区,2室2厅1厨1卫,81㎡,wenjiang,高楼层 (共26层),南,98万,12099元/平米,2016年
紫檀山,4室2厅1厨3卫,245.09㎡,wenjiang,中楼层 (共5层),东南,366万,14934元/平米,未知年建
芙蓉古城八期A、B区,6室3厅1厨6卫,491.71㎡,wenjiang,低楼层 (共3层),南,600万,12203元/平米,2016年
英郦庄园,3室2厅1厨2卫,151.27㎡,wenjiang,低楼层 (共6层),东南,158万,10445元/平米,2013年
观澜半岛,5室2厅1厨3卫,228㎡,wenjiang,高楼层 (共6层),东南,199万,8729元/平米,2005年
巨龙环岛国际社区,2室2厅1厨1卫,97.36㎡,wenjiang,低楼层 (共33层),东南,135万,13867元/平米,2010年
中铁丽景书香,2室2厅1厨1卫,88.08㎡,wenjiang,高楼层 (共28层),东南,101万,11467元/平米,2016年
8号公馆,3室2厅1厨1卫,94㎡,wenjiang,低楼层 (共31层),南,145万,15426元/平米,2014年
怡和茗居,4室3厅1厨2卫,154.64㎡,wenjiang,高楼层 (共6层),东南,126万,8148元/平米,2005年
明信仕林府,3室2厅1厨2卫,110.41㎡,wenjiang,低楼层 (共33层),西南,158万,14311元/平米,2016年
金色鱼凫,3室2厅1厨1卫,99.6㎡,wenjiang,低楼层 (共18层),南,150万,15061元/平米,2011年
春江青龙湾,3室2厅1厨2卫,112.47㎡,wenjiang,低楼层 (共17层),西北,110万,9781元/平米,2012年
金河谷一期,3室2厅1厨2卫,141㎡,wenjiang,低楼层 (共26层),西南,215万,15249元/平米,2016年
光华国际,3室2厅1厨1卫,105.59㎡,wenjiang,低楼层 (共32层),南,146万,13828元/平米,2013年
春江青龙湾,3室2厅1厨1卫,98.83㎡,wenjiang,低楼层 (共6层),西北,95万,9613元/平米,2012年
七彩花都B区一期,2室2厅1厨2卫,97㎡,wenjiang,中楼层 (共5层),南 北,120万,12372元/平米,2008年
建信奥林匹克花园,3室1厅1厨2卫,117.54㎡,wenjiang,中楼层 (共6层),东,140万,11911元/平米,2006年
鑫源锦城花园,3室2厅1厨2卫,128.32㎡,wenjiang,低楼层 (共6层),东南,150万,11690元/平米,2003年
依云,3室2厅1厨2卫,132.48㎡,wenjiang,中楼层 (共28层),东南,185万,13965元/平米,2007年
西财学府憬城,2室1厅1厨1卫,86.48㎡,wenjiang,中楼层 (共26层),东南,110万,12720元/平米,2014年
金河谷四期,3室2厅1厨2卫,121.93㎡,wenjiang,低楼层 (共32层),西南,161万,13205元/平米,2012年
珠江御景湾,4室2厅1厨2卫,141㎡,wenjiang,低楼层 (共18层),西南,220万,15603元/平米,2015年
鹭湖宫五号社区,3室2厅1厨2卫,133㎡,wenjiang,低楼层 (共26层),东,175万,13158元/平米,2012年
文武路40号,3室2厅1厨1卫,110.62㎡,wenjiang,高楼层 (共7层),东南,70万,6328元/平米,未知年建/
格凌兰三期,4室2厅1厨2卫,81.08㎡,wenjiang,高楼层 (共32层),西南,208万,25654元/平米,2016年
西班牙森林一期,2室2厅1厨1卫,98㎡,wenjiang,低楼层 (共6层),北 东北,125万,12756元/平米,2010年
那城,3室2厅1厨2卫,127.29㎡,wenjiang,中楼层 (共10层),东南,143万,11235元/平米,2006年
光华国际,3室2厅1厨2卫,120㎡,wenjiang,中楼层 (共6层),东南,260万,21667元/平米,2013年
西财学府尚郡,4室2厅1厨2卫,166㎡,wenjiang,高楼层 (共11层),南,188万,11326元/平米,2013年
文武路40号,3室2厅1厨1卫,110.62㎡,wenjiang,高楼层 (共7层),东南,70万,6328元/平米,未知年建/
佳兆业丽晶港,3室2厅1厨2卫,113.46㎡,wenjiang,低楼层 (共33层),东北,170万,14984元/平米,2012年
中铁丽景书香,2室2厅1厨1卫,65.01㎡,wenjiang,中楼层 (共22层),东南,80万,12306元/平米,2016年
玺龙湾,3室2厅1厨2卫,123.67㎡,wenjiang,高楼层 (共39层),东,186万,15041元/平米,2016年
鹭湖宫五号社区,3室2厅1厨2卫,115.03㎡,wenjiang,中楼层 (共25层),西南,140万,12171元/平米,2012年
明信仕林府,2室2厅1厨1卫,89.33㎡,wenjiang,中楼层 (共33层),东南,110万,12314元/平米,2016年
金水湾,3室2厅1厨2卫,122.65㎡,wenjiang,中楼层 (共18层),东南,145万,11823元/平米,2011年
鱼凫阳光,3室2厅1厨2卫,99.82㎡,wenjiang,中楼层 (共18层),南,85万,8516元/平米,2007年
七彩花都B区一期,2室2厅1厨2卫,96㎡,wenjiang,中楼层 (共5层),东南,110万,11459元/平米,2007年
佳兆业丽晶港,3室2厅1厨1卫,86.34㎡,wenjiang,低楼层 (共40层),东南,136万,15752元/平米,2012年
西花汀,3室2厅1厨2卫,127.31㎡,wenjiang,低楼层 (共18层),东南,198万,15553元/平米,2008年
紫光兴城,3室2厅1厨2卫,131.49㎡,wenjiang,高楼层 (共6层),南,128万,9735元/平米,2006年
美茵河谷,2室2厅1厨1卫,90.07㎡,wenjiang,低楼层 (共6层),西,125万,13879元/平米,2007年
锦里光华,3室2厅1厨2卫,132.15㎡,wenjiang,中楼层 (共6层),南 北,135万,10216元/平米,2006年
海峡新城四期,4室3厅1厨3卫,171㎡,wenjiang,低楼层 (共6层),西南,155万,9065元/平米,2007年
锦绣天骄,4室2厅1厨2卫,139.5㎡,wenjiang,低楼层 (共6层),南,110万,7886元/平米,2007年
西蜀尚都,3室2厅1厨2卫,118.5㎡,wenjiang,高楼层 (共32层),西北,126万,10633元/平米,2010年
英郦庄园,3室2厅1厨2卫,142.61㎡,wenjiang,中楼层 (共8层),东南,180万,12622元/平米,2013年
鹭湖宫五号社区,5室2厅1厨5卫,300.3㎡,wenjiang,低楼层 (共26层),西南,285万,9491元/平米,2012年
千禧河畔A区,4室2厅1厨2卫,129.94㎡,wenjiang,高楼层 (共33层),东南,145万,11159元/平米,未知年建/
建信奥林匹克花园,1室0厅0厨1卫,35.35㎡,wenjiang,高楼层 (共9层),北,30万,8487元/平米,2006年
恒大城一期,3室2厅1厨2卫,138.15㎡,wenjiang,高楼层 (共11层),东南,205万,14839元/平米,2010年
蓝光香瑞湖,3室2厅1厨1卫,106.45㎡,wenjiang,低楼层 (共24层),东南,170万,15970元/平米,2009年
芙蓉古城云南区,4室2厅1厨3卫,174.56㎡,wenjiang,低楼层 (共3层),南,175万,10026元/平米,2000年
置信学府杏林一期,5室2厅1厨2卫,161.72㎡,wenjiang,低楼层 (共18层),东,180万,11131元/平米,2013年
置信学府杏林一期,5室2厅1厨2卫,161.72㎡,wenjiang,低楼层 (共18层),东,180万,11131元/平米,2013年
中铁丽景书香,1室0厅1厨1卫,36.97㎡,wenjiang,中楼层 (共26层),东北,44万,11902元/平米,2016年
西花汀,3室2厅2厨2卫,147㎡,wenjiang,高楼层 (共22层),西南,200万,13606元/平米,2008年
泰基花溪谷,4室2厅1厨2卫,153.86㎡,wenjiang,低楼层 (共30层),东南,190万,12349元/平米,2005年
彩叠园1A期,3室2厅1厨2卫,117.1㎡,wenjiang,中楼层 (共18层),南,190万,16226元/平米,2013年
水韵华府,3室2厅1厨2卫,145.69㎡,wenjiang,中楼层 (共8层),南 北,210万,14415元/平米,2012年
佳兆业丽晶港,3室2厅1厨2卫,120.69㎡,wenjiang,低楼层 (共33层),西南,220万,18229元/平米,2012年
光华国际,2室2厅1厨1卫,97.7㎡,wenjiang,低楼层 (共30层),南,126万,12897元/平米,2013年
鑫源锦城花园,3室3厅1厨2卫,149.04㎡,wenjiang,高楼层 (共6层),东,105万,7046元/平米,2003年
公园大道,3室2厅1厨2卫,131㎡,wenjiang,低楼层 (共30层),西北,200万,15268元/平米,2012年
天来国际文化广场,3室2厅1厨2卫,121㎡,wenjiang,高楼层 (共33层),东南,137万,11323元/平米,2013年
德坤竹韵坊,3室2厅1厨1卫,88.3㎡,wenjiang,低楼层 (共6层),东南,92万,10420元/平米,2007年
金河谷五期,3室2厅1厨2卫,88.63㎡,wenjiang,低楼层 (共34层),西南,137万,15458元/平米,2017年
学府阳光,3室2厅1厨2卫,108.49㎡,wenjiang,低楼层 (共33层),东南,135万,12444元/平米,2013年
置信柳城谊苑,4室2厅1厨3卫,210㎡,wenjiang,高楼层 (共6层),东南,195万,9286元/平米,2003年
地铁首座,1室0厅1厨1卫,36.83㎡,wenjiang,低楼层 (共30层),南,33万,8961元/平米,2016年
佳禾雅筑,4室2厅1厨2卫,153.16㎡,wenjiang,高楼层 (共6层),东南,115万,7509元/平米,未知年建
锦里光华,3室2厅1厨2卫,143㎡,wenjiang,高楼层 (共6层),东南,133万,9301元/平米,2006年
西花汀,3室2厅1厨2卫,127.31㎡,wenjiang,低楼层 (共18层),西北,185万,14532元/平米,2008年
千禧河畔A区,2室1厅1厨1卫,78.8㎡,wenjiang,中楼层 (共26层),东南,99万,12564元/平米,未知年建/
水韵尚城,5室2厅1厨2卫,301.42㎡,wenjiang,高楼层 (共4层),南,365万,12110元/平米,2009年
书香秀筑,1室1厅1厨1卫,50㎡,wenjiang,中楼层 (共11层),东南,43万,8600元/平米,2008年
格凌兰,3室2厅1厨2卫,113.17㎡,wenjiang,高楼层 (共32层),西南,180万,15906元/平米,2016年
恒大城三期,3室2厅1厨2卫,146.13㎡,wenjiang,高楼层 (共30层),西北,190万,13003元/平米,2013年
朝阳时代西锦,2室2厅1厨1卫,90.2㎡,wenjiang,低楼层 (共33层),西北,126.8万,14058元/平米,2014年
锦上清苑,3室2厅1厨2卫,118.18㎡,wenjiang,高楼层 (共13层),东南,150万,12693元/平米,未知年建/
锦上清苑,2室2厅1厨1卫,88.89㎡,wenjiang,高楼层 (共13层),东南 西北,120万,13500元/平米,未知年建/
西财学府尚郡,4室2厅1厨2卫,166.26㎡,wenjiang,中楼层 (共11层),南,182万,10947元/平米,2013年
珠江克莱公寓,2室1厅1厨1卫,78.27㎡,wenjiang,中楼层 (共31层),东,70万,8944元/平米,2009年
西财学府尚郡,4室2厅1厨2卫,127.8㎡,wenjiang,低楼层 (共11层),南,145万,11346元/平米,2013年
置信柳城谊苑,4室2厅1厨2卫,171.99㎡,wenjiang,高楼层 (共6层),东南,155万,9013元/平米,2003年
格凌兰三期,3室2厅1厨1卫,85.49㎡,wenjiang,低楼层 (共32层),西北,150万,17546元/平米,2016年
锦上清苑,3室2厅1厨2卫,118.18㎡,wenjiang,高楼层 (共13层),东南,150万,12693元/平米,未知年建/
锦上清苑,2室2厅1厨1卫,88.89㎡,wenjiang,高楼层 (共13层),东南 西北,120万,13500元/平米,未知年建/
西财学府尚郡,4室2厅1厨2卫,166.26㎡,wenjiang,中楼层 (共11层),南,182万,10947元/平米,2013年
珠江克莱公寓,2室1厅1厨1卫,78.27㎡,wenjiang,中楼层 (共31层),东,70万,8944元/平米,2009年
西财学府尚郡,4室2厅1厨2卫,127.8㎡,wenjiang,低楼层 (共11层),南,145万,11346元/平米,2013年
中铁丽景书香,2室2厅1厨1卫,89.61㎡,wenjiang,低楼层 (共32层),东,110万,12276元/平米,2016年
金强大学城,3室2厅1厨1卫,85.48㎡,wenjiang,中楼层 (共18层),东,95万,11114元/平米,2009年
党校家属院,3室2厅1厨2卫,107.83㎡,wenjiang,中楼层 (共6层),东南,80万,7420元/平米,未知年建/
珠江克莱公寓,2室1厅1厨1卫,78.27㎡,wenjiang,中楼层 (共31层),东南,70万,8944元/平米,2009年
尚西花郡,4室2厅1厨2卫,138.5㎡,wenjiang,低楼层 (共18层),西北,140万,10109元/平米,2001年
赞元茗居,2室2厅1厨1卫,103.8㎡,wenjiang,中楼层 (共6层),南,65万,6263元/平米,2000年
世纪光华,3室2厅1厨1卫,89.96㎡,wenjiang,高楼层 (共6层),北,110万,12228元/平米,2007年
千禧河畔A区,4室1厅1厨2卫,81㎡,wenjiang,低楼层 (共33层),北,115万,14198元/平米,未知年建/
花样年花样城,3室2厅1厨1卫,87㎡,wenjiang,低楼层 (共25层),东北,85万,9771元/平米,未知年建
优取舍,2室2厅1厨1卫,86.47㎡,wenjiang,高楼层 (共6层),南,90万,10409元/平米,2007年
和音晶座,2室1厅1厨1卫,53㎡,wenjiang,高楼层 (共18层),东南,50万,9434元/平米,2009年
鹭湖宫二区,3室2厅1厨3卫,206㎡,wenjiang,低楼层 (共3层),东南,458万,22234元/平米,2011年
中铁丽景书香,2室2厅1厨1卫,82.25㎡,wenjiang,高楼层 (共28层),东,108万,13131元/平米,2016年
世纪光华,3室2厅1厨1卫,90.07㎡,wenjiang,低楼层 (共6层),西北,90万,9993元/平米,2007年
七彩花都A区,3室2厅1厨2卫,120.83㎡,wenjiang,低楼层 (共5层),西南,180万,14897元/平米,2008年
银诚归墅,3室2厅1厨2卫,124.6㎡,wenjiang,高楼层 (共11层),东北,162万,13002元/平米,2000年
西班牙森林一期,2室2厅1厨1卫,102.63㎡,wenjiang,中楼层 (共6层),南,140万,13642元/平米,2010年
置信学府杏林一期,3室2厅1厨2卫,121㎡,wenjiang,高楼层 (共18层),南,125万,10331元/平米,2015年
玺龙湾,3室2厅1厨2卫,127.16㎡,wenjiang,高楼层 (共31层),南,195万,15336元/平米,2016年
中铁丽景书香,1室1厅1厨1卫,57.51㎡,wenjiang,低楼层 (共26层),东南,68万,11825元/平米,2016年
春天大道,3室2厅1厨2卫,130㎡,wenjiang,低楼层 (共20层),东 西,260万,20000元/平米,2009年
金色鱼凫,2室2厅1厨1卫,85.72㎡,wenjiang,高楼层 (共18层),西南,105万,12250元/平米,2011年
西蜀尚都,3室2厅1厨2卫,98.52㎡,wenjiang,高楼层 (共32层),东,112万,11369元/平米,2010年
海科名城,3室2厅1厨2卫,29.09㎡,wenjiang,地下室 (共1层),东南,7万,2407元/平米,未知年建
丽景欣城,2室2厅1厨1卫,95.96㎡,wenjiang,低楼层 (共6层),东南,85万,8858元/平米,2005年
芙蓉古城紫云园,5室2厅1厨4卫,345.36㎡,wenjiang,低楼层 (共3层),西南,480万,13899元/平米,2009年
8号公馆,3室2厅1厨2卫,122.32㎡,wenjiang,中楼层 (共8层),东南,195万,15942元/平米,2014年
尚西花郡,3室2厅1厨2卫,120㎡,wenjiang,中楼层 (共18层),东,140万,11667元/平米,2001年
万科朗润园,3室2厅1厨1卫,99.33㎡,wenjiang,中楼层 (共6层),南,155万,15605元/平米,2007年
七彩花都B区二期,2室2厅1厨1卫,87.24㎡,wenjiang,高楼层 (共18层),南,115万,13183元/平米,2006年
芙蓉花开,3室2厅1厨1卫,98.76㎡,wenjiang,高楼层 (共6层),东南,82万,8303元/平米,未知年建
恒大城三期,3室1厅1厨1卫,89.1㎡,wenjiang,中楼层 (共30层),东南,130万,14591元/平米,2013年
海峡新城二期,4室2厅1厨2卫,143.93㎡,wenjiang,中楼层 (共5层),南 北,160万,11117元/平米,2007年
漫城,3室2厅1厨2卫,134.16㎡,wenjiang,中楼层 (共11层),东南,135万,10063元/平米,2009年
金强柳浪湾,3室2厅1厨2卫,132.01㎡,wenjiang,高楼层 (共6层),东南,90万,6818元/平米,未知年建/
朝阳时代西锦,2室2厅1厨1卫,87.72㎡,wenjiang,高楼层 (共33层),东南,110万,12540元/平米,2014年
春天大道,4室2厅1厨2卫,277㎡,wenjiang,低楼层 (共1层),南,560万,20217元/平米,2009年
边城香格里,3室2厅1厨3卫,152.06㎡,wenjiang,高楼层 (共6层),南 北,208万,13679元/平米,2011年
芙蓉花开,2室2厅1厨1卫,87.58㎡,wenjiang,低楼层 (共6层),南,76万,8678元/平米,未知年建
朝阳时代西锦,2室1厅1厨1卫,88.58㎡,wenjiang,中楼层 (共33层),西,105万,11854元/平米,2014年
地铁首座,1室1厅1厨1卫,50.9㎡,wenjiang,低楼层 (共30层),东南,50.9万,10000元/平米,2016年
西财学府憬城,2室2厅1厨1卫,86.04㎡,wenjiang,低楼层 (共26层),南,95万,11042元/平米,2014年
七彩花都B区一期,2室2厅1厨1卫,96㎡,wenjiang,低楼层 (共5层),东,115万,11980元/平米,2008年
芙蓉锦绣一期,5室2厅1厨5卫,348.15㎡,wenjiang,低楼层 (共3层),东南,400万,11490元/平米,2009年
春天大道,2室2厅1厨1卫,91.8㎡,wenjiang,高楼层 (共20层),东南,150万,16340元/平米,2009年
千禧河畔A区,3室2厅1厨2卫,84.7㎡,wenjiang,低楼层 (共26层),东 东南,165万,19481元/平米,未知年建/
西班牙森林一期,5室2厅1厨3卫,317㎡,wenjiang,中楼层 (共4层),南,360万,11357元/平米,2010年
那城,3室2厅1厨2卫,132.4㎡,wenjiang,高楼层 (共6层),东南,160万,12085元/平米,2006年
烽火新区,3室2厅1厨2卫,118.35㎡,wenjiang,高楼层 (共6层),东南 西北,82万,6929元/平米,2000年
银诚归墅,5室2厅1厨5卫,444.36㎡,wenjiang,低楼层 (共3层),南,800万,18004元/平米,2000年
春天大道,5室3厅1厨3卫,490㎡,wenjiang,低楼层 (共1层),南,700万,14286元/平米,2009年
金强大学城,1室1厅1厨1卫,51.46㎡,wenjiang,高楼层 (共18层),东 东南,60万,11660元/平米,2009年
美茵河谷,1室1厅1厨1卫,51.85㎡,wenjiang,中楼层 (共6层),西南,70万,13501元/平米,2007年
美茵河谷,1室1厅1厨1卫,51.85㎡,wenjiang,中楼层 (共6层),西南,70万,13501元/平米,2007年
花样年花样城,4室2厅1厨2卫,126.84㎡,wenjiang,中楼层 (共33层),南,120万,9461元/平米,2015年
春天大道,5室3厅1厨4卫,543.69㎡,wenjiang,低楼层 (共1层),东南,720万,13243元/平米,2009年
和信孔雀天成,1室1厅1厨1卫,55.12㎡,wenjiang,高楼层 (共33层),东北,82万,14877元/平米,2015年
鹭湖宫二区,2室1厅1厨2卫,101.49㎡,wenjiang,高楼层 (共4层),南,126万,12416元/平米,2010年
鹭湖宫七区A组,5室2厅1厨3卫,351.24㎡,wenjiang,低楼层 (共3层),东南,650万,18506元/平米,未知年建
锦里光华,4室2厅1厨2卫,174.86㎡,wenjiang,高楼层 (共6层),南,160万,9151元/平米,2006年
德坤恬园,3室2厅1厨2卫,114.33㎡,wenjiang,高楼层 (共6层),东,90万,7872元/平米,2010年
塞纳河畔,2室1厅1厨1卫,86㎡,wenjiang,中楼层 (共12层),西南,110万,12791元/平米,2006年
塞纳河畔,3室2厅1厨2卫,138.72㎡,wenjiang,高楼层 (共12层),东北,150万,10814元/平米,2006年
英郦庄园,2室2厅1厨1卫,92.09㎡,wenjiang,中楼层 (共8层),南,90万,9774元/平米,2013年
春天大道,5室2厅1厨3卫,546㎡,wenjiang,低楼层 (共1层),南,850万,15568元/平米,2009年
锦里光华,3室2厅1厨1卫,129㎡,wenjiang,高楼层 (共6层),南,141.4万,10962元/平米,2006年
中铁丽景书香,1室1厅1厨1卫,37㎡,wenjiang,中楼层 (共26层),西,42万,11352元/平米,2016年
巨龙环岛国际社区,3室2厅1厨2卫,127㎡,wenjiang,高楼层 (共17层),东,170万,13386元/平米,2011年
置信学府杏林一期,3室2厅1厨2卫,25.6㎡,wenjiang,地下室 (共1层),东,12万,4688元/平米,未知年建
珠江国际花园,3室2厅1厨2卫,16.48㎡,wenjiang,地下室 (共1层),东南,9万,5462元/平米,未知年建
置信学府杏林一期,3室2厅1厨2卫,25.6㎡,wenjiang,地下室 (共1层),东,10万,3907元/平米,未知年建
蓝光香瑞湖,5室2厅1厨5卫,313.14㎡,wenjiang,低楼层 (共3层),南,560万,17884元/平米,2011年
欣盛家园,3室2厅1厨2卫,122.17㎡,wenjiang,中楼层 (共6层),东南,125万,10232元/平米,2005年
西班牙森林一期,4室2厅1厨3卫,207.59㎡,wenjiang,低楼层 (共7层),东,220万,10598元/平米,2010年
西班牙森林一期,5室3厅1厨3卫,378.68㎡,wenjiang,低楼层 (共3层),南,480万,12676元/平米,2010年
置信香颐丽都,4室2厅1厨3卫,278㎡,wenjiang,低楼层 (共5层),东,334万,12015元/平米,未知年建
建信奥林匹克花园,1室0厅1厨1卫,35.02㎡,wenjiang,高楼层 (共9层),东,35万,9995元/平米,2006年
双城维拉小镇,4室2厅1厨2卫,167.1㎡,wenjiang,低楼层 (共16层),东南,205万,12269元/平米,2006年
世纪光华,2室2厅1厨1卫,72.56㎡,wenjiang,高楼层 (共6层),南,100万,13782元/平米,2007年
榕树岭,2室2厅1厨1卫,74.82㎡,wenjiang,中楼层 (共26层),西南,85万,11361元/平米,2012年
海科名城,2室2厅1厨1卫,26.85㎡,wenjiang,地下室 (共1层),东,7.5万,2794元/平米,未知年建
清溪玫瑰园,6室2厅1厨3卫,231㎡,wenjiang,低楼层 (共3层),南 北,400万,17317元/平米,2006年
翰城,3室1厅1厨2卫,131.86㎡,wenjiang,中楼层 (共15层),东南,108万,8191元/平米,2009年
翰城,3室1厅1厨2卫,131.86㎡,wenjiang,中楼层 (共15层),东南,108万,8191元/平米,2009年
芙蓉古城川西区,3室2厅1厨2卫,129.1㎡,wenjiang,低楼层 (共2层),南 北,150万,11619元/平米,未知年建/
朝阳时代西锦,3室2厅1厨1卫,111.5㎡,wenjiang,低楼层 (共33层),北,135万,12108元/平米,2014年
格凌兰,3室2厅1厨1卫,86.96㎡,wenjiang,高楼层 (共32层),东北,130万,14950元/平米,2016年
七彩花都B区二期,3室2厅1厨1卫,99.3㎡,wenjiang,中楼层 (共18层),东南,140万,14099元/平米,2006年
春江青龙湾,3室1厅1厨1卫,91.41㎡,wenjiang,低楼层 (共17层),东,86万,9409元/平米,2012年
佳兆业丽晶港,3室2厅1厨1卫,86.34㎡,wenjiang,中楼层 (共40层),东南,148万,17142元/平米,2012年
金水湾,2室1厅1厨1卫,73㎡,wenjiang,低楼层 (共11层),北,75万,10274元/平米,2011年
芙蓉古城八期CD区,6室3厅1厨4卫,358.44㎡,wenjiang,低楼层 (共3层),南,650万,18135元/平米,2015年
清溪玫瑰园,3室2厅1厨4卫,246.75㎡,wenjiang,低楼层 (共3层),南,445万,18035元/平米,2006年
水韵尚城,4室2厅1厨4卫,219.74㎡,wenjiang,中楼层 (共4层),东南,235万,10695元/平米,2009年
紫檀山,4室2厅1厨3卫,198.27㎡,wenjiang,中楼层 (共5层),东南,280万,14123元/平米,未知年建/
丛林背景,1室1厅1厨1卫,54.83㎡,wenjiang,中楼层 (共7层),东南,37万,6749元/平米,未知年建/
欣盛家园,5室2厅1厨2卫,221.02㎡,wenjiang,高楼层 (共5层),东南 南,200万,9049元/平米,2005年
德坤新天地,1室0厅1厨1卫,43.34㎡,wenjiang,高楼层 (共22层),西北,38万,8768元/平米,2013年
海科名城,4室2厅1厨3卫,185.86㎡,wenjiang,低楼层 (共11层),西北,155万,8340元/平米,2011年
恒大城二期,4室2厅1厨2卫,137.65㎡,wenjiang,高楼层 (共30层),西南,198万,14385元/平米,2012年
明信仕林府,3室2厅1厨2卫,116.7㎡,wenjiang,高楼层 (共33层),西南,145万,12426元/平米,2016年
金石怡苑,2室1厅1厨1卫,88.93㎡,wenjiang,高楼层 (共16层),东,86万,9671元/平米,未知年建/
丛林背景,1室1厅1厨1卫,48.84㎡,wenjiang,中楼层 (共7层),南,35万,7167元/平米,未知年建/
锦上清苑,3室2厅1厨2卫,120㎡,wenjiang,低楼层 (共13层),东南,110万,9167元/平米,未知年建/
美泉纪,4室2厅1厨2卫,158.23㎡,wenjiang,中楼层 (共6层),东,135万,8532元/平米,2009年
海科名城,3室2厅1厨1卫,97㎡,wenjiang,低楼层 (共11层),西北,110万,11341元/平米,2011年
格凌兰,3室2厅1厨2卫,82.3㎡,wenjiang,高楼层 (共26层),西南,150万,18227元/平米,2016年
金强大学城,1室1厅1厨1卫,50.03㎡,wenjiang,中楼层 (共28层),东南,60万,11993元/平米,2009年
德坤恬园,2室2厅1厨1卫,73.95㎡,wenjiang,低楼层 (共6层),东南,65万,8790元/平米,2010年
海科智城,1室1厅1厨1卫,53.53㎡,wenjiang,低楼层 (共20层),西南,45万,8407元/平米,2010年
海科名城,1室1厅1厨1卫,26.85㎡,wenjiang,地下室 (共1层),南,6万,2235元/平米,未知年建
德坤竹韵坊,3室2厅1厨2卫,108.74㎡,wenjiang,高楼层 (共6层),东南,110万,10116元/平米,2007年
公园大道,4室1厅1厨2卫,123㎡,wenjiang,低楼层 (共16层),南,165万,13415元/平米,2012年
西蜀尚都,2室2厅1厨1卫,90.86㎡,wenjiang,中楼层 (共32层),东南,98万,10786元/平米,2010年
成钞家园,3室2厅1厨1卫,80.4㎡,wenjiang,中楼层 (共7层),南,70万,8707元/平米,2000年
欣盛家园,6室3厅1厨3卫,219.79㎡,wenjiang,高楼层 (共5层),东,188万,8554元/平米,2005年
紫檀山,4室2厅1厨3卫,205.23㎡,wenjiang,低楼层 (共5层),南 北,300万,14618元/平米,未知年建/
鹭湖宫八区,4室2厅1厨3卫,204㎡,wenjiang,高楼层 (共11层),东南,350万,17157元/平米,2014年
西贵堂,5室2厅1厨3卫,206㎡,wenjiang,低楼层 (共2层),西南,200万,9709元/平米,未知年建
长岸缇香,5室3厅1厨3卫,509㎡,wenjiang,低楼层 (共3层),南,880万,17289元/平米,2013年
海峡新城一期,4室2厅1厨3卫,204.99㎡,wenjiang,中楼层 (共4层),东南,205万,10001元/平米,2007年
长岸缇香,5室2厅1厨3卫,509㎡,wenjiang,低楼层 (共3层),东南,980万,19254元/平米,2013年
西花汀,3室2厅1厨2卫,137.82㎡,wenjiang,中楼层 (共11层),南 北,200万,14512元/平米,2008年
观澜半岛,4室2厅1厨2卫,228㎡,wenjiang,高楼层 (共6层),东南,208万,9123元/平米,2005年
德坤新天地,1室1厅1厨1卫,32.65㎡,wenjiang,中楼层 (共22层),东,28万,8576元/平米,2013年
鹭湖宫七区A组,3室2厅1厨1卫,92.3㎡,wenjiang,中楼层 (共30层),西北,125万,13543元/平米,2014年
恒大城三期,3室2厅1厨1卫,91.2㎡,wenjiang,中楼层 (共30层),东南 南,135万,14803元/平米,2013年
芙蓉古城紫云园,5室2厅1厨4卫,294.75㎡,wenjiang,低楼层 (共3层),东,580万,19678元/平米,未知年建
紫檀山,4室2厅1厨3卫,199.11㎡,wenjiang,中楼层 (共4层),东南,223万,11200元/平米,未知年建
金河谷三期,4室2厅1厨3卫,273.51㎡,wenjiang,低楼层 (共1层),南,530万,19378元/平米,2016年
鹭湖宫九区,3室2厅1厨3卫,186.66㎡,wenjiang,低楼层 (共3层),东南,370万,19823元/平米,未知年建
春秋嘉境,4室2厅1厨2卫,135.67㎡,wenjiang,高楼层 (共8层),西南,252万,18575元/平米,2013年
彩叠园1A期,3室2厅1厨3卫,135㎡,wenjiang,中楼层 (共5层),南,228万,16889元/平米,2013年
凤溪大道社区金强会所,4室2厅1厨4卫,205.24㎡,wenjiang,低楼层 (共3层),东南,193万,9404元/平米,未知年建
8号公馆,2室2厅1厨1卫,82.28㎡,wenjiang,高楼层 (共30层),西南,110万,13369元/平米,2014年
金河谷三期,6室2厅1厨4卫,326.2㎡,wenjiang,低楼层 (共3层),南,895万,27438元/平米,未知年建
置信香颐丽都,6室2厅1厨3卫,310㎡,wenjiang,低楼层 (共3层),南,410万,13226元/平米,2014年
中铁丽景书香,2室2厅1厨1卫,86.65㎡,wenjiang,高楼层 (共32层),西南,110万,12695元/平米,2016年
七彩花都A区,3室2厅1厨2卫,99.67㎡,wenjiang,高楼层 (共5层),南 北,158万,15853元/平米,2008年
洲际银海湾,2室2厅1厨1卫,80.37㎡,wenjiang,高楼层 (共39层),东南,120万,14931元/平米,2016年
杨柳小区,2室2厅1厨1卫,85.27㎡,wenjiang,高楼层 (共7层),西南,49万,5747元/平米,2000年
金马湖壹号,6室2厅1厨4卫,581.17㎡,wenjiang,低楼层 (共2层),东南,520万,8948元/平米,2012年
江南房子北区,4室2厅1厨2卫,203.25㎡,wenjiang,高楼层 (共6层),东南,245万,12055元/平米,未知年建/
金马湖壹号,6室2厅1厨4卫,581.17㎡,wenjiang,低楼层 (共2层),东南,520万,8948元/平米,2012年
棕榈长滩,4室2厅1厨3卫,175.7㎡,wenjiang,低楼层 (共32层),南 北,340万,19352元/平米,2013年
金河谷四期,3室2厅1厨2卫,110.49㎡,wenjiang,中楼层 (共31层),东南,155万,14029元/平米,2014年
芙蓉田园,2室2厅1厨1卫,76.61㎡,wenjiang,中楼层 (共25层),东南 北,70万,9138元/平米,未知年建/
都市水岸,4室2厅1厨2卫,158㎡,wenjiang,高楼层 (共6层),东,140万,8861元/平米,2007年
塞纳河畔,3室2厅1厨2卫,142.03㎡,wenjiang,低楼层 (共13层),东南,186万,13096元/平米,2006年
航天花园,4室2厅1厨2卫,145.52㎡,wenjiang,高楼层 (共6层),东 西,120万,8247元/平米,2001年
鹭湖宫二区,5室2厅1厨3卫,520.62㎡,wenjiang,低楼层 (共2层),东,1600万,30733元/平米,2009年
公园大道,3室2厅1厨2卫,122.57㎡,wenjiang,高楼层 (共25层),南,160万,13054元/平米,2012年
柳宾小区,2室2厅1厨1卫,130.6㎡,wenjiang,高楼层 (共6层),西南,97万,7428元/平米,未知年建
榕树岭,3室2厅1厨1卫,87.23㎡,wenjiang,高楼层 (共26层),西南,110万,12611元/平米,2012年
锦上清苑,3室2厅1厨2卫,123㎡,wenjiang,中楼层 (共13层),南,105万,8537元/平米,未知年建/
春天大道,4室2厅1厨2卫,277.55㎡,wenjiang,中楼层 (共5层),南,580万,20898元/平米,2009年
置信香颐丽都,5室2厅1厨4卫,310.3㎡,wenjiang,低楼层 (共2层),东南,550万,17725元/平米,未知年建
西班牙森林一期,5室2厅1厨3卫,304.96㎡,wenjiang,中楼层 (共4层),南,360万,11805元/平米,2010年
鹭湖宫七区A组,6室3厅1厨3卫,360㎡,wenjiang,低楼层 (共3层),东南,720万,20000元/平米,未知年建
置信香颐丽都,6室2厅1厨5卫,631.2㎡,wenjiang,低楼层 (共2层),东北,1200万,19012元/平米,未知年建
西贵堂,5室2厅1厨3卫,192㎡,wenjiang,低楼层 (共2层),东南,240万,12500元/平米,未知年建
紫檀山,4室2厅1厨3卫,205.21㎡,wenjiang,中楼层 (共4层),南 北,270万,13158元/平米,未知年建
泰基花溪谷,3室1厅1厨2卫,143.39㎡,wenjiang,高楼层 (共30层),南,195万,13600元/平米,2005年
佳兆业丽晶港,2室2厅1厨1卫,73.4㎡,wenjiang,中楼层 (共40层),东南,118万,16077元/平米,2012年
水韵尚城,4室2厅1厨2卫,185.67㎡,wenjiang,低楼层 (共25层),西南,186万,10018元/平米,2009年
朝阳时代西锦,2室2厅1厨1卫,84.34㎡,wenjiang,低楼层 (共33层),西北,105万,12450元/平米,2014年
天来国际文化广场,5室1厅1厨2卫,134.83㎡,wenjiang,中楼层 (共33层),西南,160万,11867元/平米,2013年
七彩花都A区,3室2厅1厨2卫,127㎡,wenjiang,高楼层 (共5层),南,160万,12599元/平米,2008年
光华国际,2室2厅1厨1卫,89.51㎡,wenjiang,高楼层 (共32层),西南,150万,16758元/平米,2013年
公园壹号,2室1厅1厨1卫,81.67㎡,wenjiang,低楼层 (共29层),南,110万,13469元/平米,2010年
锦绣森邻,3室2厅1厨3卫,187㎡,wenjiang,低楼层 (共5层),南,283万,15134元/平米,2008年
金河谷二期,4室2厅1厨2卫,251.76㎡,wenjiang,中楼层 (共4层),东南,375万,14896元/平米,2016年
公园壹号,2室1厅1厨1卫,81.67㎡,wenjiang,低楼层 (共29层),南,110万,13469元/平米,2010年
锦绣森邻,3室2厅1厨3卫,187㎡,wenjiang,低楼层 (共5层),南,283万,15134元/平米,2008年
金河谷二期,4室2厅1厨2卫,251.76㎡,wenjiang,中楼层 (共4层),东南,375万,14896元/平米,2016年
置信香颐丽都,5室2厅1厨5卫,311.61㎡,wenjiang,低楼层 (共2层),东南 西北,500万,16046元/平米,未知年建
鱼凫阳光,3室1厅1厨2卫,97.36㎡,wenjiang,低楼层 (共18层),西南,100万,10272元/平米,2007年
西贵堂,4室2厅1厨3卫,193.33㎡,wenjiang,低楼层 (共2层),东南,200万,10346元/平米,未知年建
恒大城三期,3室2厅1厨2卫,144.91㎡,wenjiang,高楼层 (共30层),西北,190万,13112元/平米,2013年
蓝光香境,2室2厅1厨1卫,72㎡,wenjiang,高楼层 (共34层),北,96万,13334元/平米,2008年
合能珍宝琥珀,3室2厅1厨1卫,85.86㎡,wenjiang,低楼层 (共34层),南,123万,14326元/平米,2014年
千禧河畔C区,2室2厅1厨1卫,78㎡,wenjiang,中楼层 (共33层),东南,105万,13462元/平米,未知年建/
合能珍宝琥珀,3室2厅1厨1卫,84.75㎡,wenjiang,低楼层 (共34层),南,106.5万,12567元/平米,2014年
芙蓉田园,2室2厅1厨1卫,83.17㎡,wenjiang,中楼层 (共26层),西南,71.8万,8633元/平米,未知年建/
长岸缇香,3室2厅1厨3卫,185.39㎡,wenjiang,低楼层 (共3层),东南 西北,320万,17261元/平米,2013年
塞纳河畔,3室2厅1厨2卫,127.15㎡,wenjiang,高楼层 (共12层),西南,165万,12977元/平米,2006年
金河谷三期,6室3厅1厨4卫,326.2㎡,wenjiang,低楼层 (共3层),南,895万,27438元/平米,未知年建
德坤海地亚,3室2厅1厨2卫,139.84㎡,wenjiang,中楼层 (共5层),西南,216万,15447元/平米,2013年
锦绣森邻,3室2厅1厨2卫,134㎡,wenjiang,中楼层 (共5层),东南,200万,14926元/平米,2008年
千禧河畔A区,2室2厅1厨1卫,78.9㎡,wenjiang,中楼层 (共33层),西南,101万,12802元/平米,未知年建/
千禧河畔C区,3室2厅1厨2卫,88㎡,wenjiang,高楼层 (共33层),南,130万,14773元/平米,未知年建/
锦上清苑,2室2厅1厨1卫,91.5㎡,wenjiang,高楼层 (共13层),南,73万,7979元/平米,未知年建/
蓝光香境,2室1厅1厨1卫,73.9㎡,wenjiang,高楼层 (共34层),南,130万,17592元/平米,2008年
春秋嘉境,3室2厅1厨2卫,109.12㎡,wenjiang,低楼层 (共8层),西北,175万,16038元/平米,2013年
都市水岸,4室2厅1厨2卫,144.35㎡,wenjiang,低楼层 (共6层),南,149万,10323元/平米,2007年
德坤新天地,1室1厅1厨1卫,54.54㎡,wenjiang,高楼层 (共32层),东南,55万,10085元/平米,2013年
金强大学城,3室2厅1厨1卫,85.37㎡,wenjiang,中楼层 (共18层),东南,95万,11129元/平米,2009年
光华国际,2室2厅1厨1卫,79㎡,wenjiang,中楼层 (共30层),东南,105万,13292元/平米,2013年
学府阳光,2室2厅1厨1卫,70.19㎡,wenjiang,中楼层 (共32层),西南,85万,12110元/平米,2013年
春天大道,2室1厅1厨2卫,84.74㎡,wenjiang,中楼层 (共17层),南,135万,15932元/平米,2009年
珠江克莱公寓,1室1厅1厨1卫,54.52㎡,wenjiang,中楼层 (共31层),西南,52万,9538元/平米,2009年
水韵尚城,3室2厅1厨2卫,150.12㎡,wenjiang,低楼层 (共25层),南,135万,8993元/平米,2009年
珠江克莱公寓,1室1厅1厨1卫,54.52㎡,wenjiang,中楼层 (共31层),西南,52万,9538元/平米,2009年
置信学府杏林一期,3室2厅1厨2卫,121㎡,wenjiang,高楼层 (共18层),南,125万,10331元/平米,2013年
水韵华府,2室2厅1厨1卫,78.71㎡,wenjiang,高楼层 (共25层),北,112万,14230元/平米,2012年
千禧河畔B区,2室2厅1厨1卫,78㎡,wenjiang,低楼层 (共33层),南,125万,16026元/平米,2015年
金河谷五期,3室2厅1厨2卫,89.35㎡,wenjiang,高楼层 (共34层),东南,120万,13431元/平米,2016年
德坤竹韵坊,3室2厅1厨1卫,88.4㎡,wenjiang,高楼层 (共6层),东南,81万,9163元/平米,2007年
塞纳河畔,3室2厅1厨2卫,129.95㎡,wenjiang,中楼层 (共13层),西北,180万,13852元/平米,2006年
明信仕林府,3室2厅1厨2卫,115.89㎡,wenjiang,低楼层 (共32层),西南,150万,12944元/平米,2016年
依云,3室2厅1厨2卫,132.47㎡,wenjiang,低楼层 (共28层),南,190万,14343元/平米,2007年
洲际春天广场,3室2厅1厨1卫,77㎡,wenjiang,高楼层 (共32层),南,98万,12728元/平米,2016年
中森光华1号,2室1厅1厨1卫,55.35㎡,wenjiang,高楼层 (共26层),东南,60万,10841元/平米,2012年
塞纳河畔,4室2厅1厨2卫,148.7㎡,wenjiang,高楼层 (共6层),西北,210万,14123元/平米,2006年
佳兆业丽晶港,2室2厅1厨1卫,71.66㎡,wenjiang,高楼层 (共33层),南,115万,16049元/平米,2012年
西班牙森林二期,3室2厅1厨2卫,117.89㎡,wenjiang,低楼层 (共34层),南,190万,16117元/平米,2014年
千禧河畔C区,4室2厅1厨2卫,129㎡,wenjiang,中楼层 (共26层),南,180万,13954元/平米,未知年建/
格凌兰三期,2室1厅1厨1卫,67㎡,wenjiang,中楼层 (共32层),东南,107万,15971元/平米,2016年
花样年花样城,5室2厅2厨3卫,144.85㎡,wenjiang,中楼层 (共34层),东南,150万,10356元/平米,未知年建/
西财学府憬城,4室1厅1厨2卫,122.35㎡,wenjiang,高楼层 (共26层),东南,160万,13078元/平米,2014年
大华水映岛,3室2厅1厨2卫,141.08㎡,wenjiang,中楼层 (共5层),东,188万,13326元/平米,2009年
东原城,3室2厅1厨2卫,103.24㎡,wenjiang,中楼层 (共28层),东南,110万,10655元/平米,2015年
七彩花都B区二期,2室2厅1厨1卫,87.6㎡,wenjiang,高楼层 (共18层),南,110万,12558元/平米,2006年
华丽花园,3室2厅1厨2卫,143.5㎡,wenjiang,中楼层 (共6层),西南,123万,8572元/平米,2000年
千禧河畔B区,3室2厅1厨2卫,88㎡,wenjiang,低楼层 (共33层),南,130万,14773元/平米,2016年
花样年花样城,2室2厅1厨1卫,86㎡,wenjiang,中楼层 (共33层),东南,80万,9303元/平米,2015年
金强柳浪湾,4室2厅1厨2卫,169.4㎡,wenjiang,高楼层 (共6层),南,89万,5254元/平米,未知年建/
长岸缇香,5室3厅1厨4卫,507.8㎡,wenjiang,低楼层 (共3层),南,780万,15361元/平米,2013年
杨柳小区,2室2厅1厨1卫,98㎡,wenjiang,中楼层 (共8层),东,80万,8164元/平米,1999年
珠江御景湾,4室2厅1厨2卫,140㎡,wenjiang,低楼层 (共18层),东北,230万,16429元/平米,2015年
森宇音乐花园,3室2厅1厨2卫,140.89㎡,wenjiang,中楼层 (共6层),西北,150万,10647元/平米,2004年
置信学府杏林一期,3室2厅1厨2卫,121㎡,wenjiang,低楼层 (共18层),南,132万,10910元/平米,2012年
朝阳时代西锦,2室2厅1厨1卫,88.32㎡,wenjiang,低楼层 (共33层),东南,106万,12002元/平米,2014年
双城维拉小镇,4室3厅1厨3卫,181.66㎡,wenjiang,中楼层 (共6层),西南,182万,10019元/平米,未知年建/
西蜀尚都,2室1厅1厨1卫,64.37㎡,wenjiang,中楼层 (共18层),东北,71万,11030元/平米,2010年
世纪光华,3室2厅1厨1卫,116.69㎡,wenjiang,高楼层 (共18层),西北,116万,9941元/平米,2007年
置信学府杏林一期,3室2厅1厨2卫,118.77㎡,wenjiang,高楼层 (共18层),南,148.8万,12529元/平米,2012年
8号公馆,3室2厅1厨2卫,127.09㎡,wenjiang,高楼层 (共8层),南,178万,14006元/平米,2014年
置信香颐丽都,2室2厅1厨1卫,104.52㎡,wenjiang,中楼层 (共4层),东南,150万,14352元/平米,未知年建/
佳兆业丽晶公馆,3室1厅1厨1卫,81.93㎡,wenjiang,低楼层 (共33层),西南,120万,14647元/平米,2016年
金柳浪湾1号院,3室2厅1厨2卫,124.17㎡,wenjiang,高楼层 (共6层),东南,93万,7490元/平米,未知年建
佳兆业丽晶港,4室2厅1厨2卫,125.9㎡,wenjiang,高楼层 (共33层),西北,226万,17951元/平米,2012年
万科朗润园,2室2厅1厨1卫,84㎡,wenjiang,低楼层 (共33层),西南,121万,14405元/平米,2007年
朝阳时代西锦,2室2厅1厨1卫,88.7㎡,wenjiang,中楼层 (共33层),南,122万,13755元/平米,2014年
公园大道,3室2厅1厨2卫,131.04㎡,wenjiang,低楼层 (共30层),东北,190万,14500元/平米,2012年
置信学府杏林一期,3室2厅1厨2卫,117㎡,wenjiang,低楼层 (共18层),西,120万,10257元/平米,2012年
公园大道,3室2厅1厨2卫,122.56㎡,wenjiang,高楼层 (共13层),西北,158万,12892元/平米,2012年
春天大道,2室2厅1厨2卫,88㎡,wenjiang,中楼层 (共18层),东,133万,15114元/平米,2009年
水韵华府,3室2厅1厨2卫,140㎡,wenjiang,低楼层 (共18层),南,180万,12858元/平米,2012年
金河谷四期,3室2厅1厨2卫,109㎡,wenjiang,中楼层 (共31层),南 北,160万,14679元/平米,2014年
中铁丽景书香,2室2厅1厨1卫,75.53㎡,wenjiang,高楼层 (共22层),西南,92万,12181元/平米,2016年
中铁丽景书香,2室2厅1厨1卫,87.37㎡,wenjiang,高楼层 (共32层),东南,108万,12362元/平米,2016年
金河谷一期,3室1厅1厨2卫,119.04㎡,wenjiang,高楼层 (共26层),西,170万,14281元/平米,2016年
海峡新城三期,1室0厅1厨1卫,48㎡,wenjiang,中楼层 (共16层),东,45万,9375元/平米,2006年
佳兆业丽晶港,1室0厅1厨1卫,26.8㎡,wenjiang,地下室 (共0层),东南,8万,2986元/平米,未知年建
格澜威尔,3室2厅1厨2卫,124.36㎡,wenjiang,高楼层 (共18层),东北,145万,11660元/平米,2013年
花样年花样城,2室2厅1厨1卫,84.5㎡,wenjiang,低楼层 (共15层),东南,75万,8876元/平米,2015年
西财学府憬城,3室2厅1厨1卫,93.22㎡,wenjiang,低楼层 (共26层),北,98万,10513元/平米,2014年
世纪光华,3室2厅1厨1卫,97.98㎡,wenjiang,低楼层 (共6层),西北,105万,10717元/平米,2007年
鹭湖宫七区A组,3室2厅1厨1卫,92.32㎡,wenjiang,高楼层 (共30层),东,110万,11916元/平米,2014年
七彩花都B区二期,2室2厅1厨1卫,88㎡,wenjiang,低楼层 (共18层),东,110万,12500元/平米,2006年
佳兆业丽晶港,2室2厅1厨1卫,26.8㎡,wenjiang,地下室 (共0层),东南,9万,3359元/平米,未知年建
春天大道,3室2厅1厨2卫,135㎡,wenjiang,中楼层 (共18层),东,220万,16297元/平米,2009年
置信学府杏林一期,3室2厅1厨2卫,25.6㎡,wenjiang,地下室 (共1层),东,10万,3907元/平米,未知年建
蓝光香瑞湖,3室2厅1厨2卫,22.13㎡,wenjiang,地下室 (共1层),东,10.5万,4745元/平米,未知年建
珠江国际花园,3室2厅1厨2卫,16.48㎡,wenjiang,地下室 (共1层),东,8.8万,5340元/平米,未知年建
春天大道,3室2厅1厨2卫,139㎡,wenjiang,中楼层 (共25层),东南,300万,21583元/平米,2009年
金博林居A区,3室2厅1厨2卫,144㎡,wenjiang,高楼层 (共6层),东南,89万,6181元/平米,未知年建/
春天大道,4室2厅1厨2卫,176.92㎡,wenjiang,低楼层 (共24层),南 北,280万,15827元/平米,2009年
丽景欣城,3室2厅1厨2卫,138.32㎡,wenjiang,低楼层 (共7层),东南,110万,7953元/平米,2005年
和音晶座,2室1厅1厨1卫,47.12㎡,wenjiang,低楼层 (共18层),西南,52万,11036元/平米,2009年
西财学府尚郡,4室2厅1厨2卫,139㎡,wenjiang,中楼层 (共11层),东南,145万,10432元/平米,2013年
佳兆业丽晶港,4室2厅1厨2卫,120.61㎡,wenjiang,低楼层 (共33层),东南 南,225万,18656元/平米,2012年
炎华置信上林赋,5室3厅1厨4卫,470㎡,wenjiang,低楼层 (共3层),南,595万,12660元/平米,未知年建
清溪玫瑰园,5室2厅1厨2卫,300㎡,wenjiang,低楼层 (共3层),东,586万,19534元/平米,2006年
银诚归墅,4室3厅1厨4卫,254.19㎡,wenjiang,低楼层 (共3层),东南,498万,19592元/平米,2000年
嘉瑞国际,3室1厅1厨2卫,120㎡,wenjiang,低楼层 (共27层),南,155万,12917元/平米,2012年
彩叠园1A期,3室2厅1厨2卫,104㎡,wenjiang,低楼层 (共5层),南,170万,16347元/平米,2013年
水韵华府,2室2厅1厨1卫,92.49㎡,wenjiang,中楼层 (共25层),南,150万,16218元/平米,2012年
千禧河畔C区,4室2厅1厨2卫,129㎡,wenjiang,中楼层 (共26层),东,180万,13954元/平米,未知年建/
德坤海地亚,3室2厅1厨1卫,91.49㎡,wenjiang,高楼层 (共18层),东南,100万,10931元/平米,2013年
朝阳时代西锦,2室1厅1厨1卫,85.6㎡,wenjiang,高楼层 (共33层),东南,130万,15187元/平米,2014年
五环假日广场,3室2厅1厨2卫,127.45㎡,wenjiang,低楼层 (共6层),东南,93万,7297元/平米,2003年
泰基花溪谷,4室2厅1厨2卫,154㎡,wenjiang,低楼层 (共30层),东南,190万,12338元/平米,2009年
鹭湖宫五号社区,4室2厅1厨3卫,299.92㎡,wenjiang,低楼层 (共30层),西北,240万,8003元/平米,2012年
和信孔雀天成,2室2厅1厨1卫,81.16㎡,wenjiang,中楼层 (共26层),西北,120万,14786元/平米,2015年
朝阳时代西锦,2室1厅1厨1卫,85.5㎡,wenjiang,高楼层 (共33层),东南,105万,12281元/平米,2014年
金河谷一期,2室2厅1厨1卫,89.97㎡,wenjiang,低楼层 (共26层),南,130万,14450元/平米,2016年
恒大城一期,3室1厅1厨3卫,142.66㎡,wenjiang,中楼层 (共11层),东南,240万,16824元/平米,2010年
西花汀,3室2厅1厨2卫,127.03㎡,wenjiang,低楼层 (共18层),北,190万,14958元/平米,2008年
建信奥林匹克花园,2室2厅1厨1卫,98.79㎡,wenjiang,低楼层 (共6层),东南,140万,14172元/平米,2006年
金河谷四期,4室2厅1厨2卫,159㎡,wenjiang,高楼层 (共31层),东,225万,14151元/平米,未知年建/
格凌兰三期,3室1厅1厨1卫,86.28㎡,wenjiang,低楼层 (共32层),东南,170万,19704元/平米,2016年
鹭湖宫二区,2室2厅1厨1卫,100.42㎡,wenjiang,低楼层 (共4层),东南,180万,17925元/平米,2010年
花语岸,3室2厅1厨2卫,113.36㎡,wenjiang,低楼层 (共18层),西北,130万,11468元/平米,2015年
金河谷五期,4室2厅1厨2卫,120.74㎡,wenjiang,中楼层 (共10层),南 北,238万,19712元/平米,2017年
佳兆业丽晶港,3室2厅1厨2卫,85.37㎡,wenjiang,高楼层 (共33层),东北,210万,24599元/平米,2012年
花样年花样城,3室1厅1厨1卫,89㎡,wenjiang,低楼层 (共33层),东南,95万,10675元/平米,未知年建/
世纪光华,2室2厅1厨1卫,82㎡,wenjiang,低楼层 (共18层),南,90万,10976元/平米,2007年
西花汀,3室2厅1厨2卫,127.31㎡,wenjiang,中楼层 (共18层),东南,190万,14925元/平米,2008年
芙蓉锦绣一期,5室2厅1厨6卫,344.74㎡,wenjiang,低楼层 (共3层),西,430万,12474元/平米,2009年
紫光兴城,2室2厅1厨1卫,79.43㎡,wenjiang,低楼层 (共6层),南,60万,7554元/平米,2006年
珠江国际花园,4室2厅1厨2卫,147㎡,wenjiang,高楼层 (共32层),东南,200万,13606元/平米,2009年
德坤新天地,1室1厅1厨1卫,56.91㎡,wenjiang,中楼层 (共32层),东南,58万,10192元/平米,2013年
格澜威尔,3室2厅1厨1卫,84.52㎡,wenjiang,低楼层 (共18层),西南,95万,11240元/平米,2013年
都市水岸,1室2厅1厨1卫,58㎡,wenjiang,中楼层 (共6层),西,60万,10345元/平米,2007年
西贵堂,5室2厅1厨3卫,210.04㎡,wenjiang,低楼层 (共2层),西南,225万,10713元/平米,未知年建
海科名城,2室2厅1厨1卫,87.3㎡,wenjiang,低楼层 (共18层),东南,100万,11455元/平米,2011年
佳兆业丽晶港,4室2厅1厨3卫,140.77㎡,wenjiang,中楼层 (共33层),西南,257万,18257元/平米,2012年
东原城,3室2厅1厨1卫,86㎡,wenjiang,低楼层 (共34层),南,75万,8721元/平米,2015年
西财学府尚郡,3室2厅1厨1卫,99㎡,wenjiang,中楼层 (共18层),东南,125万,12627元/平米,2009年
佳兆业丽晶港,2室1厅1厨1卫,71.66㎡,wenjiang,中楼层 (共33层),南,120万,16746元/平米,2012年
西财学府尚郡,3室2厅1厨2卫,100.15㎡,wenjiang,低楼层 (共18层),东北,106万,10585元/平米,2009年
德坤新天地,2室1厅1厨1卫,80.86㎡,wenjiang,中楼层 (共32层),东,75万,9276元/平米,2013年
金河谷四期,2室2厅1厨1卫,88.23㎡,wenjiang,高楼层 (共32层),东,110万,12468元/平米,2012年
花样年花样城,1室1厅1厨1卫,42.42㎡,wenjiang,低楼层 (共31层),东南,38万,8959元/平米,2015年
朝阳时代西锦,3室2厅1厨1卫,98.55㎡,wenjiang,高楼层 (共33层),东北,102万,10351元/平米,2014年
中铁丽景书香,1室1厅1厨1卫,51.66㎡,wenjiang,中楼层 (共32层),东北,60万,11615元/平米,2016年
福兴苑,3室2厅1厨2卫,109㎡,wenjiang,低楼层 (共6层),东南,95万,8716元/平米,2000年
彩叠园1A期,4室2厅1厨2卫,135.78㎡,wenjiang,中楼层 (共5层),南,260万,19149元/平米,2013年
光华国际,2室2厅1厨2卫,86㎡,wenjiang,高楼层 (共6层),西南,138万,16047元/平米,2013年
花样年花样城,3室2厅1厨1卫,88.96㎡,wenjiang,中楼层 (共33层),东南,88万,9893元/平米,未知年建/
春天大道,2室2厅1厨2卫,88㎡,wenjiang,中楼层 (共17层),南,112万,12728元/平米,2009年
边城水恋,2室2厅1厨2卫,19.13㎡,wenjiang,地下室 (共1层),东南,12万,6273元/平米,未知年建
光华国际,2室1厅1厨1卫,91.39㎡,wenjiang,高楼层 (共30层),西南 西北,120万,13131元/平米,2013年
珠江克莱公寓,2室1厅1厨1卫,78㎡,wenjiang,中楼层 (共31层),东,70万,8975元/平米,2009年
佳兆业丽晶港,2室2厅1厨1卫,73.45㎡,wenjiang,低楼层 (共40层),南,115万,15657元/平米,2012年
恒大新城,3室2厅1厨1卫,91.11㎡,wenjiang,低楼层 (共32层),南,112万,12293元/平米,未知年建/
恒大城一期,3室2厅1厨2卫,135.62㎡,wenjiang,高楼层 (共33层),西北,200万,14748元/平米,2010年
世纪光华,3室1厅1厨1卫,97.98㎡,wenjiang,中楼层 (共6层),北,130万,13269元/平米,2007年
置信柳城谊苑,4室2厅1厨2卫,216.27㎡,wenjiang,高楼层 (共6层),西南,190万,8786元/平米,未知年建/
金域香洲,3室2厅1厨2卫,121㎡,wenjiang,中楼层 (共6层),东南,128万,10579元/平米,2005年
和信孔雀天成,3室2厅1厨1卫,105.97㎡,wenjiang,中楼层 (共32层),西南,145万,13684元/平米,2015年
明信仕林府,3室2厅1厨2卫,120.64㎡,wenjiang,低楼层 (共33层),南,200万,16579元/平米,2016年
光华国际,2室2厅1厨1卫,82.9㎡,wenjiang,高楼层 (共30层),西,116万,13993元/平米,2013年
大华水映岛,3室1厅1厨1卫,97.53㎡,wenjiang,中楼层 (共11层),东南,140万,14355元/平米,2009年
芙蓉古城八期CD区,6室3厅1厨4卫,359.23㎡,wenjiang,低楼层 (共3层),南 北,440万,12249元/平米,2015年
文府苑,4室3厅1厨3卫,197㎡,wenjiang,中楼层 (共6层),南,195万,9899元/平米,2012年
洲际亚洲湾,3室2厅1厨2卫,85.24㎡,wenjiang,中楼层 (共38层),东南,150万,17598元/平米,2017年
金强大学城,1室1厅1厨1卫,62.27㎡,wenjiang,高楼层 (共28层),东南,60万,9636元/平米,2009年
朝阳时代西锦,2室2厅1厨1卫,85.03㎡,wenjiang,低楼层 (共33层),西南,100万,11761元/平米,2014年
