交大香洲半岛南庭,3室2厅1厨2卫,117.57㎡,xindou,中楼层 (共11层),东南,115万,9782元/平米,2009年
嘉美华凯,2室2厅1厨1卫,87.73㎡,xindou,中楼层 (共17层),南,116万,13223元/平米,未知年建/
汉嘉国际,3室1厅1厨2卫,134.14㎡,xindou,高楼层 (共33层),东南,158万,11779元/平米,2018年
状元府邸,3室2厅1厨2卫,139.38㎡,xindou,高楼层 (共6层),东南,115万,8251元/平米,未知年建/
开元国际,3室2厅1厨1卫,86.76㎡,xindou,高楼层 (共26层),南,120万,13832元/平米,2012年
北新润苑一期,2室1厅1厨1卫,77.81㎡,xindou,中楼层 (共18层),北,98万,12595元/平米,2012年
汇融悉尼湾库吉岛二期,4室2厅1厨2卫,129.33㎡,xindou,低楼层 (共31层),南,160万,12372元/平米,2008年
天府香城,3室2厅1厨2卫,140.2㎡,xindou,高楼层 (共6层),南,100万,7133元/平米,未知年建/
万科双水岸,3室1厅1厨1卫,89.15㎡,xindou,低楼层 (共18层),西南,119万,13349元/平米,2007年
保利公园198蔷薇郡,5室2厅1厨3卫,186.24㎡,xindou,低楼层 (共27层),东南,330万,17720元/平米,2012年
新城花园,4室2厅1厨3卫,311.24㎡,xindou,高楼层 (共11层),东南,217万,6973元/平米,2003年
润扬北城1号,3室2厅1厨2卫,122.62㎡,xindou,低楼层 (共18层),东南,178万,14517元/平米,2013年
万科双水岸,4室1厅1厨2卫,161.01㎡,xindou,高楼层 (共5层),东南,190万,11801元/平米,未知年建/
万科五龙山九墅,2室1厅1厨1卫,95.44㎡,xindou,低楼层 (共21层),西南,132万,13831元/平米,2013年
缤纷新天地,2室1厅1厨1卫,56.13㎡,xindou,中楼层 (共31层),西南,39万,6949元/平米,2013年
红湖公园城,2室2厅1厨1卫,71.12㎡,xindou,中楼层 (共26层),东南,80万,11249元/平米,2013年
富力桃园A区,2室2厅1厨1卫,76.39㎡,xindou,中楼层 (共32层),东北,85万,11128元/平米,2015年
博雅新城D区,3室2厅1厨2卫,133㎡,xindou,高楼层 (共6层),南,146万,10978元/平米,2012年
汇融悉尼湾库吉岛一期,2室1厅1厨1卫,87㎡,xindou,中楼层 (共26层),东,108万,12414元/平米,2008年
上锦康城A期,3室2厅1厨1卫,90.17㎡,xindou,高楼层 (共18层),南,95万,10536元/平米,2012年
东骏湖景湾二期,3室2厅1厨2卫,132.16㎡,xindou,中楼层 (共7层),南,268万,20279元/平米,2010年
丽水金都,2室2厅1厨1卫,79.84㎡,xindou,高楼层 (共16层),南,80万,10021元/平米,未知年建/
富力桃园A区,2室2厅1厨1卫,80.64㎡,xindou,中楼层 (共32层),东,86万,10665元/平米,2015年
汇融悉尼湾达令港,3室3厅1厨1卫,83.78㎡,xindou,低楼层 (共29层),西,115万,13727元/平米,2013年
博雅新城C区,2室2厅1厨1卫,85.43㎡,xindou,低楼层 (共27层),西,88万,10301元/平米,2013年
保利公园198玫瑰郡,4室1厅1厨3卫,177.04㎡,xindou,中楼层 (共24层),南,220万,12427元/平米,2010年
汇融悉尼湾库吉岛二期,4室1厅1厨2卫,129.33㎡,xindou,中楼层 (共31层),南,180万,13918元/平米,2008年
博海城一期,3室2厅1厨2卫,106.98㎡,xindou,高楼层 (共27层),东南,120万,11218元/平米,未知年建/
芙蓉名城三期,2室2厅1厨1卫,81.98㎡,xindou,中楼层 (共18层),东,102万,12443元/平米,2012年
润扬双河鹭岛,4室2厅1厨3卫,175.06㎡,xindou,高楼层 (共4层),东南,248万,14167元/平米,未知年建/
佳乐国际城一期,4室2厅1厨2卫,164.77㎡,xindou,低楼层 (共7层),西南,220万,13352元/平米,2012年
保利公园198蔷薇郡,3室2厅1厨2卫,119.57㎡,xindou,低楼层 (共27层),西南,166万,13884元/平米,2012年
丰和日丽,4室2厅1厨2卫,154.14㎡,xindou,高楼层 (共6层),南,139万,9018元/平米,未知年建/
思学园小区,2室2厅1厨1卫,83.6㎡,xindou,高楼层 (共6层),东南,70万,8374元/平米,未知年建
新神风八座,2室2厅1厨1卫,79㎡,xindou,低楼层 (共33层),南,89万,11266元/平米,未知年建/
汉嘉国际,4室2厅1厨2卫,149.78㎡,xindou,中楼层 (共4层),东南,248万,16558元/平米,2018年
芙蓉名城三期,4室2厅1厨2卫,125.99㎡,xindou,地下室 (共18层),南,79万,6271元/平米,2012年
锦绣香城,3室2厅1厨1卫,90.49㎡,xindou,中楼层 (共26层),东南,125万,13814元/平米,2011年
状元街五巷9号,3室2厅1厨2卫,108.85㎡,xindou,高楼层 (共6层),东南,80万,7350元/平米,未知年建
汇融悉尼湾达令港,2室2厅1厨1卫,60.59㎡,xindou,低楼层 (共32层),西,88万,14524元/平米,2013年
保利公园198百合郡,4室2厅1厨2卫,139.91㎡,xindou,低楼层 (共11层),南,220万,15725元/平米,2009年
兴想花园,3室2厅1厨3卫,147.7㎡,xindou,低楼层 (共3层),东南,160万,10833元/平米,2012年
香城名都,2室2厅1厨1卫,79.18㎡,xindou,高楼层 (共18层),东,80万,10104元/平米,2009年
万千城,1室1厅1厨1卫,58.7㎡,xindou,低楼层 (共31层),东,57.5万,9796元/平米,2013年
红树林,4室2厅1厨2卫,131.27㎡,xindou,高楼层 (共6层),东南,97万,7390元/平米,未知年建/
博雅新城B区,4室2厅1厨3卫,177.06㎡,xindou,中楼层 (共5层),南,168万,9489元/平米,2012年
万科双水岸,4室1厅1厨2卫,158.33㎡,xindou,低楼层 (共4层),南,230万,14527元/平米,2007年
汇融悉尼湾库吉岛二期,4室2厅1厨2卫,129.33㎡,xindou,低楼层 (共31层),南,180万,13918元/平米,2008年
新加坡商业街91号,3室2厅1厨2卫,129.92㎡,xindou,高楼层 (共6层),东南,89万,6851元/平米,未知年建
万科双水岸,2室2厅1厨1卫,96.75㎡,xindou,高楼层 (共6层),西南,140万,14471元/平米,2007年
三原教师苑,3室2厅1厨2卫,128.02㎡,xindou,低楼层 (共6层),东南,90万,7031元/平米,2006年
香域中央,2室1厅1厨1卫,79.07㎡,xindou,低楼层 (共26层),西北,80万,10118元/平米,未知年建/
开元国际,4室2厅1厨2卫,109㎡,xindou,高楼层 (共18层),西北,140万,12845元/平米,2012年
保利公园198玫瑰郡,3室2厅1厨2卫,129.05㎡,xindou,高楼层 (共11层),东南,205万,15886元/平米,2010年
缤纷时代广场,1室0厅0厨0卫,33.93㎡,xindou,高楼层 (共15层),东,30万,8842元/平米,2012年
维也纳花园二期,2室2厅1厨1卫,68.07㎡,xindou,中楼层 (共32层),东,48万,7052元/平米,未知年建
汇融悉尼湾库吉岛一期,2室2厅1厨2卫,94.11㎡,xindou,中楼层 (共26层),北,105万,11158元/平米,2008年
水沐环岛,2室2厅1厨1卫,100.91㎡,xindou,低楼层 (共12层),东南,130万,12883元/平米,2010年
保利公园198玫瑰郡,4室2厅1厨2卫,125.86㎡,xindou,低楼层 (共24层),东南,175万,13905元/平米,2010年
汇融悉尼湾达令港,3室2厅1厨1卫,86.02㎡,xindou,中楼层 (共32层),东南,126万,14648元/平米,2013年
保利郁金香谷,4室2厅1厨5卫,235㎡,xindou,低楼层 (共5层),东,380万,16171元/平米,未知年建
博雅新城D区,5室2厅1厨3卫,170.01㎡,xindou,高楼层 (共6层),西南,142万,8353元/平米,2012年
万千城,2室1厅1厨1卫,80.02㎡,xindou,低楼层 (共31层),南,90万,11248元/平米,2013年
北新国际广场,3室2厅1厨1卫,93.54㎡,xindou,高楼层 (共33层),西南,116万,12402元/平米,2016年
叠香庄园,2室2厅1厨2卫,125.8㎡,xindou,高楼层 (共6层),南,158万,12560元/平米,2012年
橄榄郡,4室2厅1厨2卫,134.87㎡,xindou,高楼层 (共6层),南,180万,13347元/平米,2008年
保利城一期,3室2厅1厨2卫,103㎡,xindou,低楼层 (共19层),南,156万,15146元/平米,2014年
万科五龙山九墅,3室2厅1厨2卫,146.34㎡,xindou,中楼层 (共6层),西南,238万,16264元/平米,2013年
时代锦翠,4室2厅1厨1卫,99.71㎡,xindou,低楼层 (共16层),北,136万,13640元/平米,2012年
五岳合福地广场,2室1厅1厨1卫,69.78㎡,xindou,低楼层 (共27层),东 东南,100万,14331元/平米,2013年
博雅新城A区,2室1厅1厨1卫,89.17㎡,xindou,高楼层 (共27层),东南,102万,11439元/平米,2013年
万科双水岸,3室1厅1厨2卫,130㎡,xindou,低楼层 (共6层),南,170万,13077元/平米,2007年
时代锦翠,3室2厅1厨1卫,89.93㎡,xindou,低楼层 (共23层),西南,120万,13344元/平米,2012年
莱茵北郡二期,3室2厅1厨2卫,108.88㎡,xindou,低楼层 (共11层),东南,109万,10012元/平米,未知年建/
金冠华庭,2室1厅1厨1卫,95.18㎡,xindou,中楼层 (共11层),东 东南,95万,9982元/平米,2006年
翰香府,3室2厅1厨2卫,101.69㎡,xindou,低楼层 (共6层),东南,120万,11801元/平米,未知年建/
爵领欧城,2室2厅1厨1卫,78.64㎡,xindou,低楼层 (共18层),东南,95万,12081元/平米,2014年
富力桃园A区,3室1厅1厨2卫,114.45㎡,xindou,高楼层 (共32层),西南,110万,9612元/平米,2015年
天府香城,3室2厅1厨2卫,117.27㎡,xindou,低楼层 (共6层),南 北,120万,10233元/平米,2006年
保利城二期,3室2厅1厨1卫,90.85㎡,xindou,低楼层 (共18层),东,125万,13759元/平米,2014年
北欧印象,3室2厅1厨2卫,110.34㎡,xindou,中楼层 (共32层),东南,132.5万,12009元/平米,2014年
保利春天花语,3室2厅1厨1卫,83.08㎡,xindou,低楼层 (共29层),东,128万,15407元/平米,2015年
保利公园198玫瑰郡,3室2厅1厨2卫,106.24㎡,xindou,中楼层 (共18层),南,135万,12708元/平米,2010年
维也纳花园二期,2室1厅1厨1卫,78.03㎡,xindou,中楼层 (共26层),南,56万,7177元/平米,未知年建
保利春天花语,3室1厅1厨1卫,86.5㎡,xindou,中楼层 (共32层),东南,110万,12717元/平米,2015年
保利紫荆花语,3室1厅1厨2卫,90.66㎡,xindou,高楼层 (共33层),东北,108万,11913元/平米,2014年
开元国际,4室2厅1厨2卫,111.88㎡,xindou,中楼层 (共26层),南 北,151万,13497元/平米,2012年
博雅新城A区,2室1厅1厨1卫,61.39㎡,xindou,低楼层 (共27层),东南,65万,10589元/平米,2013年
万科五龙山九墅,4室2厅1厨2卫,164.29㎡,xindou,中楼层 (共26层),西南,246万,14974元/平米,2013年
思学园博仕楼,1室1厅1厨1卫,51.44㎡,xindou,中楼层 (共18层),西南,40万,7777元/平米,未知年建
缤纷新天地,1室1厅1厨1卫,44.88㎡,xindou,中楼层 (共31层),西南,26万,5794元/平米,2013年
润扬双河鹭岛,3室2厅1厨2卫,185㎡,xindou,高楼层 (共6层),西南,185万,10000元/平米,2012年
缤纷时代广场,1室1厅1厨1卫,36.52㎡,xindou,高楼层 (共15层),东南,29.5万,8078元/平米,2012年
上锦康城A期,2室2厅1厨1卫,87.09㎡,xindou,中楼层 (共18层),南,98万,11253元/平米,2012年
汇融悉尼湾库吉岛一期,2室2厅1厨2卫,93.72㎡,xindou,中楼层 (共26层),北,128万,13658元/平米,2008年
红树林,3室2厅1厨2卫,116.73㎡,xindou,低楼层 (共6层),东南,89万,7625元/平米,未知年建
汇融悉尼湾库吉岛一期,2室2厅1厨1卫,76.18㎡,xindou,低楼层 (共26层),西北,110万,14440元/平米,2008年
交大香洲半岛南庭,3室2厅1厨2卫,119.91㎡,xindou,低楼层 (共8层),南,142万,11843元/平米,2009年
澳洲湾,3室2厅1厨2卫,114.87㎡,xindou,中楼层 (共6层),东,145万,12623元/平米,2011年
北新润苑一期,3室2厅1厨2卫,87.33㎡,xindou,高楼层 (共18层),南,120万,13741元/平米,2012年
缤纷时代广场,1室1厅1厨1卫,38.33㎡,xindou,高楼层 (共15层),东,27万,7045元/平米,2012年
毕生路3号,3室2厅1厨2卫,140.2㎡,xindou,中楼层 (共6层),东,116万,8274元/平米,未知年建/
北新润苑二期,3室2厅1厨1卫,88.85㎡,xindou,低楼层 (共18层),西南,120万,13506元/平米,2012年
万科五龙山九墅,3室2厅1厨3卫,165.87㎡,xindou,中楼层 (共10层),南,257万,15495元/平米,2013年
保利公园198丁香郡,4室2厅1厨2卫,128.7㎡,xindou,中楼层 (共26层),东北,148万,11500元/平米,2012年
天元山庄一期,3室2厅1厨2卫,130.05㎡,xindou,中楼层 (共6层),东南,112万,8613元/平米,未知年建/
保利公园198玫瑰郡,3室1厅1厨2卫,130.8㎡,xindou,低楼层 (共11层),东南 北,165万,12615元/平米,2010年
天元山庄二期,2室2厅1厨1卫,87.37㎡,xindou,高楼层 (共6层),北,72万,8241元/平米,2007年
北欧知识城一期,3室2厅1厨1卫,87.61㎡,xindou,高楼层 (共30层),东南,93万,10616元/平米,2014年
桂景花城,2室2厅1厨1卫,88.31㎡,xindou,中楼层 (共5层),西,88万,9965元/平米,未知年建/
合景格林春天,4室2厅1厨2卫,126.19㎡,xindou,高楼层 (共6层),北,100万,7925元/平米,2007年
水沐环岛,2室2厅1厨1卫,106.64㎡,xindou,低楼层 (共12层),南,125万,11722元/平米,2013年
天龙瑞景,3室2厅1厨2卫,117.37㎡,xindou,中楼层 (共14层),南,120万,10225元/平米,2008年
润扬北城1号,2室1厅1厨1卫,80.53㎡,xindou,高楼层 (共18层),东南,118万,14653元/平米,2013年
花园小区二期,3室2厅1厨2卫,100.01㎡,xindou,中楼层 (共18层),东南,94.8万,9480元/平米,未知年建/
保利公园198玫瑰郡,4室1厅1厨2卫,125.86㎡,xindou,中楼层 (共24层),南,175万,13905元/平米,2010年
荣煜亲河名居,2室2厅1厨1卫,86.22㎡,xindou,低楼层 (共20层),北,108万,12527元/平米,未知年建/
爵领欧城,3室2厅1厨2卫,100.74㎡,xindou,中楼层 (共18层),南,125万,12409元/平米,2014年
汉嘉国际,3室2厅1厨2卫,155.98㎡,xindou,低楼层 (共4层),东北,260万,16669元/平米,2018年
汉嘉国际,3室2厅1厨2卫,155.98㎡,xindou,低楼层 (共4层),东北,260万,16669元/平米,2018年
保利城二期,2室2厅1厨1卫,73.34㎡,xindou,低楼层 (共18层),南,120万,16363元/平米,2014年
保利公园198玫瑰郡,3室1厅1厨2卫,108.91㎡,xindou,中楼层 (共18层),南,142万,13039元/平米,2010年
思学园小区,1室1厅1厨1卫,50.55㎡,xindou,中楼层 (共6层),西,33.8万,6687元/平米,未知年建
北欧印象,2室2厅1厨1卫,81.58㎡,xindou,高楼层 (共32层),东,90万,11033元/平米,2014年
北欧印象,2室2厅1厨2卫,89.04㎡,xindou,中楼层 (共32层),东北,100万,11231元/平米,2014年
传化国际新城,1室1厅0厨1卫,44.08㎡,xindou,中楼层 (共25层),东南,23万,5218元/平米,未知年建/
开元国际,3室2厅1厨1卫,91.39㎡,xindou,高楼层 (共18层),东南,140万,15319元/平米,2012年
香界,3室2厅1厨1卫,90.65㎡,xindou,高楼层 (共26层),东南,120万,13238元/平米,2012年
开元国际,2室2厅1厨1卫,81.53㎡,xindou,中楼层 (共18层),南,115万,14106元/平米,2012年
汇融悉尼湾达令港,3室2厅1厨2卫,113.05㎡,xindou,低楼层 (共32层),东,148万,13092元/平米,2013年
润扬北城1号,3室2厅1厨2卫,106.98㎡,xindou,低楼层 (共18层),东,145万,13554元/平米,2013年
岚颐公馆,3室2厅1厨1卫,98.85㎡,xindou,中楼层 (共6层),东,90万,9105元/平米,未知年建/
香樟林,4室2厅1厨2卫,155.2㎡,xindou,高楼层 (共6层),东南,105万,6766元/平米,2004年
保利春天花语,4室2厅1厨2卫,111.76㎡,xindou,低楼层 (共33层),东,170万,15212元/平米,2015年
汉嘉国际,4室3厅3厨1卫,228.83㎡,xindou,中楼层 (共5层),南,278万,12149元/平米,2018年
东骏湖景湾二期,3室2厅1厨2卫,113.25㎡,xindou,低楼层 (共11层),东南 南,155万,13687元/平米,2010年
北新润苑二期,4室2厅1厨2卫,128.87㎡,xindou,低楼层 (共18层),北,165万,12804元/平米,2012年
万科双水岸,4室2厅1厨3卫,182.22㎡,xindou,中楼层 (共6层),东南,260万,14269元/平米,2007年
万科五龙山九墅,3室2厅1厨2卫,152.5㎡,xindou,中楼层 (共24层),西南,200万,13115元/平米,2013年
博雅新城A区,2室2厅1厨1卫,77.78㎡,xindou,中楼层 (共27层),南,85万,10929元/平米,2013年
芙蓉名城三期,3室2厅1厨2卫,98.68㎡,xindou,高楼层 (共18层),北,110万,11148元/平米,2012年
缤纷时代广场,1室1厅1厨1卫,34㎡,xindou,高楼层 (共15层),南,31万,9118元/平米,2012年
北新润苑一期,4室1厅1厨2卫,133.4㎡,xindou,低楼层 (共18层),东南,160万,11995元/平米,2012年
开元国际,2室2厅1厨1卫,78.82㎡,xindou,高楼层 (共26层),西北,105万,13322元/平米,2012年
富力桃园A区,2室2厅1厨1卫,81.89㎡,xindou,低楼层 (共32层),东北,88万,10747元/平米,2015年
汇融悉尼湾达令港,3室2厅1厨2卫,98.33㎡,xindou,中楼层 (共29层),东,138万,14035元/平米,2013年
维也纳花园二期,2室2厅1厨1卫,61.94㎡,xindou,中楼层 (共32层),南,62万,10010元/平米,未知年建
润扬双河鹭岛,2室2厅1厨1卫,86.29㎡,xindou,高楼层 (共33层),东北,100万,11589元/平米,2012年
北欧印象,3室2厅1厨2卫,96.99㎡,xindou,低楼层 (共32层),南,102万,10517元/平米,2014年
博雅新城A区,2室1厅1厨1卫,87.97㎡,xindou,低楼层 (共27层),东,86.8万,9868元/平米,2013年
润扬双河鹭岛,2室2厅1厨1卫,86.29㎡,xindou,高楼层 (共33层),东北,100万,11589元/平米,2012年
保利城一期,3室1厅1厨1卫,92.14㎡,xindou,高楼层 (共18层),南,120万,13024元/平米,2014年
北欧印象,3室2厅1厨2卫,96.99㎡,xindou,低楼层 (共32层),南,102万,10517元/平米,2014年
保利城二期,2室2厅1厨1卫,73.44㎡,xindou,低楼层 (共18层),东南,95万,12936元/平米,2014年
保利公园198玫瑰郡,3室2厅1厨2卫,104.85㎡,xindou,高楼层 (共18层),西南,132万,12590元/平米,2010年
汇融悉尼湾达令港,2室1厅1厨1卫,59.38㎡,xindou,高楼层 (共29层),东,88万,14820元/平米,2013年
保利紫荆花语,3室2厅1厨2卫,88.33㎡,xindou,低楼层 (共33层),西北,120万,13586元/平米,2014年
汇融悉尼湾库吉岛一期,2室1厅1厨1卫,72.17㎡,xindou,中楼层 (共26层),东北,85万,11778元/平米,2008年
汉嘉国际,3室2厅1厨2卫,115㎡,xindou,高楼层 (共33层),南,135万,11740元/平米,2018年
缤纷时代广场,1室1厅1厨1卫,33.93㎡,xindou,中楼层 (共15层),东,30万,8842元/平米,2012年
缤纷时代广场,1室1厅0厨1卫,38.33㎡,xindou,低楼层 (共15层),西南,29万,7566元/平米,2012年
润禾花园,3室2厅1厨1卫,89.02㎡,xindou,高楼层 (共22层),南,120万,13481元/平米,2013年
御城,2室2厅1厨1卫,84.52㎡,xindou,中楼层 (共26层),南,95万,11240元/平米,2009年
民生新干线,2室2厅1厨1卫,88.03㎡,xindou,中楼层 (共18层),北,98万,11133元/平米,2016年
翰香府,3室1厅1厨2卫,117.08㎡,xindou,高楼层 (共6层),东南,100万,8542元/平米,未知年建/
邑品天都,3室2厅1厨1卫,89㎡,xindou,低楼层 (共18层),南,115万,12922元/平米,2012年
万科五龙山九墅,3室2厅1厨2卫,146㎡,xindou,低楼层 (共6层),东南,240万,16439元/平米,2013年
保利春天花语,3室2厅1厨2卫,94.23㎡,xindou,高楼层 (共32层),北,132万,14009元/平米,2015年
海伦国际一期,3室2厅1厨2卫,112.9㎡,xindou,高楼层 (共32层),南,129万,11427元/平米,未知年建
汇融悉尼湾库吉岛一期,2室1厅1厨1卫,76.18㎡,xindou,低楼层 (共26层),北,94万,12340元/平米,2008年
保利公园198玫瑰郡,3室2厅1厨2卫,134.43㎡,xindou,中楼层 (共24层),东南,165万,12275元/平米,2010年
保利公园198丁香郡,3室2厅1厨2卫,106.62㎡,xindou,低楼层 (共18层),南,130万,12193元/平米,2012年
万千城,2室1厅1厨1卫,70.18㎡,xindou,高楼层 (共32层),西,70万,9975元/平米,2013年
丽水金都,2室2厅1厨1卫,95.49㎡,xindou,高楼层 (共14层),东南,85万,8902元/平米,未知年建/
旺府豪庭,2室1厅1厨1卫,71.57㎡,xindou,高楼层 (共18层),东南,85万,11877元/平米,2012年
保利城一期,2室2厅1厨1卫,75.44㎡,xindou,高楼层 (共18层),南,105万,13919元/平米,2014年
海伦国际一期,3室2厅1厨2卫,117.39㎡,xindou,低楼层 (共32层),西南,129万,10990元/平米,未知年建
汇融悉尼湾库吉岛一期,3室2厅1厨2卫,112.35㎡,xindou,中楼层 (共26层),东,150万,13352元/平米,2008年
新神风金牛座,3室1厅1厨1卫,77.18㎡,xindou,低楼层 (共21层),东,105万,13605元/平米,2015年
新神风金牛座,3室1厅1厨1卫,77.18㎡,xindou,低楼层 (共21层),东,105万,13605元/平米,2015年
万科五龙山九墅,3室3厅2厨3卫,275.24㎡,xindou,低楼层 (共9层),西南,440万,15987元/平米,2013年
开元国际,2室2厅1厨1卫,78.17㎡,xindou,低楼层 (共26层),北,70万,8955元/平米,2012年
万科五龙山公园,5室3厅1厨5卫,343.76㎡,xindou,低楼层 (共3层),南 北,430万,12509元/平米,2012年
状元府邸,3室2厅1厨2卫,143.63㎡,xindou,中楼层 (共6层),南,138万,9609元/平米,2005年
开元国际,3室2厅1厨1卫,92.91㎡,xindou,低楼层 (共28层),东北,130万,13993元/平米,2012年
新丰嘉苑,2室2厅1厨1卫,90.33㎡,xindou,低楼层 (共18层),西南,110万,12178元/平米,2013年
润禾花园,2室2厅1厨2卫,84㎡,xindou,低楼层 (共18层),南,110万,13096元/平米,2013年
新和香城学府,3室2厅1厨1卫,87.62㎡,xindou,高楼层 (共18层),东南,75万,8560元/平米,未知年建/
万家和花园,3室2厅1厨2卫,168.09㎡,xindou,低楼层 (共7层),东南,152万,9043元/平米,未知年建
丽水金都,2室2厅1厨1卫,92.31㎡,xindou,低楼层 (共16层),西南,92万,9967元/平米,未知年建/
华丰园,3室2厅1厨1卫,100.65㎡,xindou,高楼层 (共6层),东北,102万,10135元/平米,未知年建
东骏湖景湾一期,4室2厅1厨2卫,153.74㎡,xindou,低楼层 (共25层),东南,230万,14961元/平米,2010年
保利郁金香谷,4室2厅1厨5卫,235㎡,xindou,低楼层 (共5层),东,330万,14043元/平米,未知年建
芙蓉名城C区,4室2厅1厨2卫,182.02㎡,xindou,中楼层 (共19层),西南,180万,9890元/平米,2010年
缤纷时代广场,1室1厅1厨1卫,29.12㎡,xindou,高楼层 (共25层),南 北,20万,6869元/平米,2012年
川音嘉苑,4室2厅2厨2卫,109.61㎡,xindou,高楼层 (共11层),东 西,136万,12408元/平米,2010年
汉嘉国际,3室2厅1厨2卫,68㎡,xindou,高楼层 (共13层),西,107万,15736元/平米,2018年
芙蓉名城C区,4室2厅1厨2卫,181.49㎡,xindou,低楼层 (共18层),南,198万,10910元/平米,2010年
传化国际新城,1室1厅1厨1卫,44.08㎡,xindou,中楼层 (共25层),北,23万,5218元/平米,未知年建/
博雅丽景,4室3厅1厨3卫,172㎡,xindou,高楼层 (共6层),北,165万,9594元/平米,未知年建/
香樟林,4室2厅1厨2卫,200.23㎡,xindou,高楼层 (共6层),南 北,220万,10988元/平米,2004年
芙蓉名城三期,3室2厅1厨1卫,110.61㎡,xindou,高楼层 (共32层),北,116万,10488元/平米,2012年
邑品天都,3室2厅1厨2卫,95.67㎡,xindou,低楼层 (共18层),东,116万,12126元/平米,2012年
万科五龙山九墅,3室2厅1厨2卫,138.09㎡,xindou,中楼层 (共24层),南,200万,14484元/平米,2013年
橄榄郡,1室1厅1厨1卫,63.09㎡,xindou,中楼层 (共23层),南,62万,9828元/平米,2008年
佳乐国际城二期,2室2厅1厨1卫,82.6㎡,xindou,高楼层 (共32层),西南,86万,10412元/平米,2012年
香域中央,3室2厅1厨2卫,130.36㎡,xindou,低楼层 (共26层),东,132万,10126元/平米,未知年建/
新城花园,2室1厅1厨1卫,95.25㎡,xindou,高楼层 (共19层),东,85万,8924元/平米,2003年
天晨花溪碧,2室1厅1厨1卫,89.84㎡,xindou,中楼层 (共26层),西南,90万,10018元/平米,2012年
融创凯旋公馆,2室1厅1厨1卫,57.11㎡,xindou,低楼层 (共30层),东南,70万,12258元/平米,2016年
润禾花园,3室2厅1厨1卫,87.55㎡,xindou,低楼层 (共18层),东南,125万,14278元/平米,2013年
润扬北城1号,2室2厅1厨1卫,86.29㎡,xindou,高楼层 (共33层),南,120万,13907元/平米,2013年
润扬北城1号,3室2厅1厨2卫,101.71㎡,xindou,低楼层 (共33层),南,135万,13274元/平米,2013年
东骏湖景湾三期,3室2厅1厨2卫,98.54㎡,xindou,高楼层 (共18层),东,115万,11671元/平米,2010年
保利公园198玫瑰郡,3室1厅1厨2卫,137.12㎡,xindou,高楼层 (共11层),东南,160万,11669元/平米,2010年
润扬北城1号,3室2厅1厨2卫,105.41㎡,xindou,高楼层 (共33层),南,132万,12523元/平米,2013年
传化国际新城,2室2厅1厨1卫,68.04㎡,xindou,低楼层 (共9层),东南,76万,11170元/平米,2015年
保利公园198蝴蝶谷东区,4室2厅1厨4卫,370.64㎡,xindou,低楼层 (共3层),东南,450万,12142元/平米,2009年
保利公园198蔷薇郡,3室2厅1厨2卫,115.89㎡,xindou,低楼层 (共27层),东南,168万,14497元/平米,2012年
香城丽园紫薇苑,3室2厅1厨2卫,119.29㎡,xindou,高楼层 (共6层),南,120万,10060元/平米,未知年建/
缤纷新天地,2室2厅1厨1卫,56.72㎡,xindou,高楼层 (共31层),东,56万,9874元/平米,2013年
御城,2室2厅1厨1卫,77.9㎡,xindou,低楼层 (共26层),东南,75万,9628元/平米,2009年
园丁之家,3室2厅1厨1卫,80.47㎡,xindou,高楼层 (共6层),西南,67万,8327元/平米,未知年建/
佳乐国际城二期,3室2厅1厨2卫,144.34㎡,xindou,中楼层 (共8层),南,188万,13025元/平米,2012年
芙蓉名城三期,3室2厅1厨2卫,95.68㎡,xindou,高楼层 (共18层),东南,125万,13065元/平米,2012年
桂湖名城一期,3室2厅1厨2卫,111.68㎡,xindou,低楼层 (共33层),北,118万,10566元/平米,2012年
盛世名城,3室2厅1厨1卫,92.5㎡,xindou,低楼层 (共18层),东南,135万,14595元/平米,2014年
传化国际新城,3室2厅1厨1卫,87㎡,xindou,高楼层 (共34层),西南,90万,10345元/平米,2015年
缤纷新天地,1室0厅0厨1卫,31.01㎡,xindou,中楼层 (共31层),东,18万,5805元/平米,2013年
汇融悉尼湾达令港,2室2厅1厨1卫,60.59㎡,xindou,高楼层 (共32层),西,89万,14689元/平米,2013年
博雅新城E区,2室1厅1厨1卫,87.38㎡,xindou,中楼层 (共27层),西南,92万,10529元/平米,2011年
保利公园198蔷薇郡,5室2厅1厨3卫,189.22㎡,xindou,高楼层 (共27层),南,230万,12156元/平米,2012年
缤纷时代广场,1室1厅1厨1卫,36.52㎡,xindou,高楼层 (共15层),东,29万,7941元/平米,2012年
缤纷时代广场,1室0厅0厨1卫,30㎡,xindou,高楼层 (共25层),西南,20万,6667元/平米,2012年
保利公园198蝴蝶谷西区,4室2厅1厨4卫,349.66㎡,xindou,低楼层 (共1层),南,500万,14300元/平米,2009年
江凌路200号,3室2厅1厨2卫,143.44㎡,xindou,中楼层 (共4层),南 北,85万,5926元/平米,未知年建/
保利公园198玫瑰郡,3室2厅1厨2卫,136㎡,xindou,中楼层 (共11层),南,155万,11398元/平米,2010年
邑品天都,3室2厅1厨2卫,99.34㎡,xindou,中楼层 (共18层),南,120万,12080元/平米,2012年
莱茵北郡一期,2室2厅1厨1卫,80.35㎡,xindou,低楼层 (共18层),北,82万,10206元/平米,未知年建/
保利春天花语,4室2厅1厨2卫,111.76㎡,xindou,低楼层 (共33层),东,180万,16106元/平米,2015年
北新润苑二期,4室2厅1厨2卫,128㎡,xindou,高楼层 (共18层),北,160万,12500元/平米,2012年
保利春天花语,4室2厅1厨2卫,111.7㎡,xindou,中楼层 (共33层),东,158万,14146元/平米,2015年
香洲南亭,2室2厅1厨1卫,89.94㎡,xindou,高楼层 (共6层),东南,80万,8895元/平米,未知年建/
保利城一期,3室2厅1厨2卫,130.81㎡,xindou,高楼层 (共18层),西,169万,12920元/平米,2014年
保利公园198百合郡,4室2厅1厨2卫,130㎡,xindou,中楼层 (共26层),南,155万,11924元/平米,2009年
御城,2室2厅1厨1卫,79.09㎡,xindou,高楼层 (共26层),南,89万,11254元/平米,2009年
上锦康城A期,2室2厅1厨1卫,78.3㎡,xindou,低楼层 (共18层),北,77万,9834元/平米,2012年
芙蓉名城C区,5室3厅1厨3卫,304.65㎡,xindou,高楼层 (共18层),西南,274.2万,9001元/平米,2010年
传化国际新城,1室1厅1厨1卫,47.4㎡,xindou,中楼层 (共25层),北,23万,4853元/平米,未知年建/
万千城,1室1厅1厨1卫,51.56㎡,xindou,中楼层 (共32层),东,60万,11637元/平米,2013年
传化国际新城,1室1厅1厨1卫,44.08㎡,xindou,低楼层 (共25层),东,25万,5672元/平米,2015年
保利城三期,3室2厅1厨1卫,86.64㎡,xindou,低楼层 (共18层),东,130万,15005元/平米,2015年
缤纷新天地,1室0厅0厨1卫,31.05㎡,xindou,中楼层 (共31层),西,21万,6764元/平米,2013年
北新路90号,6室2厅1厨2卫,375.07㎡,xindou,低楼层 (共3层),东南,223万,5946元/平米,未知年建
交大壹佰棟,5室3厅1厨3卫,230.07㎡,xindou,低楼层 (共3层),南,360万,15648元/平米,2012年
万科五龙山公园,6室2厅1厨5卫,329.96㎡,xindou,低楼层 (共3层),西南,530万,16063元/平米,2012年
圣采泊尚,3室2厅1厨2卫,83.02㎡,xindou,高楼层 (共30层),北,120万,14455元/平米,未知年建/
思学园小区,2室1厅1厨1卫,70.62㎡,xindou,中楼层 (共6层),东南,55万,7789元/平米,未知年建
佳乐国际城二期,2室1厅1厨1卫,82.74㎡,xindou,高楼层 (共32层),南,93万,11241元/平米,2012年
保利城一期,2室2厅1厨1卫,69.52㎡,xindou,高楼层 (共18层),北,92万,13234元/平米,2014年
嘉美华凯,2室2厅1厨1卫,82.63㎡,xindou,低楼层 (共17层),南,107万,12950元/平米,2011年
北新润苑二期,4室2厅1厨2卫,130㎡,xindou,高楼层 (共24层),南,170万,13077元/平米,2012年
缤纷翠微湖,4室2厅1厨2卫,116.7㎡,xindou,低楼层 (共30层),东南,145万,12426元/平米,2014年
万科双水岸,3室2厅1厨2卫,130㎡,xindou,中楼层 (共6层),东南,165万,12693元/平米,2007年
佳乐国际城一期,4室2厅1厨3卫,224.33㎡,xindou,低楼层 (共6层),东南,320万,14265元/平米,2012年
保利公园198玫瑰郡,3室2厅1厨2卫,137.72㎡,xindou,低楼层 (共11层),南,220万,15975元/平米,2010年
缤纷时代广场,1室1厅1厨1卫,33.93㎡,xindou,高楼层 (共15层),南,27万,7958元/平米,2012年
保利公园198海棠花语,4室2厅1厨2卫,116.07㎡,xindou,低楼层 (共15层),东南,150万,12924元/平米,2014年
保利公园198玫瑰郡,4室2厅1厨3卫,177.04㎡,xindou,低楼层 (共24层),南,220万,12427元/平米,2010年
保利城二期,3室2厅1厨1卫,96.81㎡,xindou,低楼层 (共18层),南,135万,13945元/平米,2014年
保利紫荆花语,3室2厅1厨1卫,80㎡,xindou,中楼层 (共33层),东南,110万,13750元/平米,2014年
保利城一期,2室2厅1厨1卫,73.59㎡,xindou,低楼层 (共18层),南,102万,13861元/平米,2015年
保利城一期,3室1厅1厨1卫,93.18㎡,xindou,中楼层 (共18层),北,122万,13093元/平米,2015年
保利公园198丁香郡,4室1厅1厨2卫,127.46㎡,xindou,高楼层 (共18层),南,162万,12710元/平米,2012年
东街48号,3室2厅1厨2卫,118.59㎡,xindou,高楼层 (共7层),东南,53万,4470元/平米,未知年建/
保利公园198翡翠谷,5室2厅1厨2卫,367.79㎡,xindou,低楼层 (共1层),南,660万,17946元/平米,2013年
保利城二期,3室2厅1厨1卫,90.2㎡,xindou,中楼层 (共18层),西南,126万,13969元/平米,2014年
保利公园198百合郡,2室2厅1厨1卫,90.92㎡,xindou,中楼层 (共18层),西南,130万,14299元/平米,2009年
保利公园198百合郡,4室1厅1厨2卫,140.9㎡,xindou,中楼层 (共18层),东南,220万,15614元/平米,2009年
香域中央,4室2厅1厨2卫,139㎡,xindou,高楼层 (共26层),南,140万,10072元/平米,未知年建/
富力桃园B区,4室2厅1厨2卫,136㎡,xindou,高楼层 (共32层),南,149万,10956元/平米,2015年
保利公园198丁香郡,4室2厅1厨2卫,132.44㎡,xindou,中楼层 (共18层),北,180万,13592元/平米,2012年
万科双水岸,4室2厅1厨2卫,161㎡,xindou,高楼层 (共5层),东南,210万,13044元/平米,未知年建/
万科五龙山九墅,4室2厅1厨3卫,199.33㎡,xindou,高楼层 (共9层),南,310万,15553元/平米,2013年
天元山庄一期,4室2厅1厨3卫,137.26㎡,xindou,高楼层 (共6层),东北,138万,10054元/平米,未知年建/
香樟林,5室3厅1厨2卫,204.59㎡,xindou,高楼层 (共6层),东南,315万,15397元/平米,2004年
博雅桂湖郡,3室2厅1厨3卫,170.76㎡,xindou,高楼层 (共5层),西北,145万,8492元/平米,未知年建/
传化国际新城,4室2厅1厨2卫,105.89㎡,xindou,中楼层 (共34层),东南 南,115万,10861元/平米,2015年
佳乐国际城一期,4室2厅1厨2卫,165㎡,xindou,低楼层 (共7层),西南,210万,12728元/平米,2012年
保利郁金香谷,4室2厅1厨4卫,235㎡,xindou,低楼层 (共5层),东,460万,19575元/平米,2010年
保利公园198玫瑰郡,3室2厅1厨2卫,136.62㎡,xindou,中楼层 (共11层),南,150万,10980元/平米,2010年
芙蓉名城三期,3室2厅1厨1卫,98.63㎡,xindou,高楼层 (共28层),南,115万,11660元/平米,2012年
翰香府,2室2厅1厨2卫,98.36㎡,xindou,高楼层 (共6层),西,85万,8642元/平米,未知年建/
川音嘉苑,2室1厅1厨1卫,89.97㎡,xindou,低楼层 (共17层),南,90万,10004元/平米,2010年
圣采泊尚,2室1厅1厨1卫,66.32㎡,xindou,中楼层 (共30层),东,90万,13571元/平米,未知年建/
保利紫荆花语,4室2厅1厨2卫,116.62㎡,xindou,中楼层 (共33层),东南,145万,12434元/平米,2014年
保利公园198蔷薇郡,3室2厅1厨2卫,115.28㎡,xindou,中楼层 (共27层),西南,168万,14574元/平米,2012年
新神风金牛座,3室2厅1厨1卫,83.42㎡,xindou,中楼层 (共21层),西南,106万,12707元/平米,2015年
保利公园198蔷薇郡,3室2厅1厨2卫,115.28㎡,xindou,中楼层 (共27层),西南,168万,14574元/平米,2012年
保利拉斐公馆,3室2厅1厨2卫,101㎡,xindou,高楼层 (共31层),北,125万,12377元/平米,未知年建/
保利公园198玫瑰郡,4室2厅1厨2卫,125.86㎡,xindou,高楼层 (共24层),东南,185万,14699元/平米,2010年
保利公园198玫瑰郡,4室2厅1厨2卫,125.86㎡,xindou,中楼层 (共24层),南,155万,12316元/平米,2010年
万科五龙山九墅,3室2厅1厨3卫,165.87㎡,xindou,低楼层 (共10层),南,248万,14952元/平米,2013年
龙门街20号院,3室2厅1厨2卫,130.63㎡,xindou,中楼层 (共5层),南,85万,6507元/平米,未知年建/
润扬双河鹭岛,3室2厅1厨2卫,111.3㎡,xindou,中楼层 (共6层),东南,122万,10962元/平米,2012年
传化国际新城,2室2厅1厨1卫,65.25㎡,xindou,低楼层 (共9层),南,70万,10728元/平米,未知年建/
缤纷新天地,1室0厅0厨1卫,31.08㎡,xindou,中楼层 (共31层),南,20万,6436元/平米,2013年
保利拉斐庄园,4室2厅1厨4卫,433.84㎡,xindou,低楼层 (共3层),东南,1000万,23050元/平米,2016年
万科五龙山九墅,4室2厅1厨4卫,274.54㎡,xindou,低楼层 (共9层),西南,500万,18213元/平米,2013年
我的大学,2室2厅1厨1卫,70.24㎡,xindou,低楼层 (共27层),东,82万,11675元/平米,未知年建/
北欧印象,2室2厅1厨2卫,89㎡,xindou,中楼层 (共32层),东,143万,16068元/平米,2014年
邑品天都,2室2厅1厨1卫,86.31㎡,xindou,低楼层 (共18层),南,110万,12745元/平米,2012年
保利郁金香谷,5室2厅1厨5卫,294.48㎡,xindou,中楼层 (共5层),东南,420万,14263元/平米,未知年建
汉嘉国际,3室2厅1厨2卫,68.01㎡,xindou,高楼层 (共13层),西,125万,18380元/平米,2018年
香域中央,2室2厅1厨1卫,87.99㎡,xindou,低楼层 (共26层),西南 西北,92.8万,10547元/平米,未知年建/
保利紫荆花语,3室1厅1厨2卫,105.81㎡,xindou,低楼层 (共33层),东南,145万,13704元/平米,2014年
流溪苑,3室1厅1厨2卫,53.34㎡,xindou,低楼层 (共1层),西南,31万,5812元/平米,未知年建
保利城一期,5室1厅1厨4卫,157.14㎡,xindou,高楼层 (共19层),南,330万,21001元/平米,2014年
缤纷时代广场,1室0厅0厨1卫,30.87㎡,xindou,高楼层 (共25层),东南,20万,6479元/平米,2012年
富力桃园B区,3室2厅1厨2卫,114.79㎡,xindou,低楼层 (共32层),东南,128万,11151元/平米,2015年
北欧知识城二期,2室2厅1厨1卫,99.4㎡,xindou,低楼层 (共34层),东 东南,120万,12073元/平米,2012年
北欧知识城二期,3室2厅1厨1卫,88.35㎡,xindou,中楼层 (共30层),东南,100万,11319元/平米,2015年
汇融悉尼湾库吉岛一期,2室2厅1厨2卫,96.78㎡,xindou,中楼层 (共26层),西北,115万,11883元/平米,2008年
保利公园198丁香郡,4室2厅1厨2卫,127㎡,xindou,低楼层 (共18层),东南,150万,11812元/平米,2012年
润扬北城1号,2室2厅1厨1卫,87.45㎡,xindou,高楼层 (共33层),东南,110万,12579元/平米,2013年
保利公园198玫瑰郡,3室2厅1厨2卫,133.63㎡,xindou,高楼层 (共11层),西南,203万,15192元/平米,2010年
时代锦翠,3室2厅1厨1卫,91.26㎡,xindou,低楼层 (共17层),北,120万,13150元/平米,2012年
北延风景,2室2厅1厨1卫,92㎡,xindou,高楼层 (共16层),南,102万,11087元/平米,未知年建/
水沐环岛,3室1厅1厨2卫,134.28㎡,xindou,低楼层 (共12层),东南,150万,11171元/平米,2013年
保利公园198百合郡,4室2厅1厨2卫,140.64㎡,xindou,高楼层 (共26层),东南,170万,12088元/平米,2009年
香樟林,4室2厅1厨3卫,158.17㎡,xindou,低楼层 (共6层),南,135万,8536元/平米,2004年
橄榄郡,3室2厅1厨2卫,137.01㎡,xindou,高楼层 (共6层),南,152万,11095元/平米,2008年
东骏湖景湾四期,4室2厅1厨2卫,139㎡,xindou,高楼层 (共18层),东北,198万,14245元/平米,2010年
保利城二期,3室2厅1厨1卫,90.85㎡,xindou,中楼层 (共18层),东,122万,13429元/平米,2014年
保利城一期,3室2厅1厨1卫,96.2㎡,xindou,中楼层 (共18层),南,133万,13826元/平米,2014年
保利城三期,3室2厅1厨1卫,85.52㎡,xindou,中楼层 (共18层),南,125万,14617元/平米,2015年
保利城二期,3室2厅1厨1卫,90.99㎡,xindou,低楼层 (共14层),南,220万,24179元/平米,2014年
万科五龙山公园,7室3厅1厨7卫,591.23㎡,xindou,低楼层 (共2层),东北,1200万,20297元/平米,2012年
缤纷新天地,1室0厅0厨1卫,30.52㎡,xindou,低楼层 (共31层),东,19万,6226元/平米,2013年
桂湖名城一期,3室2厅1厨2卫,110.77㎡,xindou,低楼层 (共33层),东南,120万,10834元/平米,未知年建/
爵领欧城,2室2厅1厨1卫,70㎡,xindou,低楼层 (共26层),北,80万,11429元/平米,2014年
保利紫荆花语,3室2厅1厨1卫,78㎡,xindou,低楼层 (共33层),北,105万,13462元/平米,2014年
汉嘉国际,3室1厅1厨2卫,114㎡,xindou,高楼层 (共33层),南,155万,13597元/平米,2018年
翰香府,3室2厅1厨2卫,101.88㎡,xindou,中楼层 (共6层),南,115万,11288元/平米,未知年建/
传化国际新城,4室2厅1厨2卫,108㎡,xindou,高楼层 (共34层),东南,98万,9075元/平米,2015年
保利拉斐庄园,4室3厅1厨6卫,429.89㎡,xindou,低楼层 (共3层),东南,1800万,41872元/平米,未知年建
保利公园198百合郡,2室2厅1厨1卫,89㎡,xindou,低楼层 (共18层),南,130万,14607元/平米,2009年
保利春天花语,3室2厅1厨1卫,74.22㎡,xindou,中楼层 (共32层),南,120万,16169元/平米,2015年
富力桃园A区,3室2厅1厨2卫,128.5㎡,xindou,中楼层 (共32层),西南,128万,9962元/平米,2015年
丰和日丽,3室2厅1厨2卫,106.09㎡,xindou,低楼层 (共15层),南 北,117万,11029元/平米,未知年建/
鲜花大院,3室2厅1厨1卫,86.2㎡,xindou,高楼层 (共18层),西,90万,10441元/平米,2012年
御城,2室1厅1厨1卫,77.9㎡,xindou,中楼层 (共26层),东,77万,9885元/平米,2009年
维也纳花园二期,2室2厅1厨1卫,77.17㎡,xindou,中楼层 (共32层),南,75.8万,9818元/平米,未知年建
保利城三期,3室1厅1厨1卫,86.09㎡,xindou,低楼层 (共18层),西,116万,13475元/平米,2015年
保利城三期,3室2厅1厨1卫,88.93㎡,xindou,高楼层 (共18层),北,132万,14844元/平米,2015年
汉嘉国际,4室2厅1厨3卫,246.25㎡,xindou,低楼层 (共4层),南,580万,23554元/平米,2018年
保利紫荆花语,3室1厅1厨1卫,80㎡,xindou,中楼层 (共33层),西南,105万,13125元/平米,2014年
保利公园198百合郡,2室2厅1厨1卫,89㎡,xindou,低楼层 (共18层),东南,125万,14045元/平米,2009年
保利城三期,3室1厅1厨1卫,86.09㎡,xindou,低楼层 (共18层),西,116万,13475元/平米,2015年
保利紫荆花语,3室1厅1厨1卫,80㎡,xindou,中楼层 (共33层),西南,105万,13125元/平米,2014年
丽水金都,3室2厅1厨2卫,113.37㎡,xindou,低楼层 (共16层),东南,115万,10144元/平米,未知年建/
邻涪苑,3室2厅1厨2卫,161.77㎡,xindou,高楼层 (共6层),南,117万,7233元/平米,未知年建
汇融悉尼湾库吉岛一期,2室1厅1厨1卫,74.7㎡,xindou,中楼层 (共26层),北,100万,13387元/平米,2008年
芙蓉名城C区,3室1厅1厨2卫,146㎡,xindou,高楼层 (共19层),南,150万,10274元/平米,2010年
芙蓉名城C区,3室2厅1厨2卫,133㎡,xindou,高楼层 (共18层),西南,155万,11655元/平米,2010年
叠香庄园,4室2厅1厨2卫,126.24㎡,xindou,高楼层 (共6层),东南,138万,10932元/平米,2012年
北欧知识城二期,4室2厅1厨2卫,143㎡,xindou,低楼层 (共6层),北,185万,12938元/平米,未知年建/
北部桂庭,4室2厅1厨2卫,148.36㎡,xindou,高楼层 (共6层),东南,150万,10111元/平米,2007年
保利城二期,3室2厅1厨1卫,90.85㎡,xindou,高楼层 (共18层),东,136万,14970元/平米,2014年
北欧知识城二期,4室2厅1厨2卫,185㎡,xindou,高楼层 (共6层),南,248万,13406元/平米,2013年
南苑小区,5室2厅1厨2卫,205㎡,xindou,中楼层 (共8层),东南,140万,6830元/平米,2000年
万科五龙山九墅,4室2厅1厨3卫,198㎡,xindou,中楼层 (共9层),南,420万,21213元/平米,2013年
保利公园198玫瑰郡,2室1厅1厨1卫,89.19㎡,xindou,高楼层 (共18层),东南,99万,11100元/平米,2010年
博雅新城A区,1室1厅1厨1卫,49.68㎡,xindou,低楼层 (共27层),东,52万,10467元/平米,2013年
我的大学,2室1厅1厨1卫,49.4㎡,xindou,高楼层 (共27层),西南,53万,10729元/平米,未知年建/
思学园博仕楼,1室1厅1厨1卫,31.25㎡,xindou,低楼层 (共18层),西南,21.1万,6752元/平米,未知年建
红湖公园城,1室1厅1厨1卫,50.67㎡,xindou,中楼层 (共26层),东 南,50万,9868元/平米,2013年
东骏湖景湾一期,6室5厅1厨5卫,415.68㎡,xindou,低楼层 (共6层),东,830万,19968元/平米,2010年
缤纷新天地,1室0厅1厨1卫,30.93㎡,xindou,高楼层 (共31层),东,22万,7113元/平米,2013年
缤纷新天地,1室0厅0厨1卫,31㎡,xindou,低楼层 (共31层),东,19万,6130元/平米,2013年
万科双水岸,4室2厅1厨2卫,128.12㎡,xindou,低楼层 (共18层),东 南,135万,10537元/平米,2007年
邑品天都,2室1厅1厨1卫,54.98㎡,xindou,中楼层 (共22层),东,66万,12005元/平米,2012年
熊猫基地生态园小区,1室1厅1厨1卫,44.1㎡,xindou,高楼层 (共6层),南,35万,7937元/平米,未知年建/
叠香庄园,2室2厅1厨2卫,133.55㎡,xindou,高楼层 (共6层),东南,100万,7488元/平米,未知年建/
万科五龙山公园,5室2厅1厨5卫,340.28㎡,xindou,低楼层 (共2层),西南,500万,14694元/平米,2012年
天赐江陵半岛,2室2厅1厨1卫,79.15㎡,xindou,低楼层 (共18层),东南,100万,12635元/平米,未知年建/
民生新干线,2室2厅1厨1卫,85㎡,xindou,高楼层 (共18层),东南,138万,16236元/平米,2016年
润扬北城1号,2室2厅1厨1卫,85.32㎡,xindou,中楼层 (共18层),西南,130万,15237元/平米,2013年
富力桃园B区,3室2厅1厨2卫,118.41㎡,xindou,低楼层 (共32层),西北,130万,10979元/平米,2015年
下南街9号,3室2厅1厨1卫,123㎡,xindou,中楼层 (共6层),东南,98万,7968元/平米,未知年建
堤亚纳河谷,2室1厅1厨1卫,88.73㎡,xindou,中楼层 (共6层),南,120万,13525元/平米,未知年建/
保利城三期,3室2厅1厨1卫,87.9㎡,xindou,低楼层 (共18层),西,108万,12287元/平米,2015年
保利城二期,4室2厅1厨2卫,138.06㎡,xindou,中楼层 (共18层),北,179万,12966元/平米,2014年
保利公园198海棠花语,4室2厅1厨2卫,116.07㎡,xindou,高楼层 (共15层),西南,140万,12062元/平米,2014年
保利公园198百合郡,4室2厅1厨2卫,133.03㎡,xindou,低楼层 (共18层),西,166万,12479元/平米,2009年
缤纷时代广场,1室1厅1厨1卫,26.55㎡,xindou,中楼层 (共15层),南,20万,7533元/平米,2012年
中铁十三局住宅小区,3室2厅1厨1卫,124.91㎡,xindou,高楼层 (共6层),南,93.8万,7510元/平米,2003年
万科五龙山九墅,2室2厅1厨1卫,95.44㎡,xindou,高楼层 (共21层),西南,139万,14565元/平米,2013年
北欧印象,5室2厅1厨2卫,93.24㎡,xindou,高楼层 (共33层),东南,136万,14587元/平米,2014年
北欧知识城二期,4室3厅1厨2卫,188㎡,xindou,高楼层 (共6层),南,230万,12235元/平米,未知年建/
保利郁金香谷,4室2厅1厨5卫,294㎡,xindou,低楼层 (共5层),东南,380万,12926元/平米,2010年
东骏湖景湾五期,3室2厅1厨2卫,115.28㎡,xindou,低楼层 (共18层),西,160万,13880元/平米,2010年
荣煜亲河名居,4室2厅1厨2卫,116.33㎡,xindou,低楼层 (共20层),北,110万,9456元/平米,未知年建/
新新街394号,3室2厅1厨1卫,107.85㎡,xindou,低楼层 (共6层),西南,66万,6120元/平米,未知年建/
保利城一期,3室2厅1厨1卫,93.04㎡,xindou,低楼层 (共18层),东,145万,15585元/平米,2014年
富力桃园A区,3室2厅1厨2卫,107㎡,xindou,中楼层 (共32层),南,115万,10748元/平米,2015年
保利城一期,3室1厅1厨2卫,112.9㎡,xindou,高楼层 (共19层),北,150万,13287元/平米,2014年
圣采泊尚,4室1厅1厨1卫,108.72㎡,xindou,高楼层 (共30层),东南,160万,14717元/平米,未知年建/
保利城三期,3室2厅1厨1卫,89.01㎡,xindou,中楼层 (共18层),北,118万,13257元/平米,2015年
丽水金都,3室2厅1厨2卫,142.1㎡,xindou,中楼层 (共24层),南,135万,9501元/平米,未知年建/
学府苑,2室2厅1厨1卫,85.32㎡,xindou,高楼层 (共11层),南,88万,10315元/平米,2016年
芙蓉名城三期,2室1厅1厨1卫,88.79㎡,xindou,中楼层 (共18层),东南,106万,11939元/平米,2012年
传化国际新城,3室2厅1厨1卫,87.09㎡,xindou,低楼层 (共27层),南 北,108万,12401元/平米,2015年
民生新干线,2室2厅1厨1卫,81.22㎡,xindou,高楼层 (共18层),东南,108万,13298元/平米,2016年
润扬北城1号,2室2厅1厨1卫,89㎡,xindou,中楼层 (共33层),东,115万,12922元/平米,2013年
富力桃园A区,3室1厅1厨2卫,127.5㎡,xindou,中楼层 (共32层),东南,123万,9648元/平米,2015年
万千城,2室2厅1厨1卫,97㎡,xindou,高楼层 (共31层),南,90万,9279元/平米,2013年
传化国际新城,2室0厅0厨1卫,44㎡,xindou,高楼层 (共25层),北,22万,5000元/平米,未知年建/
圣采泊尚,2室2厅1厨1卫,67.83㎡,xindou,高楼层 (共28层),南,90万,13269元/平米,2015年
海峡茶城,1室1厅1厨2卫,35.84㎡,xindou,高楼层 (共18层),南,45万,12556元/平米,2013年
保利城三期,3室1厅1厨1卫,91.32㎡,xindou,高楼层 (共18层),南,120万,13141元/平米,2015年
华丰园,2室2厅1厨2卫,119.42㎡,xindou,高楼层 (共6层),东,103万,8626元/平米,未知年建
芙蓉名城C区,3室2厅1厨2卫,116.56㎡,xindou,高楼层 (共18层),东南,120万,10296元/平米,2010年
香樟林,4室2厅1厨2卫,154.6㎡,xindou,低楼层 (共6层),西,149万,9638元/平米,2004年
翰香府,5室2厅1厨2卫,121.5㎡,xindou,高楼层 (共6层),北,145万,11935元/平米,未知年建/
保利公园198玫瑰郡,3室2厅1厨3卫,179.85㎡,xindou,中楼层 (共11层),东南,220万,12233元/平米,2010年
交大香洲半岛南庭,3室2厅1厨2卫,142㎡,xindou,中楼层 (共18层),南,165万,11620元/平米,2009年
水沐环岛,5室3厅1厨4卫,284.62㎡,xindou,低楼层 (共4层),南,350万,12298元/平米,2013年
竹韵新馆,4室2厅1厨2卫,106.45㎡,xindou,高楼层 (共6层),南,85万,7985元/平米,2000年
缤纷新天地,2室1厅1厨1卫,56.56㎡,xindou,中楼层 (共31层),东,35万,6189元/平米,2013年
保利郁金香谷,4室2厅1厨5卫,293㎡,xindou,中楼层 (共5层),南,420万,14335元/平米,未知年建
常青藤一期,3室2厅1厨1卫,90.13㎡,xindou,中楼层 (共17层),南,110万,12205元/平米,未知年建/
我的大学,2室1厅1厨1卫,58.65㎡,xindou,高楼层 (共27层),东,70万,11936元/平米,未知年建/
保利郁金香谷,4室2厅1厨3卫,236㎡,xindou,低楼层 (共5层),南,330万,13984元/平米,2010年
北欧知识城一期,4室2厅1厨2卫,184.36㎡,xindou,高楼层 (共6层),南,248万,13452元/平米,未知年建/
保利城三期,3室1厅1厨2卫,98.13㎡,xindou,低楼层 (共18层),北,220万,22420元/平米,未知年建/
保利公园198蔷薇郡,5室1厅1厨3卫,189㎡,xindou,高楼层 (共27层),东南,280万,14815元/平米,2012年
芙蓉名城C区,3室2厅1厨2卫,135.52㎡,xindou,高楼层 (共15层),西,150万,11069元/平米,2010年
保利春天花语,3室2厅1厨1卫,86.57㎡,xindou,中楼层 (共24层),北,135万,15595元/平米,2015年
北欧印象,2室1厅1厨2卫,89.97㎡,xindou,高楼层 (共32层),南,110万,12227元/平米,2014年
常青藤二期,3室2厅1厨2卫,114.83㎡,xindou,高楼层 (共26层),西,148万,12889元/平米,2012年
保利春天花语,3室2厅1厨1卫,87.16㎡,xindou,低楼层 (共24层),东 东北,130万,14916元/平米,2015年
芙蓉名城A区,4室2厅1厨2卫,257.09㎡,xindou,中楼层 (共4层),南,260万,10114元/平米,2010年
保利紫荆花语,3室2厅1厨2卫,86.67㎡,xindou,高楼层 (共21层),东北,110万,12692元/平米,2014年
富力桃园A区,3室2厅1厨2卫,127.04㎡,xindou,中楼层 (共32层),南,135万,10627元/平米,2015年
开元国际,3室2厅1厨1卫,91.96㎡,xindou,高楼层 (共18层),西北,130.5万,14191元/平米,2012年
香樟林,3室2厅1厨2卫,140.3㎡,xindou,中楼层 (共6层),东南,143万,10193元/平米,2004年
润扬北城1号,3室2厅1厨1卫,102.05㎡,xindou,中楼层 (共33层),南,150万,14699元/平米,2013年
保利紫荆花语,3室2厅1厨2卫,106.49㎡,xindou,高楼层 (共33层),东南,140万,13147元/平米,2014年
开元国际,3室1厅1厨1卫,88.2㎡,xindou,高楼层 (共26层),南,138万,15647元/平米,2012年
五岳合福地广场,3室1厅1厨1卫,90.36㎡,xindou,中楼层 (共27层),南,125万,13834元/平米,2013年
博海城二期,3室2厅1厨1卫,89.78㎡,xindou,中楼层 (共27层),南,120万,13367元/平米,未知年建/
保利城二期,3室1厅1厨1卫,90.86㎡,xindou,中楼层 (共18层),东,129万,14198元/平米,2014年
香城名都,3室1厅1厨2卫,118㎡,xindou,低楼层 (共11层),南,150万,12712元/平米,未知年建/
博雅新城A区,2室2厅1厨1卫,89.16㎡,xindou,高楼层 (共27层),南,95万,10656元/平米,2013年
保利城二期,3室2厅1厨1卫,97.4㎡,xindou,低楼层 (共18层),北,130万,13348元/平米,2014年
保利城一期,3室2厅1厨1卫,97.73㎡,xindou,低楼层 (共18层),东,150万,15349元/平米,2014年
天晨花溪碧,3室2厅1厨2卫,113.18㎡,xindou,高楼层 (共18层),西南,115万,10161元/平米,2012年
润扬北城1号,3室2厅1厨2卫,133.57㎡,xindou,高楼层 (共6层),南,216万,16172元/平米,2013年
尚林花园,4室2厅1厨2卫,108㎡,xindou,低楼层 (共17层),东南,167万,15463元/平米,2012年
芙蓉名城三期,2室2厅1厨1卫,93㎡,xindou,地下室 (共18层),西南,53万,5699元/平米,2012年
旺府豪庭,3室1厅1厨2卫,93.85㎡,xindou,高楼层 (共18层),南,115万,12254元/平米,2012年
北新润苑二期,3室1厅1厨1卫,89.96㎡,xindou,低楼层 (共15层),东南,100万,11117元/平米,2012年
保利春天花语,4室2厅1厨2卫,105㎡,xindou,高楼层 (共33层),西,160万,15239元/平米,2015年
海伦国际一期,4室2厅1厨2卫,131.45㎡,xindou,高楼层 (共32层),东,180万,13694元/平米,未知年建
南街一巷18号,5室2厅1厨3卫,251㎡,xindou,中楼层 (共7层),南,130万,5180元/平米,未知年建
保利公园198百合郡,5室2厅1厨3卫,180.96㎡,xindou,高楼层 (共18层),西,240万,13263元/平米,2009年
新城花园,5室2厅1厨2卫,219.33㎡,xindou,高楼层 (共5层),东南,188万,8572元/平米,2003年
博雅新城C区,2室2厅1厨1卫,77.71㎡,xindou,低楼层 (共27层),东南,77万,9909元/平米,2013年
学府苑,1室1厅1厨1卫,59㎡,xindou,高楼层 (共16层),南,56万,9492元/平米,2016年
我的大学,1室1厅1厨1卫,34.59㎡,xindou,低楼层 (共27层),南,36万,10408元/平米,未知年建/
保利公园198海棠花语,3室2厅1厨2卫,107㎡,xindou,中楼层 (共15层),东,145万,13552元/平米,2014年
传化国际新城,2室0厅0厨1卫,52㎡,xindou,高楼层 (共25层),北,25万,4808元/平米,未知年建/
尚林花园,4室2厅1厨2卫,107.39㎡,xindou,高楼层 (共17层),北,130万,12106元/平米,2012年
新城花园,2室2厅1厨1卫,95.25㎡,xindou,高楼层 (共19层),南,95万,9974元/平米,2003年
保利春天花语,4室2厅1厨2卫,112㎡,xindou,低楼层 (共33层),西,160万,14286元/平米,2015年
锦绣香城,2室1厅1厨1卫,87.76㎡,xindou,中楼层 (共26层),南 西南,93万,10598元/平米,2011年
保利城二期,2室2厅1厨1卫,68.78㎡,xindou,中楼层 (共18层),西,96万,13958元/平米,2014年
北新国际广场,3室2厅1厨1卫,87.69㎡,xindou,高楼层 (共33层),南,110万,12545元/平米,2016年
三合嘉苑,2室2厅1厨1卫,99.98㎡,xindou,高楼层 (共6层),南,78.8万,7882元/平米,未知年建/
佳乐国际城二期,2室2厅1厨1卫,82.43㎡,xindou,低楼层 (共32层),东北,108万,13103元/平米,2012年
新神风金牛座,3室2厅1厨1卫,84.48㎡,xindou,高楼层 (共21层),南 西,120万,14205元/平米,2015年
缤纷新天地,2室1厅1厨1卫,79.79㎡,xindou,高楼层 (共31层),南,61万,7646元/平米,2013年
汇融悉尼湾库吉岛一期,2室1厅1厨1卫,56.54㎡,xindou,地下室 (共0层),南,19万,3361元/平米,未知年建
万科五龙山九墅,3室3厅1厨3卫,312.33㎡,xindou,低楼层 (共9层),西南,650万,20812元/平米,2013年
合景格林春天,3室2厅1厨2卫,120.7㎡,xindou,高楼层 (共6层),南,95万,7871元/平米,2007年
保利公园198丁香郡,4室2厅1厨3卫,107.95㎡,xindou,低楼层 (共18层),东南,390万,36128元/平米,2012年
北新国际广场,4室2厅1厨2卫,113㎡,xindou,高楼层 (共33层),东南,142万,12567元/平米,2016年
天府江南A区,3室2厅1厨2卫,128㎡,xindou,低楼层 (共6层),东南,155万,12110元/平米,未知年建/
缤纷时代广场,1室0厅0厨1卫,23.29㎡,xindou,高楼层 (共25层),东南,13万,5582元/平米,2012年
缤纷时代广场,1室0厅0厨1卫,13.41㎡,xindou,高楼层 (共25层),东,13万,9695元/平米,2012年
缤纷时代广场,1室1厅1厨1卫,23.96㎡,xindou,中楼层 (共15层),南,20万,8348元/平米,2012年
东骏湖景湾一期,5室2厅1厨3卫,303.11㎡,xindou,高楼层 (共6层),西北,370万,12207元/平米,2010年
保利郁金香谷,4室2厅1厨4卫,320.93㎡,xindou,低楼层 (共6层),南 西南,480万,14957元/平米,2010年
旭光小区,2室1厅1厨1卫,64.62㎡,xindou,中楼层 (共7层),北,42万,6500元/平米,2000年
英伦世家,3室2厅1厨2卫,125.74㎡,xindou,高楼层 (共11层),东南,125万,9942元/平米,2007年
芙蓉名城三期,3室2厅1厨1卫,102.04㎡,xindou,地下室 (共18层),南 北,55万,5391元/平米,2012年
芙蓉名城A区,3室1厅1厨1卫,86.49㎡,xindou,低楼层 (共11层),东南,100万,11563元/平米,2010年
缤纷新天地,2室1厅1厨1卫,45.6㎡,xindou,高楼层 (共31层),东南,29万,6360元/平米,2013年
润扬北城1号,2室1厅1厨1卫,90.56㎡,xindou,高楼层 (共18层),东,150万,16564元/平米,2013年
水沐环岛,1室1厅1厨1卫,50.23㎡,xindou,中楼层 (共18层),东南,51万,10154元/平米,2013年
保利郁金香谷,4室2厅1厨5卫,235㎡,xindou,低楼层 (共5层),东,320万,13618元/平米,2010年
天晨花溪碧,2室2厅1厨1卫,87㎡,xindou,高楼层 (共18层),南,80万,9196元/平米,2012年
保利公园198百合郡,4室2厅1厨2卫,138.1㎡,xindou,中楼层 (共26层),南,165万,11948元/平米,2009年
天府香城,2室2厅1厨1卫,88.5㎡,xindou,低楼层 (共6层),南,81万,9153元/平米,未知年建/
天府香城,2室2厅1厨1卫,88.5㎡,xindou,低楼层 (共6层),南,81万,9153元/平米,未知年建/
爵领欧城,3室2厅1厨2卫,97.29㎡,xindou,高楼层 (共18层),东北,120万,12335元/平米,2014年
保利公园198丁香郡,2室2厅1厨1卫,87.24㎡,xindou,低楼层 (共18层),西南,122万,13985元/平米,2012年
佳乐国际城二期,3室2厅1厨1卫,117.22㎡,xindou,高楼层 (共32层),北,140万,11944元/平米,2012年
川音嘉苑,4室2厅1厨2卫,149㎡,xindou,高楼层 (共11层),南 北,150万,10068元/平米,2010年
英伦世家,3室2厅1厨2卫,138.4㎡,xindou,低楼层 (共18层),西南,130万,9394元/平米,2007年
蓉都大道北一段99号,3室2厅1厨1卫,89.35㎡,xindou,高楼层 (共6层),南,53万,5932元/平米,未知年建/
保利城三期,3室2厅1厨2卫,100.33㎡,xindou,低楼层 (共18层),北,158万,15749元/平米,未知年建/
富力桃园A区,3室1厅1厨2卫,129.17㎡,xindou,高楼层 (共32层),西南,130万,10065元/平米,2015年
川音嘉苑,3室2厅1厨2卫,125.75㎡,xindou,低楼层 (共17层),南,130万,10338元/平米,2010年
缤纷新天地,2室2厅1厨1卫,56.21㎡,xindou,中楼层 (共31层),南,33万,5871元/平米,2013年
成博小区,1室1厅1厨1卫,64.38㎡,xindou,低楼层 (共18层),西,56万,8699元/平米,2010年
桂湖名都,1室0厅1厨1卫,32.25㎡,xindou,低楼层 (共19层),东,28万,8683元/平米,未知年建
源上湾国际社区·千叶郡,3室2厅1厨2卫,109.52㎡,xindou,低楼层 (共26层),东南,120万,10957元/平米,未知年建
万科五龙山公园,5室2厅1厨5卫,342.62㎡,xindou,低楼层 (共3层),南,500万,14594元/平米,2012年
万科五龙山公园,5室3厅1厨7卫,461.7㎡,xindou,低楼层 (共3层),南,800万,17328元/平米,2012年
英伦世家,2室1厅1厨1卫,61.88㎡,xindou,高楼层 (共18层),东南,61万,9858元/平米,未知年建/
新城花园,4室2厅1厨2卫,226.5㎡,xindou,中楼层 (共11层),东北,180万,7948元/平米,2003年
保利公园198蝴蝶谷东区,4室3厅1厨4卫,346㎡,xindou,低楼层 (共1层),南,450万,13006元/平米,2009年
博雅丽景,2室2厅1厨1卫,82.51㎡,xindou,高楼层 (共6层),东南,74万,8969元/平米,未知年建/
保利城一期,2室2厅1厨1卫,72㎡,xindou,低楼层 (共19层),北,102万,14167元/平米,2014年
北欧知识城二期,2室2厅1厨1卫,75.15㎡,xindou,中楼层 (共31层),南,85万,11311元/平米,未知年建/
保利公园198百合郡,4室2厅1厨3卫,186.21㎡,xindou,低楼层 (共11层),北,230万,12352元/平米,2009年
博雅新城C区,2室2厅1厨1卫,88.95㎡,xindou,高楼层 (共27层),东南,88万,9894元/平米,2013年
润扬北城1号,3室2厅1厨2卫,103.4㎡,xindou,高楼层 (共33层),南,135万,13057元/平米,2013年
汉嘉国际,3室2厅1厨2卫,129.21㎡,xindou,低楼层 (共33层),北,180万,13931元/平米,2018年
我的大学,3室2厅1厨2卫,102.34㎡,xindou,高楼层 (共27层),南,103万,10065元/平米,未知年建/
北新润苑一期,4室2厅1厨2卫,134㎡,xindou,高楼层 (共18层),南,155万,11568元/平米,2012年
保利公园198玫瑰郡,4室2厅1厨3卫,183.12㎡,xindou,中楼层 (共11层),东南,240万,13107元/平米,2010年
保利公园198丁香郡,3室2厅1厨2卫,109.59㎡,xindou,低楼层 (共18层),东北,145万,13232元/平米,2012年
保利城二期,3室2厅1厨1卫,90.99㎡,xindou,低楼层 (共14层),南,128万,14068元/平米,2014年
缤纷新天地,2室2厅1厨1卫,56.72㎡,xindou,中楼层 (共31层),西北,35万,6171元/平米,2013年
锦绣香城,3室2厅1厨2卫,128㎡,xindou,高楼层 (共26层),东南,130万,10157元/平米,2011年
邑品天都,2室1厅1厨1卫,65.66㎡,xindou,低楼层 (共22层),东,78万,11880元/平米,2012年
汇融悉尼湾达令港,2室2厅1厨1卫,67.67㎡,xindou,低楼层 (共28层),南,110万,16256元/平米,2013年
北新润苑二期,4室2厅1厨2卫,124.59㎡,xindou,中楼层 (共18层),南,162万,13003元/平米,2012年
保利城一期,2室2厅1厨1卫,73.01㎡,xindou,低楼层 (共18层),南,109.5万,14998元/平米,2014年
融创凯旋公馆,2室1厅1厨1卫,55.09㎡,xindou,低楼层 (共34层),北,69万,12525元/平米,2016年
北欧印象,3室2厅1厨2卫,106㎡,xindou,低楼层 (共33层),南,150万,14151元/平米,2014年
北新润苑一期,4室2厅1厨2卫,134㎡,xindou,高楼层 (共18层),南,155万,11568元/平米,2012年
翰香府,3室2厅1厨2卫,127㎡,xindou,中楼层 (共6层),南,130万,10237元/平米,未知年建/
橄榄郡,1室0厅1厨1卫,39.66㎡,xindou,中楼层 (共23层),西南,32.8万,8271元/平米,2008年
红湖公园城,4室2厅1厨1卫,108.51㎡,xindou,低楼层 (共26层),西,103万,9493元/平米,2013年
汉嘉国际,3室2厅1厨2卫,112.32㎡,xindou,高楼层 (共6层),南 北,135万,12020元/平米,2018年
旺府豪庭,1室0厅1厨1卫,33.59㎡,xindou,中楼层 (共18层),南,34万,10123元/平米,2012年
保利公园198丁香郡,4室2厅1厨2卫,143㎡,xindou,中楼层 (共26层),南,172万,12028元/平米,2012年
万科双水岸,3室2厅1厨2卫,110㎡,xindou,中楼层 (共6层),西南,150万,13637元/平米,2007年
佳乐国际城二期,4室2厅1厨2卫,99.53㎡,xindou,低楼层 (共32层),东北,130万,13062元/平米,2012年
上锦康城B期,3室2厅1厨1卫,90.56㎡,xindou,低楼层 (共17层),南,90万,9939元/平米,2012年
保利城二期,3室2厅1厨1卫,91.74㎡,xindou,中楼层 (共18层),西,135万,14716元/平米,2014年
保利紫荆花语,3室2厅1厨2卫,88㎡,xindou,低楼层 (共33层),西北,120万,13637元/平米,2014年
万科双水岸,4室3厅1厨3卫,216.16㎡,xindou,低楼层 (共3层),东南,350万,16192元/平米,2007年
水沐环岛,4室2厅1厨3卫,247.34㎡,xindou,中楼层 (共4层),东南,330万,13342元/平米,2013年
橄榄郡,3室2厅1厨2卫,143.43㎡,xindou,高楼层 (共27层),西,175万,12202元/平米,2008年
万科五龙山九墅,4室2厅1厨4卫,266.3㎡,xindou,低楼层 (共6层),南,290万,10890元/平米,2013年
佳乐国际城一期,4室2厅1厨3卫,215.49㎡,xindou,低楼层 (共7层),南,320万,14850元/平米,2012年
保利公园198百合郡,4室2厅1厨2卫,133.02㎡,xindou,高楼层 (共18层),东 东南,160万,12029元/平米,2009年
保利郁金香谷,4室2厅1厨5卫,235㎡,xindou,低楼层 (共5层),东,320万,13618元/平米,未知年建
保利城二期,3室2厅1厨1卫,90.98㎡,xindou,低楼层 (共18层),东南,175万,19235元/平米,2014年
芙蓉名城A区,3室2厅1厨2卫,138.8㎡,xindou,高楼层 (共6层),南,138万,9943元/平米,2010年
状元府邸,3室2厅1厨2卫,138.55㎡,xindou,高楼层 (共6层),东,116万,8373元/平米,2005年
润扬北城1号,3室2厅1厨1卫,88.41㎡,xindou,中楼层 (共33层),北,130万,14705元/平米,2013年
保利城二期,3室2厅1厨1卫,91.73㎡,xindou,中楼层 (共18层),西南,136万,14827元/平米,2014年
万科双水岸,3室2厅1厨2卫,143.17㎡,xindou,中楼层 (共11层),东南,172万,12014元/平米,2007年
香樟林,3室2厅1厨2卫,136㎡,xindou,高楼层 (共6层),东,126万,9265元/平米,2004年
常青藤三期,2室2厅1厨1卫,75.04㎡,xindou,低楼层 (共26层),东,96万,12794元/平米,2014年
保利公园198蔷薇郡,3室2厅1厨2卫,112㎡,xindou,低楼层 (共27层),西南,170万,15179元/平米,2012年
桂景花城,8室2厅1厨1卫,172㎡,xindou,低楼层 (共18层),南,120万,6977元/平米,未知年建
润扬北城1号,2室2厅1厨1卫,86.2㎡,xindou,低楼层 (共18层),东南,130万,15082元/平米,2013年
万科五龙山九墅,2室2厅1厨1卫,95.44㎡,xindou,高楼层 (共21层),南,150万,15717元/平米,2013年
海伦国际一期,2室2厅1厨1卫,78㎡,xindou,中楼层 (共32层),东南,105万,13462元/平米,未知年建
传化国际新城,1室1厅1厨1卫,61.03㎡,xindou,中楼层 (共25层),西南,33.5万,5490元/平米,未知年建/
传化国际新城,1室1厅1厨1卫,52㎡,xindou,中楼层 (共25层),西南,28.6万,5500元/平米,未知年建/
润禾花园,3室2厅1厨2卫,121.56㎡,xindou,中楼层 (共24层),南,165万,13574元/平米,2013年
博雅新城B区,4室2厅1厨2卫,151㎡,xindou,中楼层 (共5层),东南,178万,11789元/平米,2012年
旭光小区,3室2厅1厨2卫,140.12㎡,xindou,高楼层 (共7层),东,79万,5639元/平米,2000年
缤纷新天地,1室0厅0厨1卫,30.93㎡,xindou,中楼层 (共31层),东,22万,7113元/平米,2013年
佳乐国际城二期,3室2厅1厨2卫,129.23㎡,xindou,高楼层 (共8层),东南,205万,15864元/平米,2012年
水沐环岛,4室2厅1厨3卫,248㎡,xindou,中楼层 (共4层),南,320万,12904元/平米,2013年
缤纷时代广场,1室1厅1厨1卫,26.55㎡,xindou,高楼层 (共15层),东,20万,7533元/平米,2012年
缤纷新天地,1室0厅0厨1卫,31.08㎡,xindou,中楼层 (共31层),南,22万,7079元/平米,2013年
缤纷时代广场,1室0厅0厨1卫,30.04㎡,xindou,中楼层 (共25层),东,17.5万,5826元/平米,2012年
保利郁金香谷,4室2厅1厨3卫,241.7㎡,xindou,低楼层 (共5层),南,300万,12413元/平米,2010年
万科五龙山公园,5室3厅1厨4卫,340.28㎡,xindou,低楼层 (共2层),南,550万,16164元/平米,2012年
缤纷新天地,1室1厅1厨1卫,45.4㎡,xindou,低楼层 (共31层),东,29万,6388元/平米,2013年
保利公园198蝴蝶谷东区,4室2厅1厨4卫,360.46㎡,xindou,低楼层 (共1层),东南,425万,11791元/平米,2009年
汇融悉尼湾库吉岛一期,4室2厅1厨4卫,28.9㎡,xindou,地下室 (共0层),东,13万,4499元/平米,未知年建
缤纷时代广场,1室1厅1厨1卫,36.52㎡,xindou,低楼层 (共15层),南,40万,10953元/平米,2012年
我的大学,2室2厅1厨1卫,82.46㎡,xindou,中楼层 (共27层),南,90万,10915元/平米,未知年建/
红湖公园城,1室1厅1厨1卫,50.67㎡,xindou,中楼层 (共26层),东,52万,10263元/平米,2013年
叠香庄园,3室2厅1厨2卫,102.18㎡,xindou,中楼层 (共6层),南,122万,11940元/平米,2012年
水沐环岛,2室2厅1厨1卫,102.8㎡,xindou,低楼层 (共12层),南,113万,10993元/平米,2013年
红湖公园城,1室1厅1厨1卫,50.67㎡,xindou,中楼层 (共26层),东,52万,10263元/平米,2013年
原野庄园,3室2厅1厨1卫,99.72㎡,xindou,中楼层 (共6层),西南,82万,8224元/平米,未知年建/
缤纷时代广场,1室0厅0厨1卫,44.25㎡,xindou,中楼层 (共15层),北,38万,8588元/平米,2012年
缤纷时代广场,1室1厅1厨1卫,30.04㎡,xindou,高楼层 (共25层),东南,30万,9987元/平米,2012年
保利郁金香谷,5室2厅1厨5卫,294.48㎡,xindou,中楼层 (共5层),东南,400万,13584元/平米,2010年
保利郁金香谷,4室2厅1厨4卫,294.35㎡,xindou,中楼层 (共5层),南,450万,15288元/平米,未知年建
缤纷时代广场,1室0厅0厨1卫,28.18㎡,xindou,中楼层 (共25层),南,20万,7098元/平米,2012年
博雅新城B区,3室2厅1厨2卫,126.85㎡,xindou,中楼层 (共5层),南,135万,10643元/平米,2012年
缤纷新天地,1室0厅0厨1卫,31.01㎡,xindou,低楼层 (共31层),东南,18万,5805元/平米,2013年
汇融悉尼湾库吉岛一期,1室0厅0厨1卫,20.1㎡,xindou,地下室 (共0层),东,11.8万,5871元/平米,未知年建
北新润苑一期,3室2厅1厨1卫,88.65㎡,xindou,中楼层 (共11层),南,120万,13537元/平米,2012年
佳乐国际城二期,4室2厅1厨3卫,318㎡,xindou,低楼层 (共8层),东南,260万,8177元/平米,2012年
万科五龙山公园,5室2厅1厨3卫,340.28㎡,xindou,低楼层 (共2层),南,500万,14694元/平米,2012年
缤纷新天地,2室1厅1厨1卫,56.56㎡,xindou,中楼层 (共31层),北,40万,7073元/平米,2013年
万千城,1室1厅1厨1卫,51.56㎡,xindou,中楼层 (共32层),东,60万,11637元/平米,2013年
御城,2室1厅1厨2卫,69.93㎡,xindou,高楼层 (共26层),东,65万,9296元/平米,2009年
润扬双河鹭岛,3室2厅1厨2卫,106.48㎡,xindou,中楼层 (共6层),东南,120万,11270元/平米,2012年
旺府豪庭,3室2厅1厨3卫,103.08㎡,xindou,低楼层 (共18层),东北,135万,13097元/平米,2012年
保利公园198百合郡,4室2厅1厨3卫,180㎡,xindou,低楼层 (共11层),西南 北,200万,11112元/平米,2009年
北欧知识城二期,3室2厅1厨2卫,139㎡,xindou,中楼层 (共6层),南,156万,11224元/平米,未知年建/
交大香洲半岛南庭,4室2厅1厨3卫,273.02㎡,xindou,低楼层 (共4层),南 北,255万,9340元/平米,2009年
汇融悉尼湾库吉岛一期,4室2厅1厨3卫,28.9㎡,xindou,地下室 (共0层),东南,15万,5191元/平米,未知年建
保利公园198翡翠谷,4室2厅1厨4卫,367㎡,xindou,低楼层 (共1层),南,500万,13624元/平米,2013年
润扬双河鹭岛,4室3厅1厨5卫,283.69㎡,xindou,低楼层 (共2层),南,360万,12690元/平米,2012年
保利公园198蝴蝶谷西区,4室3厅1厨4卫,517㎡,xindou,低楼层 (共3层),南,1200万,23211元/平米,2009年
保利公园198蝴蝶谷西区,4室2厅1厨4卫,350㎡,xindou,低楼层 (共1层),东南,450万,12858元/平米,2009年
红湖公园城,3室2厅1厨2卫,110.31㎡,xindou,中楼层 (共26层),东,110万,9972元/平米,2013年
缤纷新天地,1室0厅0厨1卫,31.01㎡,xindou,高楼层 (共31层),东南,19万,6128元/平米,2013年
保利公园198玫瑰郡,4室2厅1厨2卫,134.43㎡,xindou,高楼层 (共24层),东南,182万,13539元/平米,2010年
红湖公园城,3室2厅1厨2卫,110.31㎡,xindou,中楼层 (共26层),东,110万,9972元/平米,2013年
保利拉斐庄园,4室2厅1厨4卫,536㎡,xindou,低楼层 (共3层),东北,950万,17724元/平米,2016年
汇融悉尼湾库吉岛一期,2室2厅1厨2卫,94.92㎡,xindou,低楼层 (共26层),东 南,112万,11800元/平米,2008年
博雅新城C区,3室2厅1厨1卫,105.4㎡,xindou,中楼层 (共27层),南,139万,13188元/平米,2013年
红湖公园城,3室2厅1厨1卫,89.54㎡,xindou,高楼层 (共26层),东南,98万,10945元/平米,2013年
缤纷时代广场,1室0厅0厨1卫,36.52㎡,xindou,中楼层 (共15层),西,27万,7394元/平米,2012年
汇融悉尼湾达令港,3室2厅1厨2卫,98.15㎡,xindou,高楼层 (共29层),东,116万,11819元/平米,2013年
嘉美华凯,2室2厅1厨1卫,82.63㎡,xindou,中楼层 (共17层),东南,120万,14523元/平米,2011年
橄榄郡,3室2厅1厨2卫,111.52㎡,xindou,中楼层 (共6层),东北,133.8万,11998元/平米,2008年
交大壹佰棟,5室3厅1厨3卫,203.28㎡,xindou,低楼层 (共3层),南,400万,19678元/平米,2012年
万科五龙山公园,5室3厅1厨5卫,343.76㎡,xindou,低楼层 (共3层),西南,420万,12218元/平米,2012年
橄榄郡,4室2厅1厨2卫,229.11㎡,xindou,低楼层 (共4层),南,230万,10039元/平米,2008年
东骏湖景湾一期,5室3厅1厨4卫,418㎡,xindou,低楼层 (共6层),南,580万,13876元/平米,2010年
南河湾,4室2厅1厨3卫,281.35㎡,xindou,低楼层 (共2层),西南,270万,9597元/平米,未知年建
保利拉斐庄园,4室3厅1厨5卫,429.89㎡,xindou,低楼层 (共3层),南,1500万,34893元/平米,未知年建/
润扬双河鹭岛,3室2厅1厨2卫,189㎡,xindou,低楼层 (共4层),东南,300万,15874元/平米,2012年
缤纷新天地,1室0厅0厨1卫,30.91㎡,xindou,高楼层 (共31层),南 北,19万,6147元/平米,2013年
万科五龙山公园,5室3厅1厨7卫,478.8㎡,xindou,低楼层 (共3层),南 北,1000万,20886元/平米,2012年
保利公园198蝴蝶谷东区,4室2厅1厨4卫,503.56㎡,xindou,低楼层 (共3层),东南,900万,17873元/平米,2009年
保利公园198丁香郡,4室2厅1厨2卫,122.95㎡,xindou,低楼层 (共18层),东南,168万,13665元/平米,2012年
保利公园198丁香郡,4室2厅1厨2卫,173.45㎡,xindou,低楼层 (共18层),西南,200万,11531元/平米,2012年
融创凯旋公馆,3室2厅1厨2卫,78㎡,xindou,高楼层 (共34层),东南,113万,14488元/平米,2016年
万科五龙山九墅,4室2厅1厨4卫,196.89㎡,xindou,高楼层 (共24层),西南,300万,15237元/平米,2013年
思学园博仕楼,1室1厅1厨1卫,30.72㎡,xindou,低楼层 (共18层),东南,22万,7162元/平米,未知年建
北欧知识城二期,2室2厅1厨1卫,75.42㎡,xindou,低楼层 (共34层),东,78万,10343元/平米,2012年
保利郁金香谷,4室3厅1厨3卫,239.52㎡,xindou,低楼层 (共6层),西南,390万,16283元/平米,未知年建
万科五龙山公园,4室2厅1厨4卫,338.93㎡,xindou,低楼层 (共2层),南,600万,17703元/平米,2012年
保利拉斐庄园,5室2厅1厨7卫,536.33㎡,xindou,低楼层 (共3层),东北,1500万,27968元/平米,2016年
缤纷时代广场,1室0厅0厨1卫,29.12㎡,xindou,高楼层 (共25层),东南,16.8万,5770元/平米,2012年
保利公园198玫瑰郡,4室2厅1厨3卫,379.31㎡,xindou,低楼层 (共24层),东南,368万,9702元/平米,2010年
水沐环岛,5室3厅1厨4卫,317.6㎡,xindou,低楼层 (共4层),南,420万,13225元/平米,2013年
保利公园198蔷薇郡,3室1厅1厨2卫,106.04㎡,xindou,中楼层 (共27层),东南,143万,13486元/平米,2012年
保利公园198蝴蝶谷西区,4室3厅1厨4卫,461.25㎡,xindou,低楼层 (共3层),西北,780万,16911元/平米,2009年
万科五龙山公园,5室3厅1厨6卫,479.99㎡,xindou,低楼层 (共2层),西南,780万,16251元/平米,2012年
保利公园198蝴蝶谷东区,4室2厅1厨4卫,346.08㎡,xindou,低楼层 (共3层),东南,480万,13870元/平米,2009年
保利公园198蝴蝶谷西区,4室2厅1厨4卫,368㎡,xindou,低楼层 (共1层),东南,455万,12365元/平米,2009年
保利郁金香谷,4室2厅1厨5卫,235㎡,xindou,低楼层 (共5层),东,500万,21277元/平米,2010年
东骏湖景湾三期,2室2厅1厨2卫,118.04㎡,xindou,低楼层 (共18层),西北,160万,13555元/平米,2010年
保利拉斐公馆,4室2厅1厨1卫,135㎡,xindou,高楼层 (共31层),南,155万,11482元/平米,未知年建/
保利公园198蝴蝶谷东区,4室2厅1厨4卫,370.71㎡,xindou,低楼层 (共3层),南,580万,15646元/平米,2009年
北欧知识城一期,3室2厅1厨4卫,184.72㎡,xindou,高楼层 (共6层),南,225万,12181元/平米,未知年建/
保利公园198翡翠谷,4室2厅1厨4卫,351㎡,xindou,低楼层 (共1层),东南,380万,10827元/平米,2013年
保利公园198蝴蝶谷东区,4室2厅1厨4卫,346.13㎡,xindou,低楼层 (共3层),西南,600万,17335元/平米,2009年
保利郁金香谷,5室3厅1厨3卫,374㎡,xindou,中楼层 (共5层),东南,600万,16043元/平米,2010年
佳乐国际城一期,4室2厅1厨3卫,215㎡,xindou,低楼层 (共6层),北,320万,14884元/平米,2012年
万科五龙山九墅,4室2厅1厨3卫,275.24㎡,xindou,低楼层 (共9层),南,800万,29066元/平米,2013年
旺府豪庭,2室2厅1厨1卫,77.39㎡,xindou,高楼层 (共18层),西北,77万,9950元/平米,2012年
保利公园198蝴蝶谷东区,5室3厅1厨4卫,360㎡,xindou,低楼层 (共3层),南,430万,11945元/平米,2009年
万科五龙山公园,5室2厅1厨4卫,345㎡,xindou,低楼层 (共3层),南,900万,26087元/平米,2012年
堤亚纳河谷,5室3厅1厨4卫,216㎡,xindou,低楼层 (共3层),南,450万,20834元/平米,未知年建
汇融悉尼湾库吉岛一期,5室3厅1厨4卫,28.9㎡,xindou,地下室 (共0层),北,15万,5191元/平米,未知年建
北新国际广场,3室1厅1厨2卫,102.25㎡,xindou,高楼层 (共33层),北,120万,11736元/平米,2016年
缤纷时代广场,1室1厅1厨1卫,36.52㎡,xindou,中楼层 (共15层),东南,38.6万,10570元/平米,2012年
旺府豪庭,1室0厅1厨1卫,34㎡,xindou,高楼层 (共18层),东,34万,10000元/平米,2012年
保利郁金香谷,4室3厅1厨3卫,295.26㎡,xindou,中楼层 (共5层),东南,400万,13548元/平米,2010年
保利公园198百合郡,3室2厅1厨2卫,144.43㎡,xindou,低楼层 (共11层),西南,175万,12117元/平米,2009年
新丰嘉苑,2室2厅1厨1卫,89.76㎡,xindou,中楼层 (共11层),南,105万,11698元/平米,2013年
缤纷时代广场,1室0厅0厨1卫,30.42㎡,xindou,高楼层 (共25层),东南,23万,7561元/平米,2012年
博雅新城A区,2室2厅1厨1卫,88.53㎡,xindou,高楼层 (共27层),西南,106万,11974元/平米,2013年
嘉美华凯,2室2厅1厨1卫,89.09㎡,xindou,低楼层 (共17层),南,120万,13470元/平米,2011年
汉嘉国际,2室2厅1厨1卫,41.27㎡,xindou,地下室 (共1层),东,14.5万,3514元/平米,未知年建
汉嘉国际,2室2厅1厨1卫,56.07㎡,xindou,地下室 (共1层),东,24万,4281元/平米,未知年建
佳乐国际城一期,3室2厅1厨1卫,99.97㎡,xindou,高楼层 (共18层),南,123.8万,12384元/平米,2012年
水沐环岛,3室2厅1厨2卫,133.38㎡,xindou,中楼层 (共12层),南,165万,12371元/平米,2013年
汇融悉尼湾达令港,3室2厅1厨2卫,27.83㎡,xindou,地下室 (共0层),南,8.5万,3055元/平米,未知年建
汇融悉尼湾达令港,3室2厅1厨2卫,23.15㎡,xindou,地下室 (共0层),东,7.5万,3240元/平米,未知年建
香域中央,3室2厅1厨1卫,108.14㎡,xindou,低楼层 (共26层),南,103万,9525元/平米,未知年建/
新神风金牛座,3室2厅1厨1卫,82.61㎡,xindou,中楼层 (共21层),东南,100万,12106元/平米,2015年
博海城二期,5室3厅2厨3卫,106㎡,xindou,高楼层 (共27层),西南,170万,16038元/平米,未知年建/
北欧知识城二期,2室2厅1厨1卫,99.39㎡,xindou,低楼层 (共34层),东南,115万,11571元/平米,2013年
汇融生活广场,3室2厅1厨1卫,90.3㎡,xindou,高楼层 (共33层),南,120万,13290元/平米,未知年建/
保利公园198玫瑰郡,2室2厅1厨1卫,88.65㎡,xindou,中楼层 (共18层),东南,120万,13537元/平米,2010年
保利公园198蔷薇郡,3室2厅1厨2卫,115.12㎡,xindou,低楼层 (共27层),西南,155万,13465元/平米,2012年
维也纳花园一期,2室2厅1厨2卫,125.91㎡,xindou,高楼层 (共6层),南,76万,6037元/平米,2009年
中铁十三局住宅小区,3室1厅1厨2卫,110.64㎡,xindou,中楼层 (共6层),南,95万,8587元/平米,2003年
丰和日丽,2室1厅1厨1卫,60.62㎡,xindou,低楼层 (共12层),西南,78万,12868元/平米,未知年建/
南宁小区,4室1厅1厨2卫,184㎡,xindou,中楼层 (共5层),东,98万,5327元/平米,未知年建/
保利城三期,3室2厅1厨2卫,116㎡,xindou,中楼层 (共18层),南 北,185万,15949元/平米,未知年建/
保利城二期,3室2厅1厨1卫,91.15㎡,xindou,高楼层 (共15层),南,130万,14263元/平米,2014年
香樟林,3室2厅1厨2卫,133.47㎡,xindou,中楼层 (共6层),南,117万,8767元/平米,2004年
学府雅筑,1室0厅1厨1卫,38.5㎡,xindou,低楼层 (共24层),西,26万,6754元/平米,未知年建/
麦田国际社区,2室2厅1厨1卫,63.55㎡,xindou,低楼层 (共26层),南,82万,12904元/平米,2016年
学邻名苑,1室1厅1厨1卫,47.77㎡,xindou,高楼层 (共6层),东南,35万,7327元/平米,未知年建
北欧印象,2室2厅1厨1卫,81㎡,xindou,中楼层 (共32层),东南,110万,13581元/平米,2014年
润禾花园,3室1厅1厨1卫,89.02㎡,xindou,中楼层 (共22层),南,125万,14042元/平米,2013年
圣采泊尚,2室2厅1厨1卫,66.32㎡,xindou,高楼层 (共30层),东,95万,14325元/平米,未知年建/
汇融悉尼湾库吉岛二期,2室2厅1厨2卫,90.58㎡,xindou,低楼层 (共26层),西,118万,13028元/平米,2008年
丰和日丽,2室2厅1厨1卫,85.76㎡,xindou,中楼层 (共6层),南,90万,10495元/平米,2005年
北欧印象,2室2厅1厨2卫,89㎡,xindou,低楼层 (共32层),西北,110万,12360元/平米,2014年
美林国际社区,2室2厅1厨1卫,71.66㎡,xindou,高楼层 (共33层),西南,58万,8094元/平米,2016年
水沐环岛,4室2厅1厨3卫,236.68㎡,xindou,低楼层 (共4层),南 北,420万,17746元/平米,2013年
汇融悉尼湾库吉岛二期,2室1厅1厨2卫,93.78㎡,xindou,中楼层 (共26层),南,106万,11304元/平米,2008年
汇融悉尼湾库吉岛一期,2室1厅1厨1卫,76.18㎡,xindou,中楼层 (共26层),北,98万,12865元/平米,2008年
英伦世家,4室2厅1厨2卫,180㎡,xindou,中楼层 (共11层),东南,186万,10334元/平米,2007年
万科双水岸,3室2厅1厨2卫,128.09㎡,xindou,中楼层 (共6层),东南,150万,11711元/平米,2007年
润扬北城1号,2室2厅1厨1卫,89.15㎡,xindou,低楼层 (共33层),西,125万,14022元/平米,2013年
海伦国际一期,4室2厅1厨3卫,174.8㎡,xindou,中楼层 (共4层),东南,230万,13158元/平米,未知年建
丽水金都,3室2厅1厨2卫,140.34㎡,xindou,低楼层 (共18层),南,138万,9834元/平米,未知年建/
汇融悉尼湾库吉岛二期,4室2厅1厨3卫,180.57㎡,xindou,低楼层 (共31层),东南,240万,13292元/平米,2008年
保利公园198蝴蝶谷西区,4室2厅1厨4卫,348.01㎡,xindou,低楼层 (共1层),南,480万,13793元/平米,2009年
桂湖名都,1室1厅1厨1卫,47.47㎡,xindou,低楼层 (共19层),东,35万,7374元/平米,未知年建
汇融悉尼湾库吉岛一期,1室1厅1厨1卫,34.63㎡,xindou,地下室 (共0层),东,14万,4043元/平米,未知年建
橄榄郡,1室1厅1厨1卫,36.39㎡,xindou,地下室 (共1层),东,5.8万,1594元/平米,未知年建
北延风景,1室1厅1厨1卫,20㎡,xindou,地下室 (共1层),东,8万,4000元/平米,未知年建
万科五龙山公园,7室3厅1厨7卫,595.7㎡,xindou,低楼层 (共2层),南,1800万,30217元/平米,2012年
保利城一期,3室2厅1厨1卫,95.51㎡,xindou,中楼层 (共18层),北,118万,12355元/平米,2014年
保利春天花语,3室2厅1厨1卫,64.94㎡,xindou,低楼层 (共29层),西,95万,14629元/平米,2015年
缤纷翠微湖,2室2厅1厨1卫,72.81㎡,xindou,中楼层 (共29层),东北,85万,11675元/平米,2014年
万科五龙山九墅,3室2厅1厨2卫,146㎡,xindou,低楼层 (共6层),西南,260万,17809元/平米,2013年
保利紫荆花语,3室1厅1厨1卫,77.64㎡,xindou,低楼层 (共33层),北,115万,14812元/平米,2014年
五岳合福地广场,3室1厅1厨1卫,34.06㎡,xindou,地下室 (共1层),南,12万,3524元/平米,未知年建
五岳合福地广场,3室1厅1厨1卫,26.78㎡,xindou,地下室 (共1层),东,10万,3735元/平米,未知年建
保利公园198百合郡,3室1厅1厨1卫,35.34㎡,xindou,地下室 (共0层),东,13万,3679元/平米,未知年建
保利公园198百合郡,3室1厅1厨1卫,35.34㎡,xindou,地下室 (共0层),东,12万,3396元/平米,未知年建
保利公园198玫瑰郡,4室2厅1厨2卫,136.34㎡,xindou,低楼层 (共24层),南,175万,12836元/平米,2010年
人民的公园,2室2厅1厨1卫,75.49㎡,xindou,高楼层 (共18层),东南,82万,10863元/平米,未知年建/
保利城三期,3室2厅1厨1卫,86.09㎡,xindou,高楼层 (共18层),西,110万,12778元/平米,2015年
保利紫荆花语,3室2厅1厨2卫,88.41㎡,xindou,低楼层 (共33层),东南,120万,13574元/平米,2014年
保利公园198玫瑰郡,3室2厅1厨2卫,133㎡,xindou,高楼层 (共11层),南,172万,12933元/平米,2010年
北欧印象,3室2厅1厨2卫,110㎡,xindou,低楼层 (共32层),东,150万,13637元/平米,2014年
人民的公园,2室2厅1厨1卫,75.49㎡,xindou,高楼层 (共18层),东南,82万,10863元/平米,未知年建/
万科五龙山九墅,3室2厅1厨2卫,135㎡,xindou,高楼层 (共21层),东南,190万,14075元/平米,2013年
博雅新城B区,3室2厅1厨2卫,132㎡,xindou,中楼层 (共5层),西北,135万,10228元/平米,2012年
旺府豪庭,1室0厅1厨1卫,34.07㎡,xindou,高楼层 (共18层),南,34万,9980元/平米,2012年
红树林,2室2厅1厨1卫,87.42㎡,xindou,低楼层 (共6层),东北,85万,9724元/平米,2014年
南丰花园,3室2厅1厨1卫,103.83㎡,xindou,中楼层 (共6层),西,82万,7898元/平米,2016年
缤纷时代广场,1室0厅0厨1卫,28.92㎡,xindou,高楼层 (共25层),东南,15.8万,5464元/平米,2012年
新神风金牛座,2室2厅1厨1卫,81.49㎡,xindou,高楼层 (共25层),东南,110万,13499元/平米,2015年
汇融生活广场,3室1厅1厨1卫,85.35㎡,xindou,高楼层 (共38层),南,120万,14060元/平米,2013年
旺府豪庭,1室0厅1厨1卫,33.59㎡,xindou,低楼层 (共18层),南,34万,10123元/平米,2012年
旺府豪庭,1室0厅1厨1卫,36.17㎡,xindou,中楼层 (共16层),南,38万,10506元/平米,2012年
北欧知识城二期,3室2厅1厨1卫,83.37㎡,xindou,低楼层 (共34层),东,126万,15114元/平米,2014年
和信龙腾府,2室1厅1厨1卫,78㎡,xindou,中楼层 (共18层),东,65万,8334元/平米,未知年建/
保利公园198百合郡,2室1厅1厨1卫,89.3㎡,xindou,中楼层 (共18层),南 北,130万,14558元/平米,2009年
城隍庙巷6号,3室2厅1厨2卫,142.97㎡,xindou,高楼层 (共7层),南,120万,8394元/平米,未知年建/
天龙瑞景,3室2厅1厨2卫,117㎡,xindou,高楼层 (共11层),东南,114万,9744元/平米,2008年
邑品天都,3室2厅1厨2卫,105.91㎡,xindou,高楼层 (共18层),南,120万,11331元/平米,2012年
保利城一期,2室2厅1厨1卫,74㎡,xindou,中楼层 (共18层),北,98万,13244元/平米,2014年
博雅新城A区,2室2厅1厨1卫,88㎡,xindou,低楼层 (共27层),西北,90万,10228元/平米,2013年
汇融悉尼湾库吉岛一期,4室2厅1厨2卫,137.88㎡,xindou,高楼层 (共26层),北,165万,11967元/平米,2008年
万科五龙山九墅,5室3厅1厨4卫,246㎡,xindou,低楼层 (共6层),南,390万,15854元/平米,2013年
保利城二期,2室2厅1厨1卫,74.98㎡,xindou,中楼层 (共18层),南,97.5万,13004元/平米,2014年
尚林花园,2室2厅1厨1卫,67.35㎡,xindou,中楼层 (共17层),南,85万,12621元/平米,2012年
保利公园198蔷薇郡,3室2厅1厨2卫,112.76㎡,xindou,高楼层 (共27层),东,155万,13747元/平米,2012年
圣采泊尚,2室1厅1厨1卫,65㎡,xindou,中楼层 (共30层),东,90万,13847元/平米,未知年建/
水沐环岛,2室2厅1厨1卫,99.58㎡,xindou,低楼层 (共12层),北,138万,13859元/平米,未知年建/
万科五龙山公园,5室3厅1厨7卫,479.99㎡,xindou,低楼层 (共2层),南,800万,16668元/平米,2012年
保利城三期,2室2厅1厨1卫,74.22㎡,xindou,低楼层 (共18层),西,107万,14417元/平米,2015年
橄榄郡,1室0厅1厨1卫,37.86㎡,xindou,高楼层 (共23层),南,32万,8453元/平米,2008年
川音嘉苑,1室0厅1厨1卫,37.94㎡,xindou,高楼层 (共11层),东,35万,9226元/平米,2010年
万科五龙山公园,5室3厅1厨7卫,479.99㎡,xindou,低楼层 (共2层),南,800万,16668元/平米,2012年
缤纷时代广场,1室1厅1厨1卫,36.52㎡,xindou,低楼层 (共15层),南,26万,7120元/平米,2012年
缤纷时代广场,1室1厅1厨1卫,26.95㎡,xindou,低楼层 (共15层),南,26万,9648元/平米,2012年
保利公园198丁香郡,3室2厅1厨2卫,111.8㎡,xindou,高楼层 (共18层),东,160万,14312元/平米,2012年
北欧知识城一期,3室2厅1厨2卫,133.14㎡,xindou,高楼层 (共6层),南,150万,11267元/平米,未知年建/
汇融悉尼湾库吉岛一期,3室2厅1厨2卫,20.1㎡,xindou,地下室 (共0层),西,13万,6468元/平米,未知年建
保利城一期,3室2厅1厨1卫,96.22㎡,xindou,低楼层 (共19层),北,135万,14031元/平米,2014年
