蜀光新城二期,3室1厅1厨1卫,104.83㎡,锦江,低楼层 (共18层),东,218万,20796元/平米,2009年
天悦龙庭,4室2厅1厨2卫,147.15㎡,锦江,中楼层 (共38层),南,345万,23446元/平米,2014年
卓锦城二期,3室2厅1厨2卫,126.58㎡,锦江,高楼层 (共24层),西南,258万,20383元/平米,2008年
锦江城市花园三期,2室1厅1厨1卫,53㎡,锦江,中楼层 (共34层),西南,105万,19812元/平米,2011年
锦江城市花园三期,2室2厅1厨1卫,73.83㎡,锦江,低楼层 (共34层),东南,140万,18963元/平米,2011年
万科金润华府,2室2厅1厨1卫,64.52㎡,锦江,高楼层 (共35层),南,180万,27899元/平米,2012年
摩根中心,2室1厅1厨2卫,84.76㎡,锦江,高楼层 (共40层),东北,180万,21237元/平米,2012年
瑞升望江橡树林二期,3室1厅1厨1卫,88.9㎡,锦江,低楼层 (共34层),东,230万,25872元/平米,2011年
卓锦城六期,2室2厅1厨1卫,76.27㎡,锦江,中楼层 (共24层),西南,169万,22159元/平米,2014年
锦江城市花园二期,2室1厅1厨1卫,47.03㎡,锦江,中楼层 (共34层),东,91万,19350元/平米,2010年
蓉上坊一期,2室1厅1厨1卫,88.82㎡,锦江,低楼层 (共30层),东南,230万,25896元/平米,2009年
东洪广厦,2室2厅1厨1卫,74.12㎡,锦江,中楼层 (共33层),西北,130万,17540元/平米,2013年
华韵天府,5室2厅1厨2卫,115.6㎡,锦江,低楼层 (共39层),西南,260万,22492元/平米,2013年
新沙河阳光水岸,4室2厅1厨2卫,125.89㎡,锦江,低楼层 (共6层),东,300万,23831元/平米,2005年
工农院街19号,2室2厅1厨1卫,62.66㎡,锦江,高楼层 (共7层),南 西南,102万,16279元/平米,未知年建
紫东锦源,2室2厅1厨1卫,76.62㎡,锦江,中楼层 (共25层),东,150万,19578元/平米,2010年
ICC天曜,4室2厅1厨2卫,184.62㎡,锦江,中楼层 (共31层),南 北,530万,28708元/平米,2015年
翡翠城三期,5室2厅1厨3卫,190.23㎡,锦江,高楼层 (共6层),东南,698万,36693元/平米,2008年
锦江城市花园一期,2室2厅1厨1卫,88.9㎡,锦江,低楼层 (共34层),东南,185万,20810元/平米,未知年建/
世纪朝阳,2室2厅1厨1卫,92.26㎡,锦江,中楼层 (共26层),东南,240万,26014元/平米,2005年
鑫苑名家二期,2室1厅1厨1卫,76.22㎡,锦江,低楼层 (共34层),西南,145万,19024元/平米,2012年
比华利国际城一期,3室2厅1厨2卫,127.01㎡,锦江,中楼层 (共32层),北,265万,20865元/平米,2008年
四海逸家二期,4室2厅1厨3卫,86.85㎡,锦江,中楼层 (共34层),南,370万,42603元/平米,2013年
青莲下街56号,2室1厅1厨1卫,50.64㎡,锦江,低楼层 (共7层),南,95万,18760元/平米,1986年
正成翡翠琉璃,2室1厅1厨1卫,72.56㎡,锦江,高楼层 (共33层),西,76万,10475元/平米,2012年
卓锦城一期,3室2厅1厨2卫,134.68㎡,锦江,高楼层 (共24层),西北,240万,17821元/平米,2006年
雕墅,2室1厅1厨1卫,75㎡,锦江,低楼层 (共33层),南,226万,30134元/平米,2007年
都会风尚,2室1厅1厨1卫,89.1㎡,锦江,低楼层 (共32层),西,249万,27947元/平米,2009年
爱丁郡院,1室1厅1厨1卫,51.67㎡,锦江,高楼层 (共18层),北,96万,18580元/平米,2009年
都市驿站,1室1厅1厨1卫,42.67㎡,锦江,中楼层 (共13层),西南,128万,29998元/平米,2003年
爱丁郡院,1室1厅1厨1卫,51.67㎡,锦江,高楼层 (共18层),北,96万,18580元/平米,2009年
卓锦城三期,2室2厅1厨1卫,98.47㎡,锦江,中楼层 (共24层),东北,177万,17976元/平米,2010年
翡翠城三期,3室2厅1厨2卫,119.72㎡,锦江,高楼层 (共26层),东南,333万,27815元/平米,2008年
万科城市花园,2室2厅1厨1卫,86.06㎡,锦江,高楼层 (共6层),东南,230万,26726元/平米,2007年
翡翠城五期,3室1厅1厨2卫,91.54㎡,锦江,中楼层 (共32层),南,289万,31571元/平米,2011年
卓锦城六期,2室2厅1厨1卫,66.95㎡,锦江,中楼层 (共31层),东南,148万,22107元/平米,2014年
澳龙名城,3室2厅1厨2卫,144.78㎡,锦江,低楼层 (共11层),东南,360万,24866元/平米,2009年
锦江城市花园二期,2室1厅1厨1卫,72.8㎡,锦江,中楼层 (共34层),西南,136万,18682元/平米,2010年
澳龙名城,2室2厅2厨1卫,86.28㎡,锦江,低楼层 (共33层),西北,228万,26426元/平米,2009年
蜀都花园,2室1厅1厨1卫,76.18㎡,锦江,低楼层 (共18层),东南,142万,18641元/平米,2002年
翡翠城一期,3室2厅1厨2卫,103.41㎡,锦江,中楼层 (共11层),东南,300万,29011元/平米,2004年
鑫苑名家一期,2室1厅1厨1卫,58.42㎡,锦江,中楼层 (共34层),东南,113万,19343元/平米,2011年
华都美林湾,2室2厅1厨1卫,88.9㎡,锦江,中楼层 (共33层),西北,169万,19011元/平米,2012年
沙河壹号二期,2室1厅1厨1卫,78㎡,锦江,中楼层 (共34层),东,172万,22052元/平米,2013年
长城锦苑,1室1厅1厨1卫,46.01㎡,锦江,低楼层 (共30层),东南,78.8万,17127元/平米,2007年
镏金岁月,1室2厅1厨1卫,56.44㎡,锦江,高楼层 (共33层),北,145万,25691元/平米,2010年
锦江城市花园三期,2室1厅1厨1卫,46.7㎡,锦江,中楼层 (共34层),南 西北,88万,18844元/平米,2011年
辉煌佳苑,3室2厅1厨2卫,116.19㎡,锦江,低楼层 (共7层),东南,140万,12050元/平米,2007年
沙河壹号二期,3室2厅1厨1卫,82.71㎡,锦江,高楼层 (共34层),北,178万,21521元/平米,2013年
翡翠城二期,5室2厅1厨3卫,197.11㎡,锦江,高楼层 (共17层),西南,630万,31962元/平米,2006年
卓锦城五期,2室1厅1厨1卫,78.6㎡,锦江,高楼层 (共33层),西南,162万,20611元/平米,2012年
华都美林湾,3室2厅1厨2卫,139.65㎡,锦江,低楼层 (共28层),西北,280万,20051元/平米,2012年
澳龙名城,3室2厅1厨2卫,147.62㎡,锦江,中楼层 (共7层),东南,387万,26216元/平米,2009年
镏金岁月,3室2厅1厨2卫,110.74㎡,锦江,高楼层 (共33层),西,270万,24382元/平米,2010年
摩根中心,2室2厅1厨1卫,73.66㎡,锦江,中楼层 (共40层),东南,150万,20364元/平米,2012年
皇后国际,2室1厅1厨1卫,67.9㎡,锦江,中楼层 (共33层),南,255万,37556元/平米,2009年
比华利国际城一期,3室1厅1厨2卫,138.19㎡,锦江,高楼层 (共32层),东北,263万,19032元/平米,2008年
金泉街48号,3室2厅1厨1卫,108.27㎡,锦江,低楼层 (共7层),东南,200万,18473元/平米,未知年建/
鑫苑名家二期,2室1厅1厨1卫,85.77㎡,锦江,高楼层 (共40层),南,168万,19588元/平米,2012年
爱丁郡院,3室2厅1厨1卫,90.02㎡,锦江,低楼层 (共18层),南 北,190万,21107元/平米,2009年
东洪广厦,2室1厅1厨1卫,70.94㎡,锦江,低楼层 (共32层),西南,117万,16493元/平米,2013年
翡翠城四期,3室2厅1厨1卫,88.4㎡,锦江,高楼层 (共31层),东南,260万,29412元/平米,2009年
中电大厦,3室1厅1厨2卫,150.03㎡,锦江,中楼层 (共16层),西南,355万,23662元/平米,2005年
川附苑,2室1厅1厨1卫,62.53㎡,锦江,中楼层 (共6层),东,100万,15993元/平米,未知年建/
锦江东湖花园,3室2厅1厨2卫,161.81㎡,锦江,高楼层 (共7层),南 北,498万,30777元/平米,2006年
华都美林湾,4室2厅1厨2卫,157.23㎡,锦江,低楼层 (共33层),西南,270万,17173元/平米,2012年
Q城,3室2厅1厨1卫,89.84㎡,锦江,中楼层 (共21层),东南,202万,22485元/平米,2009年
蓝谷地天域,3室2厅1厨1卫,88.91㎡,锦江,高楼层 (共31层),南,180万,20246元/平米,2012年
晶蓝半岛二期,2室1厅1厨1卫,89.39㎡,锦江,低楼层 (共24层),西北,300万,33561元/平米,2008年
外滩,3室1厅1厨1卫,90.89㎡,锦江,低楼层 (共41层),西南,225万,24756元/平米,2009年
绿地锦天府,3室2厅1厨3卫,198.51㎡,锦江,中楼层 (共30层),南,590万,29722元/平米,2014年
绿地锦天府,3室2厅1厨2卫,197.44㎡,锦江,低楼层 (共30层),南,552万,27958元/平米,2014年
比华利国际城一期,4室1厅1厨2卫,152.95㎡,锦江,中楼层 (共32层),东南,283万,18503元/平米,2008年
卓锦城六期,2室1厅1厨1卫,68.58㎡,锦江,高楼层 (共28层),东,151.5万,22091元/平米,2014年
卓锦城六期,3室1厅1厨1卫,89.3㎡,锦江,中楼层 (共31层),东南,202万,22621元/平米,2014年
东洪广厦,2室2厅1厨1卫,71.01㎡,锦江,高楼层 (共32层),东南 西北,130万,18308元/平米,2013年
卓锦城五期,3室2厅1厨1卫,88.18㎡,锦江,高楼层 (共33层),西北,190万,21547元/平米,2012年
摩玛城,2室2厅1厨1卫,85.55㎡,锦江,中楼层 (共33层),北,179万,20924元/平米,2011年
蓝谷地天域,2室2厅1厨1卫,87.29㎡,锦江,高楼层 (共33层),东 西南,160万,18330元/平米,2009年
皇经嘉苑,2室2厅1厨1卫,78.75㎡,锦江,低楼层 (共27层),东南,110万,13969元/平米,2010年
世代锦江华宅,5室2厅1厨2卫,193.42㎡,锦江,高楼层 (共24层),西北,480万,24817元/平米,2005年
锦绣阳光,2室1厅1厨1卫,90.81㎡,锦江,高楼层 (共5层),东南,122万,13435元/平米,2005年
富丽苑,2室1厅1厨1卫,66.1㎡,锦江,高楼层 (共7层),东南,102万,15432元/平米,1999年
粼江峰阁,2室1厅1厨2卫,120㎡,锦江,中楼层 (共28层),东南,300万,25000元/平米,2006年
蜀都花园,1室1厅1厨1卫,55.62㎡,锦江,低楼层 (共22层),东,94万,16901元/平米,2003年
华都美林湾,1室1厅1厨1卫,68.18㎡,锦江,中楼层 (共30层),西北,111万,16281元/平米,2012年
长城锦苑,1室0厅1厨1卫,45.6㎡,锦江,低楼层 (共30层),东南,80万,17544元/平米,2007年
弘邦领邸,1室1厅1厨1卫,57.52㎡,锦江,高楼层 (共32层),东北,210万,36510元/平米,2009年
爱丁郡院,1室1厅1厨1卫,45.77㎡,锦江,高楼层 (共18层),西北,82万,17916元/平米,2009年
莲花逸都,2室1厅1厨1卫,88.6㎡,锦江,高楼层 (共34层),西,190万,21445元/平米,2009年
卓锦城五期,3室2厅1厨1卫,87.98㎡,锦江,低楼层 (共33层),东南,202万,22960元/平米,2012年
卓锦城六期,4室2厅1厨2卫,116.99㎡,锦江,低楼层 (共31层),东南,273万,23336元/平米,2014年
上东锦城A区,3室2厅1厨1卫,89.19㎡,锦江,高楼层 (共34层),东南,140万,15697元/平米,2008年
比华利国际城一期,3室2厅1厨2卫,134.23㎡,锦江,低楼层 (共32层),北,275万,20488元/平米,2008年
ICC天曜,3室2厅1厨2卫,156㎡,锦江,中楼层 (共39层),南,516万,33077元/平米,2015年
王家坝后街3号,3室1厅1厨1卫,67.21㎡,锦江,中楼层 (共5层),南,118万,17557元/平米,未知年建/
上海东韵,1室2厅1厨1卫,68.25㎡,锦江,中楼层 (共32层),东南,155万,22711元/平米,2012年
星河名都,3室2厅1厨2卫,110.48㎡,锦江,低楼层 (共12层),东,328万,29689元/平米,2004年
卓锦城四期,2室2厅1厨1卫,89.62㎡,锦江,中楼层 (共24层),南,175万,19527元/平米,2010年
东晶丽苑,2室2厅1厨1卫,75.11㎡,锦江,低楼层 (共16层),南,120万,15977元/平米,2006年
鑫苑名家二期,2室2厅1厨1卫,77.95㎡,锦江,中楼层 (共34层),东南,148万,18987元/平米,未知年建/
蓝谷地三四期,3室2厅1厨2卫,132.92㎡,锦江,中楼层 (共13层),东南,240万,18056元/平米,2008年
翡翠城三期,4室1厅1厨2卫,170.53㎡,锦江,高楼层 (共26层),西南,498万,29204元/平米,2008年
九龙仓擎天半岛,3室1厅1厨4卫,223.02㎡,锦江,高楼层 (共40层),东南,600万,26904元/平米,2013年
镏金岁月,2室1厅1厨1卫,76.73㎡,锦江,高楼层 (共30层),北,195万,25414元/平米,2010年
莲花新区北二巷4号,3室1厅1厨1卫,93.58㎡,锦江,中楼层 (共7层),东南,140万,14961元/平米,2001年
交子公寓,3室2厅1厨2卫,148.72㎡,锦江,高楼层 (共7层),南,220万,14793元/平米,2000年
大观苑二期,2室2厅1厨1卫,72.45㎡,锦江,高楼层 (共6层),东南,90万,12423元/平米,2011年
蓝谷地天域,2室2厅1厨1卫,87.84㎡,锦江,中楼层 (共33层),西南,160万,18215元/平米,2011年
蓝谷地天域,2室2厅1厨1卫,81㎡,锦江,高楼层 (共32层),东南,156万,19260元/平米,2011年
锦江城市花园三期,3室2厅1厨1卫,73.62㎡,锦江,中楼层 (共34层),西北,145万,19696元/平米,2011年
王家坝街16号,2室1厅1厨1卫,52.57㎡,锦江,低楼层 (共6层),东北,112万,21305元/平米,未知年建/
莲心苑,2室2厅1厨1卫,70.22㎡,锦江,中楼层 (共7层),南,110万,15666元/平米,1993年
时代豪庭四期,3室2厅1厨2卫,162.07㎡,锦江,中楼层 (共40层),东,550万,33936元/平米,2011年
澳龙名城,1室1厅1厨1卫,53.6㎡,锦江,低楼层 (共33层),东南,145万,27053元/平米,2009年
澳龙名城,1室1厅1厨1卫,46.86㎡,锦江,高楼层 (共18层),北,115万,24542元/平米,2009年
净居寺路20号,3室1厅1厨1卫,99.03㎡,锦江,高楼层 (共6层),东南,178万,17975元/平米,未知年建/
金海岸公寓,2室1厅1厨2卫,109.21㎡,锦江,高楼层 (共25层),西南,198万,18131元/平米,2001年
翡翠城四期,3室2厅1厨1卫,88.28㎡,锦江,中楼层 (共30层),东南,260万,29452元/平米,2009年
沙河壹号一期,2室1厅1厨1卫,77.28㎡,锦江,高楼层 (共34层),北,170万,21998元/平米,2011年
锦江城市花园二期,2室2厅1厨1卫,87.41㎡,锦江,高楼层 (共34层),西北,165万,18877元/平米,2010年
锦江城市花园一期,2室2厅1厨1卫,89.04㎡,锦江,低楼层 (共34层),东南,170万,19093元/平米,2009年
卓锦城一期,3室2厅1厨2卫,120㎡,锦江,中楼层 (共6层),南,240万,20000元/平米,2006年
锦江城市花园一期,2室2厅1厨1卫,88.9㎡,锦江,低楼层 (共34层),东,150万,16873元/平米,未知年建/
华韵天府,4室2厅1厨1卫,87.52㎡,锦江,高楼层 (共39层),西南,250万,28565元/平米,2013年
东湖国际,3室2厅1厨2卫,142.34㎡,锦江,高楼层 (共33层),东,370万,25995元/平米,2012年
四圣祠北街12号,2室1厅1厨1卫,58.74㎡,锦江,高楼层 (共7层),东南,155万,26388元/平米,未知年建/
上海东韵,2室1厅1厨1卫,90.12㎡,锦江,高楼层 (共30层),东南,206万,22859元/平米,2012年
瑞升望江橡树林二期,3室1厅1厨1卫,88.9㎡,锦江,高楼层 (共34层),东,242万,27222元/平米,2011年
东晶丽苑,3室2厅1厨1卫,100.94㎡,锦江,中楼层 (共18层),南,158万,15653元/平米,2006年
书院西街62号,3室1厅1厨1卫,64.9㎡,锦江,中楼层 (共6层),东,160万,24654元/平米,未知年建/
蓝谷地天域,3室2厅1厨1卫,86.25㎡,锦江,低楼层 (共34层),东北,155万,17972元/平米,2010年
锦江印象,2室1厅1厨1卫,78.03㎡,锦江,低楼层 (共31层),南,205万,26272元/平米,2008年
华都美林湾,3室2厅1厨2卫,124㎡,锦江,高楼层 (共28层),东南,252万,20323元/平米,2012年
东洪广厦,3室2厅1厨1卫,89.32㎡,锦江,中楼层 (共32层),西南,160万,17914元/平米,2013年
锦江城市花园二期,2室1厅1厨1卫,72.01㎡,锦江,低楼层 (共34层),南,132万,18331元/平米,2010年
上东家园,1室1厅1厨1卫,49.35㎡,锦江,高楼层 (共6层),南,68万,13780元/平米,2006年
鑫苑名家一期,2室2厅1厨1卫,55.52㎡,锦江,高楼层 (共34层),东南,100万,18012元/平米,2011年
华韵天府,4室2厅1厨2卫,88.02㎡,锦江,高楼层 (共39层),西南,230万,26131元/平米,2013年
锦江城市花园二期,2室1厅1厨1卫,50.65㎡,锦江,高楼层 (共34层),东北,95万,18757元/平米,2010年
天悦龙庭,4室2厅1厨2卫,147㎡,锦江,中楼层 (共38层),南,345万,23470元/平米,2014年
ICC天曜,2室2厅1厨1卫,103.06㎡,锦江,高楼层 (共39层),北,380万,36872元/平米,2015年
卓锦城五期,3室2厅1厨1卫,87.61㎡,锦江,高楼层 (共33层),东南,199万,22715元/平米,2012年
牛市口路14号,3室1厅1厨1卫,86.57㎡,锦江,低楼层 (共6层),南,129.8万,14994元/平米,1998年
卓锦城六期,2室2厅1厨1卫,78㎡,锦江,高楼层 (共28层),东南,175万,22436元/平米,2014年
望江橡树林一期,4室2厅1厨2卫,156㎡,锦江,中楼层 (共33层),西北,420万,26924元/平米,2009年
上海东韵,2室2厅1厨1卫,82.95㎡,锦江,低楼层 (共30层),南,192万,23147元/平米,2012年
香江花园,1室1厅1厨1卫,46.78㎡,锦江,低楼层 (共6层),南,80万,17102元/平米,未知年建/
科甲大厦,1室1厅1厨1卫,56.82㎡,锦江,高楼层 (共19层),南,98万,17248元/平米,2005年
上东花园4组团,1室1厅1厨1卫,51.14㎡,锦江,高楼层 (共6层),南,60万,11733元/平米,2000年
上东花园4组团,1室1厅1厨1卫,51.14㎡,锦江,高楼层 (共6层),南,60万,11733元/平米,2000年
天紫界,2室0厅1厨2卫,60.59㎡,锦江,中楼层 (共55层),东北,110万,18155元/平米,未知年建/
卓锦城三期,4室2厅1厨2卫,163㎡,锦江,高楼层 (共24层),西南,300万,18405元/平米,2010年
彩蝶花园,4室2厅1厨2卫,165㎡,锦江,高楼层 (共6层),东南 南,330万,20000元/平米,2005年
鑫苑名家一期,3室2厅1厨1卫,104.23㎡,锦江,高楼层 (共34层),东南,182万,17462元/平米,2011年
卓锦城一期,3室2厅1厨2卫,121.22㎡,锦江,高楼层 (共6层),东南,245万,20212元/平米,2006年
沙河壹号一期,2室2厅1厨1卫,77.78㎡,锦江,高楼层 (共34层),西,168万,21600元/平米,2011年
东洪广厦,3室2厅1厨1卫,87.34㎡,锦江,中楼层 (共33层),东南,154万,17633元/平米,2013年
外滩,3室1厅1厨1卫,91.4㎡,锦江,低楼层 (共41层),西南,235万,25712元/平米,2009年
蓝谷地天域,2室2厅1厨1卫,87.85㎡,锦江,低楼层 (共33层),西北,162万,18441元/平米,2011年
莲花新一区,2室2厅1厨1卫,68.19㎡,锦江,中楼层 (共7层),东,110万,16132元/平米,2002年
摩玛城,2室1厅1厨1卫,63㎡,锦江,中楼层 (共33层),西,146万,23175元/平米,2011年
东大街上东大街段90号,2室1厅1厨1卫,58.65㎡,锦江,中楼层 (共6层),东南,150万,25576元/平米,未知年建
海桐二期,1室1厅1厨1卫,48.11㎡,锦江,高楼层 (共11层),东南,65万,13511元/平米,2010年
澳龙名城,3室1厅1厨2卫,110.95㎡,锦江,中楼层 (共33层),西北,310万,27941元/平米,未知年建/
晶蓝半岛一期,3室2厅1厨2卫,133.39㎡,锦江,低楼层 (共26层),东北,402万,30138元/平米,2007年
蓝谷地一二期,2室2厅1厨1卫,88.5㎡,锦江,低楼层 (共11层),南,162万,18306元/平米,2006年
东方新城一期,3室1厅1厨1卫,98.93㎡,锦江,中楼层 (共11层),东南,200万,20217元/平米,2007年
海椒市街7号院,2室1厅1厨1卫,52.87㎡,锦江,高楼层 (共6层),东南,70万,13241元/平米,1999年
华都美林湾,2室2厅1厨1卫,91.02㎡,锦江,中楼层 (共32层),东南,190万,20875元/平米,2012年
东较场街73号,3室2厅1厨2卫,105.31㎡,锦江,中楼层 (共7层),南 西北,160万,15194元/平米,2000年
天地云庭,2室2厅1厨1卫,95.17㎡,锦江,中楼层 (共24层),东,200万,21016元/平米,2010年
东方新城一期,2室1厅1厨1卫,91.82㎡,锦江,中楼层 (共11层),南,190万,20693元/平米,2007年
蓝谷地天域,2室2厅1厨1卫,78.85㎡,锦江,低楼层 (共31层),东北,152万,19278元/平米,2012年
比华利国际城一期,3室2厅1厨2卫,104.28㎡,锦江,高楼层 (共26层),西北,220万,21098元/平米,2008年
海成大厦,3室2厅1厨2卫,167.82㎡,锦江,中楼层 (共19层),东北,190万,11322元/平米,2000年
粼江峰阁,3室2厅1厨2卫,138.6㎡,锦江,低楼层 (共28层),西北,349万,25181元/平米,2006年
粼江峰阁,2室1厅1厨1卫,101.94㎡,锦江,低楼层 (共31层),西南,235万,23053元/平米,2006年
粼江峰阁,3室2厅1厨2卫,144.5㎡,锦江,中楼层 (共29层),西南,355万,24568元/平米,2006年
华润幸福里一期,2室2厅1厨1卫,76㎡,锦江,中楼层 (共29层),东南,195万,25658元/平米,2014年
皇城公寓,2室1厅1厨1卫,75.81㎡,锦江,中楼层 (共25层),南,158万,20842元/平米,2003年
阳光365,2室1厅1厨1卫,57.16㎡,锦江,中楼层 (共18层),南,205万,35865元/平米,2005年
锦江城市花园三期,2室2厅1厨1卫,55.59㎡,锦江,中楼层 (共34层),东,99万,17809元/平米,2011年
万达锦华城,1室0厅0厨1卫,39.23㎡,锦江,高楼层 (共30层),南,40万,10197元/平米,2008年
华都美林湾,1室1厅1厨1卫,68.18㎡,锦江,低楼层 (共30层),西北,112万,16428元/平米,2012年
喜年广场,1室1厅1厨1卫,101.1㎡,锦江,高楼层 (共32层),北,262万,25915元/平米,2010年
卓锦城四期,2室1厅1厨1卫,89.35㎡,锦江,中楼层 (共32层),东南,180万,20146元/平米,2010年
爱丁郡院,3室2厅1厨2卫,112.6㎡,锦江,高楼层 (共18层),东北,239万,21226元/平米,2009年
卓锦城一期,2室2厅1厨2卫,101.68㎡,锦江,中楼层 (共24层),西南,190万,18687元/平米,2006年
卓锦城一期,2室2厅1厨2卫,101.68㎡,锦江,低楼层 (共24层),西南,190万,18687元/平米,2006年
蓉上坊二期,2室2厅1厨1卫,86.66㎡,锦江,中楼层 (共33层),南,270万,31157元/平米,2010年
天紫界,2室1厅1厨1卫,58.76㎡,锦江,低楼层 (共55层),西北,132万,22465元/平米,2011年
外滩,4室2厅1厨2卫,138.37㎡,锦江,中楼层 (共41层),西北,370万,26740元/平米,2009年
镏金岁月,2室2厅1厨1卫,75.4㎡,锦江,高楼层 (共30层),北,192万,25465元/平米,2010年
卓锦城六期,2室1厅1厨1卫,77.99㎡,锦江,中楼层 (共28层),东南,165万,21157元/平米,2014年
江东民居四区,3室2厅1厨2卫,139.32㎡,锦江,低楼层 (共7层),西南,218万,15648元/平米,未知年建/
澳龙名城,1室1厅1厨1卫,46.67㎡,锦江,中楼层 (共18层),东,130万,27856元/平米,2009年
嘉和园二期,2室2厅1厨1卫,77.31㎡,锦江,中楼层 (共6层),东南,122万,15781元/平米,2002年
上东锦城A区,2室2厅1厨1卫,87㎡,锦江,低楼层 (共18层),北,144万,16552元/平米,2008年
上东锦城A区,2室1厅1厨1卫,82.31㎡,锦江,高楼层 (共34层),东南,129万,15673元/平米,2008年
四海逸家一期,4室1厅1厨3卫,97.16㎡,锦江,低楼层 (共33层),东北,400万,41170元/平米,2010年
点将台横街51号,2室1厅1厨1卫,66.31㎡,锦江,高楼层 (共7层),东,125万,18851元/平米,未知年建/
时代豪庭一期,2室1厅1厨2卫,113.17㎡,锦江,低楼层 (共38层),南,365万,32253元/平米,2009年
都会风尚,3室2厅1厨2卫,118.5㎡,锦江,中楼层 (共32层),南,320万,27005元/平米,2009年
金象嘉园,3室2厅1厨1卫,83.49㎡,锦江,高楼层 (共6层),东南,125万,14972元/平米,2003年
经天路3号,2室1厅1厨1卫,69.67㎡,锦江,高楼层 (共6层),东,90万,12919元/平米,2005年
水岸银座,3室2厅1厨2卫,116.75㎡,锦江,高楼层 (共12层),南,253万,21671元/平米,2003年
摩根中心,2室1厅1厨1卫,81.77㎡,锦江,低楼层 (共40层),西南,170万,20791元/平米,2012年
科甲大厦,2室2厅1厨1卫,48.35㎡,锦江,中楼层 (共19层),南,96万,19856元/平米,2005年
紫东梵谷,2室2厅1厨1卫,78.9㎡,锦江,低楼层 (共18层),西南,118.5万,15020元/平米,2007年
天地云庭,2室2厅1厨1卫,76.26㎡,锦江,低楼层 (共24层),东南,175万,22948元/平米,2010年
糍粑店街1号,3室1厅1厨1卫,105.36㎡,锦江,高楼层 (共7层),西北,158万,14997元/平米,2000年
澳龙名城,3室2厅1厨2卫,107.61㎡,锦江,中楼层 (共16层),西南 西,295万,27414元/平米,2009年
镏金岁月,2室1厅1厨1卫,73.14㎡,锦江,中楼层 (共33层),南,185万,25294元/平米,2010年
万科金润华府,3室2厅1厨2卫,89.86㎡,锦江,低楼层 (共35层),东南,260万,28934元/平米,2012年
澳龙名城,2室2厅1厨1卫,70㎡,锦江,低楼层 (共18层),南,168万,24000元/平米,2009年
卓锦城四期,3室2厅1厨2卫,130.73㎡,锦江,中楼层 (共32层),西南,263万,20118元/平米,2010年
龙瑞苑,3室2厅1厨2卫,135.25㎡,锦江,高楼层 (共18层),西北,245万,18115元/平米,2001年
龙井苑,1室1厅1厨1卫,42.72㎡,锦江,低楼层 (共7层),东,150万,35113元/平米,2007年
锦江城市花园二期,2室1厅1厨1卫,50.19㎡,锦江,高楼层 (共34层),西北,90万,17932元/平米,2010年
水碾河南三街41号,2室1厅1厨1卫,52.96㎡,锦江,高楼层 (共7层),东 西,75万,14162元/平米,1995年
顺江路49号,2室2厅1厨1卫,63.1㎡,锦江,高楼层 (共6层),东南,94万,14897元/平米,2000年
摩玛城,3室1厅1厨1卫,93.29㎡,锦江,高楼层 (共33层),北,202万,21653元/平米,2011年
国嘉新视界,2室1厅1厨1卫,55.77㎡,锦江,中楼层 (共32层),东北,120万,21517元/平米,2009年
城东雅郡,2室2厅1厨1卫,89㎡,锦江,中楼层 (共6层),东南,193万,21686元/平米,2005年
忠烈祠东街51号,1室1厅1厨1卫,40.53㎡,锦江,高楼层 (共7层),北 东北,64万,15791元/平米,未知年建
东洪广厦,3室2厅1厨1卫,89.32㎡,锦江,中楼层 (共32层),西南,160万,17914元/平米,2013年
蓝谷地三四期,3室1厅1厨2卫,132.92㎡,锦江,中楼层 (共13层),东南,216万,16251元/平米,2008年
锦江城市花园二期,2室1厅1厨1卫,51.38㎡,锦江,高楼层 (共34层),南 东北,99万,19269元/平米,2010年
东洪广厦,2室1厅1厨1卫,75.11㎡,锦江,低楼层 (共32层),南,149万,19838元/平米,2013年
领域,3室2厅1厨2卫,121.61㎡,锦江,中楼层 (共6层),南,190万,15624元/平米,2005年
澳龙名城,2室1厅1厨1卫,74.82㎡,锦江,高楼层 (共33层),东北,205万,27400元/平米,2009年
上东花园1组团,3室2厅1厨1卫,87.54㎡,锦江,高楼层 (共6层),东南,109万,12452元/平米,2003年
经天路6号,2室2厅1厨1卫,78.47㎡,锦江,中楼层 (共7层),南,110万,14019元/平米,1998年
卓锦城二期,3室2厅1厨2卫,126.58㎡,锦江,中楼层 (共24层),东南,260万,20541元/平米,2008年
蓝光凯丽香江,3室2厅1厨2卫,88.83㎡,锦江,低楼层 (共42层),西北,200万,22515元/平米,2009年
锦江城市花园三期,2室2厅1厨1卫,53.02㎡,锦江,低楼层 (共34层),西南,98万,18484元/平米,2011年
卓锦城二期,3室2厅1厨2卫,124.37㎡,锦江,高楼层 (共24层),西南,235万,18896元/平米,2008年
王府井,3室2厅1厨1卫,119.44㎡,锦江,中楼层 (共25层),东南,180万,15071元/平米,2000年
上海东韵,3室2厅1厨2卫,128.46㎡,锦江,低楼层 (共30层),南,336万,26157元/平米,2012年
公平巷23号,3室1厅1厨1卫,99.62㎡,锦江,低楼层 (共7层),南,250万,25096元/平米,1991年
锦江城市花园三期,2室2厅1厨1卫,53.02㎡,锦江,低楼层 (共34层),西南,98万,18484元/平米,2011年
王府井,3室2厅1厨1卫,119.44㎡,锦江,中楼层 (共25层),东南,180万,15071元/平米,2000年
锦江城市花园三期,3室2厅1厨1卫,72.61㎡,锦江,低楼层 (共34层),西南,150万,20659元/平米,2011年
蓝光香槟广场,1室1厅1厨1卫,57.56㎡,锦江,中楼层 (共15层),北,85万,14768元/平米,未知年建/
卓锦城三期,2室2厅1厨1卫,89.89㎡,锦江,中楼层 (共24层),东南,180万,20025元/平米,2010年
新沙河阳光水岸,2室1厅1厨1卫,74.49㎡,锦江,高楼层 (共6层),南,171万,22957元/平米,2005年
沙河壹号二期,3室2厅1厨1卫,95.13㎡,锦江,低楼层 (共34层),东南,225万,23652元/平米,2013年
摩玛城,2室1厅1厨1卫,86.81㎡,锦江,高楼层 (共34层),东,205万,23615元/平米,2011年
东方新城一期,2室1厅1厨1卫,92.61㎡,锦江,低楼层 (共11层),南,195万,21057元/平米,2007年
上海东韵,3室2厅1厨2卫,128.46㎡,锦江,低楼层 (共30层),南,336万,26157元/平米,2012年
蓝谷地天域,4室2厅1厨2卫,123.67㎡,锦江,高楼层 (共31层),东南,248万,20054元/平米,2012年
上海东韵,2室2厅1厨1卫,70.69㎡,锦江,低楼层 (共30层),东南,170万,24049元/平米,2012年
卓锦城一期,3室2厅1厨2卫,121.8㎡,锦江,低楼层 (共6层),东南,260万,21347元/平米,2006年
望江橡树林一期,1室1厅1厨1卫,52.9㎡,锦江,高楼层 (共34层),东,125万,23630元/平米,2009年
锦江城市花园一期,2室1厅1厨1卫,78.47㎡,锦江,低楼层 (共34层),西北,137万,17459元/平米,2009年
锦江城市花园二期,2室2厅1厨1卫,69.37㎡,锦江,低楼层 (共34层),东南,135万,19461元/平米,2010年
东洪广厦,2室1厅1厨1卫,75.07㎡,锦江,低楼层 (共32层),东南,130万,17318元/平米,2012年
华润幸福里一期,3室2厅1厨2卫,106.54㎡,锦江,高楼层 (共32层),东南,315万,29567元/平米,2014年
粼江峰阁,2室2厅1厨1卫,108.91㎡,锦江,中楼层 (共31层),南,270万,24792元/平米,2006年
绿地468公馆一期,3室2厅1厨1卫,88.94㎡,锦江,高楼层 (共29层),西北,215万,24174元/平米,2015年
锦江城市花园二期,2室1厅1厨1卫,47.37㎡,锦江,低楼层 (共34层),东南,89万,18789元/平米,2010年
锦江城市花园一期,2室1厅1厨1卫,78.33㎡,锦江,高楼层 (共34层),东南,140万,17874元/平米,未知年建/
蓝谷地天域,3室2厅1厨2卫,119.65㎡,锦江,低楼层 (共32层),西,210万,17552元/平米,2011年
万科城市花园,3室2厅1厨2卫,108.36㎡,锦江,中楼层 (共6层),南 北,310万,28609元/平米,2007年
万科金润华府,3室2厅1厨1卫,73.77㎡,锦江,低楼层 (共35层),东南,210万,28467元/平米,2012年
ICC天曜,3室2厅1厨2卫,156㎡,锦江,中楼层 (共39层),南,450万,28847元/平米,2015年
紫气东来,2室1厅1厨1卫,74.8㎡,锦江,低楼层 (共18层),东南,126万,16845元/平米,未知年建
嘉和园二期,2室1厅1厨1卫,77.18㎡,锦江,中楼层 (共6层),东南,110万,14253元/平米,2002年
比华利国际城三期,3室1厅1厨1卫,79.21㎡,锦江,高楼层 (共22层),东南,188万,23735元/平米,2014年
翡翠城四期,2室2厅1厨1卫,88.89㎡,锦江,高楼层 (共32层),东南,230万,25875元/平米,2009年
卓锦城二期,3室2厅1厨2卫,131.71㎡,锦江,高楼层 (共24层),东南,230万,17463元/平米,2008年
新开街3号,3室1厅1厨1卫,103.78㎡,锦江,低楼层 (共7层),东,252万,24283元/平米,2000年
东光街9号,3室1厅1厨1卫,66.45㎡,锦江,高楼层 (共7层),东南,92万,13845元/平米,1999年
成龙花园,1室1厅1厨1卫,43.72㎡,锦江,中楼层 (共7层),东南,75万,17155元/平米,2005年
时代豪庭三期,3室2厅1厨2卫,172.26㎡,锦江,低楼层 (共36层),南,538万,31232元/平米,2010年
中洲中央城邦,4室2厅1厨2卫,143.66㎡,锦江,低楼层 (共30层),东南,400万,27844元/平米,2016年
时代豪庭四期,3室2厅1厨4卫,220.36㎡,锦江,低楼层 (共40层),东南,650万,29498元/平米,2011年
澳龙名城,4室1厅1厨3卫,154.72㎡,锦江,低楼层 (共4层),东南,480万,31024元/平米,2009年
正成财富ID,1室0厅1厨1卫,50.19㎡,锦江,低楼层 (共31层),南,100万,19925元/平米,2005年
锦江城市花园三期,2室2厅1厨1卫,76.48㎡,锦江,低楼层 (共34层),东北,150万,19613元/平米,2011年
尖东旺座二期,1室0厅1厨1卫,39.88㎡,锦江,高楼层 (共15层),西,55万,13792元/平米,2004年
中新街70号,3室1厅1厨1卫,75.17㎡,锦江,中楼层 (共6层),东,150万,19955元/平米,未知年建/
翡翠城四期,3室2厅1厨1卫,88.47㎡,锦江,低楼层 (共32层),南,268万,30293元/平米,2009年
青房云上一期,3室2厅1厨2卫,197.57㎡,锦江,高楼层 (共18层),东北,435万,22018元/平米,2003年
卓锦城二期,3室2厅1厨2卫,136.29㎡,锦江,高楼层 (共24层),东南 西北,246万,18050元/平米,2008年
绿地锦天府,3室2厅1厨5卫,345.87㎡,锦江,高楼层 (共30层),东南,860万,24865元/平米,2014年
绿地锦天府,3室2厅1厨4卫,269.52㎡,锦江,高楼层 (共30层),南 西南,770万,28570元/平米,2014年
朗基望今缘,3室3厅1厨4卫,235.06㎡,锦江,高楼层 (共29层),西南,718万,30546元/平米,2013年
较场坝西街11号,3室1厅1厨1卫,86.88㎡,锦江,高楼层 (共7层),南,158万,18187元/平米,未知年建/
仁恒滨河湾,3室2厅1厨2卫,125㎡,锦江,中楼层 (共33层),南,450万,36000元/平米,2016年
城东雅郡,2室2厅1厨1卫,86.93㎡,锦江,低楼层 (共6层),东南,190万,21857元/平米,2005年
锦洲花园,1室1厅1厨1卫,56.07㎡,锦江,高楼层 (共6层),西北,115万,20511元/平米,2004年
天悦龙庭,5室2厅1厨2卫,196㎡,锦江,低楼层 (共37层),南,416万,21225元/平米,2014年
万科城市花园,3室2厅1厨2卫,139.16㎡,锦江,低楼层 (共11层),东南,410万,29463元/平米,2007年
蜀都花园,2室2厅1厨2卫,95.04㎡,锦江,高楼层 (共20层),东南,188万,19782元/平米,2003年
沙河壹号二期,3室1厅1厨1卫,96.48㎡,锦江,高楼层 (共34层),南,240万,24876元/平米,2013年
莲花新区,3室2厅1厨2卫,119.98㎡,锦江,中楼层 (共7层),东北,250万,20837元/平米,2002年
锦江城市花园三期,2室1厅1厨1卫,46.61㎡,锦江,高楼层 (共34层),西南 西,93万,19953元/平米,2011年
摩玛城,2室1厅1厨1卫,81.51㎡,锦江,高楼层 (共40层),南,190万,23311元/平米,2011年
锦洲花园,1室1厅1厨1卫,56.07㎡,锦江,高楼层 (共6层),西北,115万,20511元/平米,2004年
天悦龙庭,5室2厅1厨2卫,196㎡,锦江,低楼层 (共37层),南,416万,21225元/平米,2014年
锦江城市花园三期,2室2厅1厨1卫,74.32㎡,锦江,高楼层 (共34层),南,145万,19511元/平米,2011年
蓝光凯丽香江,2室2厅1厨1卫,77.02㎡,锦江,低楼层 (共42层),东,165万,21424元/平米,2009年
澳龙名城,3室2厅1厨2卫,123.27㎡,锦江,低楼层 (共33层),东南,370万,30016元/平米,未知年建/
蓝谷地三四期,4室2厅1厨2卫,164.15㎡,锦江,高楼层 (共13层),南,330万,20104元/平米,2008年
育才都市家园二期,2室1厅1厨1卫,80.48㎡,锦江,高楼层 (共11层),南,198万,24603元/平米,2006年
锦江城市花园二期,2室1厅1厨1卫,65㎡,锦江,低楼层 (共34层),西南,135万,20770元/平米,2010年
静居嘉苑,3室2厅1厨1卫,97.45㎡,锦江,高楼层 (共6层),东南,240万,24629元/平米,2005年
华都美林湾,2室2厅1厨1卫,89.66㎡,锦江,中楼层 (共33层),东南,160万,17846元/平米,2012年
帕丽湾,3室2厅1厨2卫,129.48㎡,锦江,低楼层 (共27层),东,240万,18536元/平米,2008年
卓锦城一期,3室2厅1厨2卫,129.39㎡,锦江,中楼层 (共24层),西南,237万,18317元/平米,2006年
外滩,4室2厅1厨3卫,162.19㎡,锦江,低楼层 (共41层),东南,335万,20655元/平米,2009年
粼江峰阁,2室2厅1厨2卫,120.43㎡,锦江,低楼层 (共29层),西南,290万,24081元/平米,2006年
万科城市花园,4室1厅1厨2卫,177.21㎡,锦江,中楼层 (共6层),南,565万,31884元/平米,2007年
莲花新一区,2室1厅1厨1卫,68.19㎡,锦江,高楼层 (共7层),东,110万,16132元/平米,2002年
四海逸家二期,4室2厅1厨3卫,97㎡,锦江,低楼层 (共34层),东北,415万,42784元/平米,2013年
蓝谷地三四期,3室2厅1厨2卫,123.64㎡,锦江,高楼层 (共13层),西南,210万,16985元/平米,2008年
锦江城市花园二期,2室1厅1厨1卫,72.14㎡,锦江,高楼层 (共34层),东北,136万,18853元/平米,2010年
卓锦城六期,2室2厅1厨1卫,77.99㎡,锦江,中楼层 (共28层),西南,170万,21798元/平米,2014年
东洪广厦,2室1厅1厨1卫,75.11㎡,锦江,中楼层 (共32层),北,126万,16776元/平米,2013年
晶蓝半岛一期,4室2厅1厨2卫,156.85㎡,锦江,低楼层 (共26层),东北,486万,30986元/平米,2007年
东洪广厦,2室2厅1厨1卫,71.3㎡,锦江,低楼层 (共32层),东南 西北,115万,16130元/平米,2013年
蓝光凯丽香江,3室2厅1厨1卫,82㎡,锦江,中楼层 (共42层),西,190万,23171元/平米,2009年
蓉上坊一期,2室1厅1厨1卫,91.39㎡,锦江,低楼层 (共31层),南,185万,20243元/平米,2009年
金海岸公寓,3室1厅1厨2卫,109.21㎡,锦江,低楼层 (共25层),北,198万,18131元/平米,2001年
万科金润华府,3室2厅1厨1卫,73.81㎡,锦江,低楼层 (共35层),东南,220万,29807元/平米,2012年
鑫苑名家二期,2室1厅1厨1卫,76.24㎡,锦江,高楼层 (共34层),东南,152.5万,20003元/平米,2012年
翡翠城四期,3室2厅1厨1卫,88.1㎡,锦江,中楼层 (共32层),东南,246万,27923元/平米,2009年
龙井苑,2室2厅1厨1卫,77.5㎡,锦江,高楼层 (共7层),南,150万,19355元/平米,2007年
龙井苑,2室2厅1厨1卫,77.5㎡,锦江,高楼层 (共7层),南,150万,19355元/平米,2007年
摩玛城,2室1厅1厨2卫,90.15㎡,锦江,高楼层 (共34层),南,215万,23850元/平米,2011年
绿野天城,2室2厅1厨1卫,76.31㎡,锦江,中楼层 (共18层),东,175万,22933元/平米,2007年
万科城市花园,3室2厅1厨1卫,109.34㎡,锦江,中楼层 (共4层),东南,280万,25609元/平米,2007年
上东花园二期,2室1厅1厨1卫,70.22㎡,锦江,高楼层 (共6层),西,90万,12817元/平米,2003年
华韵天府,4室1厅1厨1卫,86.3㎡,锦江,低楼层 (共39层),西南,248万,28737元/平米,2013年
育才都市家园三期,3室2厅1厨2卫,123.2㎡,锦江,低楼层 (共6层),东南,285万,23134元/平米,2006年
沙河壹号一期,3室2厅1厨2卫,88.93㎡,锦江,高楼层 (共34层),东南,195万,21928元/平米,2011年
水碾河南三街18号,3室2厅1厨1卫,87.1㎡,锦江,中楼层 (共7层),北,135万,15500元/平米,未知年建/
卓锦城三期,2室2厅1厨1卫,89.9㎡,锦江,低楼层 (共24层),西南,172万,19133元/平米,2010年
鑫苑名家一期,2室2厅1厨1卫,62.45㎡,锦江,低楼层 (共34层),西南,115万,18415元/平米,2011年
柳江新居二期,2室1厅1厨1卫,72.81㎡,锦江,中楼层 (共6层),东北,118万,16207元/平米,2000年
万达锦华城,3室2厅1厨2卫,120.92㎡,锦江,低楼层 (共30层),西北,230万,19021元/平米,2008年
莲花逸都,2室1厅1厨1卫,80.87㎡,锦江,中楼层 (共34层),东南,199万,24608元/平米,2009年
钢管厂五区,2室2厅1厨1卫,82.1㎡,锦江,低楼层 (共7层),东南,130万,15835元/平米,2001年
东南苑,3室2厅1厨2卫,107.23㎡,锦江,高楼层 (共6层),东南,165万,15388元/平米,2001年
万科金润华府,2室2厅1厨1卫,67.64㎡,锦江,中楼层 (共35层),西南,185万,27351元/平米,2012年
点将台横街55号,2室1厅1厨1卫,47.65㎡,锦江,中楼层 (共7层),东南,88万,18468元/平米,未知年建/
锦江城市花园三期,2室1厅1厨1卫,47.64㎡,锦江,中楼层 (共34层),东南,92万,19312元/平米,2011年
锦江城市花园二期,2室1厅1厨1卫,47.05㎡,锦江,高楼层 (共34层),西北,100万,21254元/平米,2010年
锦江城市花园一期,2室1厅1厨1卫,48.67㎡,锦江,低楼层 (共34层),东南,98万,20136元/平米,2009年
新天美地,2室1厅1厨1卫,89.1㎡,锦江,中楼层 (共6层),西南,165万,18519元/平米,2005年
摩根中心,2室1厅1厨1卫,84.76㎡,锦江,低楼层 (共40层),东南,175万,20647元/平米,2012年
莲花新区北一巷8号院,2室1厅1厨1卫,72.2㎡,锦江,高楼层 (共7层),东南,102万,14128元/平米,2000年
学道街42号,3室2厅1厨2卫,139.75㎡,锦江,低楼层 (共28层),南,400万,28623元/平米,2000年
大王钰城,3室2厅1厨2卫,111.4㎡,锦江,高楼层 (共28层),东南,350万,31419元/平米,2014年
卓锦城一期,3室2厅1厨2卫,125.29㎡,锦江,低楼层 (共18层),东南,230万,18358元/平米,2006年
卓锦城六期,2室1厅1厨1卫,68.58㎡,锦江,中楼层 (共31层),东南,155万,22602元/平米,2014年
顺江路303号,3室1厅1厨1卫,73.24㎡,锦江,中楼层 (共7层),东南,146万,19935元/平米,1997年
锦蓉佳苑,2室2厅1厨1卫,86.93㎡,锦江,高楼层 (共32层),东南,200万,23008元/平米,2014年
晶蓝半岛一期,4室2厅1厨2卫,151.62㎡,锦江,低楼层 (共26层),西南,435万,28691元/平米,2007年
南府锦,3室2厅1厨2卫,117㎡,锦江,中楼层 (共18层),西南,270万,23077元/平米,2004年
锦绣阳光,4室2厅1厨2卫,164.99㎡,锦江,高楼层 (共6层),南,215万,13032元/平米,2005年
天悦龙庭,4室2厅1厨4卫,132.96㎡,锦江,高楼层 (共30层),南,594万,44676元/平米,2014年
翡翠城二期,4室3厅1厨3卫,216.49㎡,锦江,中楼层 (共5层),南 北,650万,30025元/平米,2006年
翡翠城五期,3室2厅1厨2卫,91.54㎡,锦江,高楼层 (共32层),东南,285万,31134元/平米,未知年建/
金红园,3室2厅1厨1卫,89.75㎡,锦江,低楼层 (共7层),南,125万,13928元/平米,2003年
翡翠城二期,6室3厅1厨2卫,184.1㎡,锦江,高楼层 (共17层),南 北,638万,34656元/平米,2006年
流星花园,3室1厅1厨2卫,121.3㎡,锦江,低楼层 (共16层),南,268万,22094元/平米,2003年
翡翠城二期,3室2厅1厨3卫,252.24㎡,锦江,低楼层 (共5层),东南,650万,25770元/平米,2006年
东润风景A区,4室2厅1厨2卫,138.76㎡,锦江,高楼层 (共6层),东北,277万,19963元/平米,1999年
南府锦,2室2厅1厨1卫,85.3㎡,锦江,中楼层 (共18层),东南,196万,22978元/平米,2004年
四海逸家二期,4室2厅1厨3卫,97㎡,锦江,低楼层 (共34层),南,320万,32990元/平米,2013年
江东民居二区,1室1厅1厨1卫,51.79㎡,锦江,中楼层 (共7层),北,95万,18344元/平米,未知年建/
财富中心,1室1厅1厨1卫,47.53㎡,锦江,中楼层 (共30层),东南,165万,34715元/平米,2005年
澳龙名城,1室1厅1厨1卫,46.86㎡,锦江,高楼层 (共18层),东南,130万,27743元/平米,2009年
万达锦华城,1室0厅1厨1卫,41.14㎡,锦江,中楼层 (共30层),东南,55万,13369元/平米,2008年
鑫苑名家一期,1室0厅0厨0卫,41㎡,锦江,高楼层 (共35层),东南,32.5万,7927元/平米,2011年
比华利国际城一期,3室1厅1厨2卫,123.2㎡,锦江,低楼层 (共32层),东 南,260万,21104元/平米,2008年
蓝润锦江春天,2室1厅1厨1卫,54.29㎡,锦江,高楼层 (共18层),西南,105万,19341元/平米,未知年建/
金府花园,2室1厅1厨1卫,85.5㎡,锦江,高楼层 (共28层),南,186万,21755元/平米,2004年
海桐二期,2室1厅1厨1卫,78.43㎡,锦江,低楼层 (共18层),南,112万,14281元/平米,2010年
蓉上坊一期,3室2厅1厨1卫,83.65㎡,锦江,高楼层 (共31层),东,226万,27018元/平米,2009年
东润风尚,1室1厅1厨1卫,48.24㎡,锦江,低楼层 (共12层),西北,80万,16584元/平米,2006年
明珠园一期,4室2厅1厨2卫,147.3㎡,锦江,中楼层 (共6层),东,220万,14936元/平米,2004年
鑫苑名家二期,1室1厅1厨1卫,48.85㎡,锦江,中楼层 (共34层),西 西北,85万,17401元/平米,2012年
莲桂苑,3室2厅1厨1卫,103.74㎡,锦江,低楼层 (共7层),东南,170万,16388元/平米,2001年
万达锦华城,1室0厅1厨1卫,42.54㎡,锦江,高楼层 (共30层),东南,50万,11754元/平米,2008年
锦江城市花园二期,2室1厅1厨1卫,51.14㎡,锦江,高楼层 (共34层),西南,95万,18577元/平米,2011年
交大绿岭一期,2室2厅1厨1卫,81.58㎡,锦江,高楼层 (共34层),东北,163.5万,20042元/平米,2009年
鑫苑名家二期,2室1厅1厨1卫,76.24㎡,锦江,高楼层 (共34层),南,145万,19019元/平米,未知年建/
锦绣阳光,4室2厅1厨2卫,164.91㎡,锦江,高楼层 (共6层),南 北,248万,15039元/平米,2005年
沙河壹号一期,3室1厅1厨1卫,79.46㎡,锦江,高楼层 (共34层),西南,180万,22653元/平米,2011年
蜀都花园,2室1厅1厨1卫,91.38㎡,锦江,中楼层 (共18层),西南,185万,20246元/平米,未知年建/
东洪广厦,2室2厅1厨1卫,71.01㎡,锦江,高楼层 (共32层),东南 西北,140万,19716元/平米,2013年
ICC天曜,2室2厅1厨1卫,103.06㎡,锦江,低楼层 (共39层),北,340万,32991元/平米,2015年
铁狮门晶融汇,2室1厅1厨2卫,89.96㎡,锦江,高楼层 (共40层),东,404万,44909元/平米,2013年
龙舟路60号,2室1厅1厨1卫,65.74㎡,锦江,中楼层 (共7层),南,122万,18558元/平米,1996年
锦江城市花园一期,2室2厅1厨1卫,89㎡,锦江,低楼层 (共34层),西北,160万,17978元/平米,2009年
鑫苑名家一期,2室1厅1厨1卫,55.42㎡,锦江,高楼层 (共34层),东南,108万,19488元/平米,2011年
翡翠城四期,2室1厅1厨2卫,96.57㎡,锦江,高楼层 (共29层),东南,190万,19675元/平米,2009年
财富中心,1室1厅1厨1卫,60.94㎡,锦江,低楼层 (共30层),南,180万,29538元/平米,2005年
锦江印象,2室1厅1厨1卫,87.95㎡,锦江,高楼层 (共31层),东南,207万,23537元/平米,2008年
锦海国际花园,4室1厅1厨2卫,182.2㎡,锦江,高楼层 (共24层),东南,364万,19979元/平米,2003年
卓锦城二期,3室2厅1厨2卫,136.29㎡,锦江,高楼层 (共24层),东南 北,240万,17610元/平米,2008年
粼江峰阁,2室1厅1厨1卫,103.12㎡,锦江,高楼层 (共31层),东南,230万,22305元/平米,2006年
青房云上一期,3室2厅1厨2卫,133.14㎡,锦江,低楼层 (共18层),东南,280万,21031元/平米,2003年
翡翠城二期,4室2厅1厨3卫,197.11㎡,锦江,低楼层 (共17层),西南,590万,29933元/平米,2006年
卓锦城六期,4室2厅1厨2卫,114.33㎡,锦江,高楼层 (共32层),西北,299万,26153元/平米,2014年
万科城市花园,2室2厅1厨2卫,85.58㎡,锦江,低楼层 (共6层),东南,258万,30148元/平米,2007年
翡翠城二期,4室3厅1厨2卫,216.43㎡,锦江,中楼层 (共5层),南,620万,28647元/平米,2006年
新沙河阳光水岸,4室2厅1厨3卫,174.06㎡,锦江,高楼层 (共6层),南,340万,19534元/平米,2005年
蜀都花园,1室1厅1厨1卫,58.92㎡,锦江,高楼层 (共18层),南,108万,18330元/平米,2002年
翡翠城二期,2室2厅1厨1卫,93.67㎡,锦江,高楼层 (共22层),东,280万,29893元/平米,2006年
东湖花园水晶座,2室1厅1厨1卫,69.75㎡,锦江,中楼层 (共11层),南,130万,18638元/平米,2006年
卓锦城二期,3室2厅1厨2卫,136.29㎡,锦江,高楼层 (共24层),东南,251万,18417元/平米,2008年
城隍庙街48号,3室2厅1厨1卫,120.44㎡,锦江,高楼层 (共7层),北,150万,12455元/平米,2000年
锦江城市花园二期,2室1厅1厨1卫,51㎡,锦江,高楼层 (共34层),西北,93万,18236元/平米,2010年
翡翠城二期,3室2厅1厨2卫,127.41㎡,锦江,低楼层 (共17层),南 北,370万,29041元/平米,2006年
蓝光凯丽香江,3室2厅1厨2卫,102㎡,锦江,低楼层 (共42层),西南,226万,22157元/平米,2009年
翡翠城二期,2室2厅1厨1卫,93.67㎡,锦江,高楼层 (共22层),东,280万,29893元/平米,2006年
东湖花园水晶座,2室1厅1厨1卫,69.75㎡,锦江,中楼层 (共11层),南,130万,18638元/平米,2006年
卓锦城二期,2室1厅1厨1卫,97.29㎡,锦江,低楼层 (共24层),南,170万,17474元/平米,2008年
书院西街58号,2室1厅1厨0卫,54.58㎡,锦江,中楼层 (共4层),东,126.5万,23177元/平米,未知年建
蓉上坊二期,4室2厅1厨2卫,93.3㎡,锦江,中楼层 (共25层),南 北,310万,33227元/平米,2010年
绿地锦天府,6室4厅1厨4卫,324㎡,锦江,低楼层 (共2层),装修情况精装,845万,26081元/平米,2014年
东润风尚,1室1厅1厨1卫,48.21㎡,锦江,高楼层 (共12层),东南,95万,19706元/平米,2006年
财富中心,1室1厅1厨1卫,47.92㎡,锦江,高楼层 (共30层),西北,155万,32346元/平米,2005年
鑫苑名家一期,3室2厅1厨1卫,79.66㎡,锦江,低楼层 (共34层),东南,158万,19835元/平米,2011年
翡翠城四期,3室1厅1厨2卫,152.27㎡,锦江,中楼层 (共32层),西,385万,25285元/平米,2009年
望江橡树林一期,2室2厅1厨1卫,85.88㎡,锦江,高楼层 (共33层),东,230万,26782元/平米,2009年
鑫苑名家一期,1室0厅1厨1卫,40.65㎡,锦江,中楼层 (共35层),东南,35万,8611元/平米,2011年
蓝谷地一二期,4室2厅1厨2卫,156.01㎡,锦江,低楼层 (共11层),东南,249万,15961元/平米,2006年
蓝谷地天域,3室2厅1厨1卫,89.66㎡,锦江,低楼层 (共31层),东,200万,22307元/平米,2012年
钢管厂五区,2室2厅1厨1卫,83.81㎡,锦江,低楼层 (共7层),东南,132万,15750元/平米,2001年
鑫苑名家一期,2室1厅1厨1卫,62.77㎡,锦江,中楼层 (共34层),东,115万,18321元/平米,2011年
锦江城市花园二期,2室1厅1厨1卫,50.19㎡,锦江,低楼层 (共34层),西北,90万,17932元/平米,2010年
卓锦城五期,3室2厅1厨1卫,87.92㎡,锦江,高楼层 (共33层),西北,230万,26161元/平米,2012年
莲花逸都,2室1厅1厨1卫,71.34㎡,锦江,低楼层 (共34层),东南,157万,22008元/平米,2009年
沙河壹号二期,3室2厅1厨1卫,84.44㎡,锦江,中楼层 (共34层),东,185万,21910元/平米,2013年
东湖国际,1室1厅1厨1卫,57.69㎡,锦江,高楼层 (共33层),东南,132万,22881元/平米,2012年
莲桂南路31号院,1室1厅1厨1卫,63.85㎡,锦江,中楼层 (共7层),南,90万,14096元/平米,未知年建/
卓锦城三期,1室1厅1厨1卫,66.29㎡,锦江,低楼层 (共24层),东南,146万,22025元/平米,2010年
城市理想,1室1厅1厨1卫,38.41㎡,锦江,中楼层 (共28层),东,60万,15621元/平米,2010年
城市理想,1室1厅1厨1卫,38.42㎡,锦江,中楼层 (共28层),东,60万,15617元/平米,2010年
年丰巷53号,2室2厅1厨1卫,89.65㎡,锦江,高楼层 (共7层),东南,150万,16732元/平米,2000年
望江嘉苑,3室2厅1厨2卫,117.79㎡,锦江,高楼层 (共6层),南,240万,20376元/平米,2005年
时代豪庭四期,3室2厅1厨2卫,162.88㎡,锦江,高楼层 (共40层),南,530万,32540元/平米,2011年
望江橡树林一期,3室2厅1厨2卫,130.42㎡,锦江,低楼层 (共33层),西,360万,27604元/平米,2009年
康郡,3室2厅1厨2卫,146㎡,锦江,中楼层 (共11层),南,300万,20548元/平米,2006年
时代豪庭四期,3室2厅1厨2卫,162.88㎡,锦江,高楼层 (共40层),南,530万,32540元/平米,2011年
卓锦城一期,3室1厅1厨2卫,133.93㎡,锦江,中楼层 (共18层),南,248万,18518元/平米,2006年
东安北左街41号,2室1厅1厨1卫,60.51㎡,锦江,低楼层 (共6层),南,145万,23963元/平米,2016年
卓锦城二期,3室2厅1厨2卫,125.67㎡,锦江,中楼层 (共18层),南 西南,225万,17905元/平米,2008年
康郡,3室2厅1厨2卫,146㎡,锦江,中楼层 (共11层),南,300万,20548元/平米,2006年
天誉花园,3室2厅1厨2卫,132.99㎡,锦江,高楼层 (共31层),北,400万,30078元/平米,2016年
锦江城市花园一期,3室1厅1厨1卫,88.64㎡,锦江,低楼层 (共34层),西南,160万,18051元/平米,未知年建/
万科城市花园,3室2厅1厨2卫,123.41㎡,锦江,中楼层 (共6层),东,410万,33223元/平米,2007年
东方桂苑,3室1厅1厨2卫,71.92㎡,锦江,高楼层 (共11层),东,150万,20857元/平米,2006年
翡翠城三期,2室2厅1厨1卫,91.5㎡,锦江,低楼层 (共33层),西南,263万,28744元/平米,2008年
摩根中心,2室1厅1厨1卫,88.55㎡,锦江,中楼层 (共40层),西南,180万,20328元/平米,2012年
顺江路17号,2室1厅1厨1卫,65㎡,锦江,中楼层 (共6层),西南,97.5万,15000元/平米,2000年
镏金岁月,3室1厅1厨1卫,106㎡,锦江,高楼层 (共33层),南,280万,26416元/平米,2010年
锦江国际花园,3室2厅1厨1卫,84.6㎡,锦江,低楼层 (共42层),南,170万,20095元/平米,2016年
锦江逸家,3室1厅1厨2卫,74㎡,锦江,中楼层 (共33层),西北 东北,200万,27028元/平米,2015年
摩玛城,2室1厅1厨1卫,86.68㎡,锦江,低楼层 (共40层),南,189万,21805元/平米,2011年
华韵天府,4室2厅1厨2卫,89.29㎡,锦江,高楼层 (共34层),北,205万,22959元/平米,2013年
鑫苑名家二期,2室1厅1厨1卫,64㎡,锦江,低楼层 (共34层),东南,125万,19532元/平米,2012年
四圣祠北街12号,3室1厅1厨1卫,72.02㎡,锦江,中楼层 (共7层),北,152万,21106元/平米,未知年建/
摩玛城,2室2厅1厨1卫,78.47㎡,锦江,高楼层 (共33层),东,175万,22302元/平米,2011年
锦江城市花园二期,1室1厅1厨1卫,47㎡,锦江,高楼层 (共34层),东南,95万,20213元/平米,2010年
海成大厦,3室2厅1厨2卫,176.67㎡,锦江,高楼层 (共19层),西北,260万,14717元/平米,2000年
望江橡树林一期,3室2厅1厨2卫,113㎡,锦江,低楼层 (共34层),北,313万,27700元/平米,2009年
时代豪庭四期,3室2厅1厨2卫,161.93㎡,锦江,中楼层 (共43层),东,520万,32113元/平米,2011年
锦江逸家,3室2厅1厨2卫,74㎡,锦江,低楼层 (共29层),东北,250万,33784元/平米,2015年
塔子山壹号,2室2厅1厨1卫,89.65㎡,锦江,中楼层 (共33层),西南,238万,26548元/平米,2015年
锦江城市花园一期,2室2厅1厨1卫,82.3㎡,锦江,低楼层 (共34层),东南,145万,17619元/平米,未知年建/
吉祥里,2室2厅1厨1卫,76.44㎡,锦江,低楼层 (共7层),北,210万,27473元/平米,未知年建/
蓝谷地一二期,3室2厅1厨2卫,115.91㎡,锦江,中楼层 (共11层),东 东南,230万,19843元/平米,2006年
仁恒滨河湾,3室2厅1厨2卫,179.55㎡,锦江,低楼层 (共27层),东南,580万,32303元/平米,2016年
鑫苑名家二期,2室1厅1厨1卫,64㎡,锦江,低楼层 (共34层),东南,125万,19532元/平米,2012年
塔子山壹号,2室2厅1厨1卫,89.65㎡,锦江,中楼层 (共33层),西南,238万,26548元/平米,2015年
锦江城市花园一期,2室2厅1厨1卫,82.3㎡,锦江,低楼层 (共34层),东南,145万,17619元/平米,未知年建/
蓝谷地三四期,3室2厅1厨2卫,126.5㎡,锦江,高楼层 (共13层),东南,212万,16759元/平米,2008年
时代豪庭四期,3室2厅1厨2卫,161.93㎡,锦江,中楼层 (共43层),东,520万,32113元/平米,2011年
仁恒滨河湾,3室2厅1厨2卫,179.55㎡,锦江,低楼层 (共27层),东南,580万,32303元/平米,2016年
卓锦城二期,3室2厅1厨2卫,125.67㎡,锦江,中楼层 (共18层),南 西南,225万,17905元/平米,2008年
翡翠城三期,2室2厅1厨1卫,91.5㎡,锦江,低楼层 (共33层),西南,263万,28744元/平米,2008年
万科城市花园,3室2厅1厨2卫,123.41㎡,锦江,中楼层 (共6层),东,410万,33223元/平米,2007年
东方桂苑,3室1厅1厨2卫,71.92㎡,锦江,高楼层 (共11层),东,150万,20857元/平米,2006年
锦江逸家,3室2厅1厨2卫,74㎡,锦江,低楼层 (共29层),东北,250万,33784元/平米,2015年
锦江城市花园三期,2室1厅1厨1卫,57.24㎡,锦江,中楼层 (共34层),东北,118万,20615元/平米,2011年
翡翠城一期,4室2厅1厨4卫,279.8㎡,锦江,中楼层 (共4层),装修情况精装,1180万,42173元/平米,2004年
时代豪庭三期,3室2厅1厨2卫,172.53㎡,锦江,高楼层 (共34层),东 南,598万,34661元/平米,2010年
育才都市家园二期,4室3厅1厨2卫,197.52㎡,锦江,高楼层 (共6层),东,350万,17720元/平米,2006年
万科城市花园,3室2厅1厨2卫,116.44㎡,锦江,中楼层 (共5层),西南,360万,30918元/平米,2007年
翡翠城四期,3室1厅1厨2卫,152.27㎡,锦江,中楼层 (共32层),西南,430万,28240元/平米,2009年
锦江城市花园二期,2室1厅1厨1卫,49.3㎡,锦江,中楼层 (共34层),东南,92万,18662元/平米,2010年
交大绿岭一期,3室2厅1厨1卫,84㎡,锦江,低楼层 (共34层),西北,180万,21429元/平米,2009年
澳龙名城,3室2厅1厨2卫,118.17㎡,锦江,中楼层 (共33层),西南,310万,26234元/平米,未知年建/
沙河壹号二期,3室1厅1厨1卫,95.13㎡,锦江,低楼层 (共34层),南,200万,21024元/平米,2013年
三洲娇子苑,3室2厅1厨2卫,117.17㎡,锦江,高楼层 (共18层),东北,305万,26031元/平米,2005年
翡翠城一期,2室2厅1厨1卫,81.5㎡,锦江,中楼层 (共11层),南,220万,26994元/平米,2004年
雕墅,1室1厅1厨1卫,55.67㎡,锦江,中楼层 (共33层),东南,180万,32334元/平米,2007年
澳龙名城,2室1厅1厨1卫,70㎡,锦江,中楼层 (共18层),东南,168万,24000元/平米,2009年
万科城市花园,3室2厅1厨2卫,112.44㎡,锦江,中楼层 (共5层),南,336万,29883元/平米,2007年
万科金润华府,2室2厅1厨1卫,64.71㎡,锦江,中楼层 (共35层),北,175万,27044元/平米,2012年
卓锦城六期,3室2厅1厨1卫,87.73㎡,锦江,中楼层 (共28层),东南,202万,23026元/平米,2014年
东湖国际,2室1厅1厨1卫,72.19㎡,锦江,低楼层 (共33层),东南,180万,24935元/平米,2012年
绿地468公馆二期,3室2厅1厨1卫,88.38㎡,锦江,低楼层 (共33层),南 北,208万,23535元/平米,2015年
华韵天府,4室2厅1厨1卫,88.47㎡,锦江,中楼层 (共39层),东南,206万,23285元/平米,2013年
华润凯旋天地,2室2厅1厨1卫,59.2㎡,锦江,高楼层 (共33层),东南,120万,20271元/平米,2015年
卓锦城六期,3室2厅1厨1卫,87.73㎡,锦江,中楼层 (共28层),东南,202万,23026元/平米,2014年
青和里南段98号,3室2厅1厨1卫,90.04㎡,锦江,高楼层 (共7层),东,145万,16104元/平米,1999年
龙井苑,3室2厅1厨1卫,110.5㎡,锦江,高楼层 (共7层),南,200万,18100元/平米,2007年
干槐树街8号,1室1厅1厨1卫,37㎡,锦江,高楼层 (共7层),南,111万,30000元/平米,未知年建/
时代豪庭一期,3室2厅1厨2卫,155.79㎡,锦江,低楼层 (共38层),东北,450万,28886元/平米,2009年
蜀都花园,2室1厅1厨1卫,93.64㎡,锦江,中楼层 (共18层),西南,190万,20291元/平米,未知年建/
卓锦城一期,2室2厅1厨2卫,94.97㎡,锦江,中楼层 (共6层),西南 东北,170万,17901元/平米,2006年
富丽苑,3室2厅1厨1卫,106.56㎡,锦江,高楼层 (共7层),东南,138万,12951元/平米,1999年
中莲池正街17号,3室0厅1厨1卫,78.49㎡,锦江,中楼层 (共5层),东南,197万,25099元/平米,未知年建/
万科城市花园,3室2厅1厨2卫,111.26㎡,锦江,中楼层 (共6层),东南,320万,28762元/平米,2007年
东府街7号,3室1厅1厨1卫,78.88㎡,锦江,高楼层 (共4层),东,182万,23074元/平米,未知年建/
喜年广场,1室0厅1厨1卫,46.89㎡,锦江,中楼层 (共32层),南,123万,26232元/平米,2010年
春熙商汇广场,1室0厅0厨0卫,43.18㎡,锦江,高楼层 (共22层),东,45万,10422元/平米,2005年
华都美林湾,1室0厅1厨1卫,36.56㎡,锦江,高楼层 (共33层),西南,65万,17779元/平米,未知年建/
万达锦华城,1室0厅1厨1卫,42.46㎡,锦江,高楼层 (共30层),北,55万,12954元/平米,2008年
锦江城市花园三期,2室2厅1厨1卫,73.26㎡,锦江,中楼层 (共34层),西北,150万,20476元/平米,2011年
城市理想,1室0厅1厨1卫,39.87㎡,锦江,中楼层 (共37层),东,145万,36369元/平米,2010年
一环路东四段87号,2室1厅1厨1卫,52.79㎡,锦江,低楼层 (共6层),南,92万,17428元/平米,1989年
城市理想,1室0厅1厨1卫,40.27㎡,锦江,高楼层 (共37层),南,148万,36752元/平米,2010年
蜀都花园,3室2厅1厨2卫,113.37㎡,锦江,高楼层 (共26层),北,215万,18965元/平米,2003年
锦洲花园,2室2厅1厨1卫,84.4㎡,锦江,中楼层 (共11层),北,177万,20972元/平米,2004年
紫东梵谷二期,2室2厅1厨1卫,90.07㎡,锦江,高楼层 (共11层),西北,150万,16654元/平米,2009年
沙河壹号一期,3室2厅1厨2卫,106㎡,锦江,中楼层 (共34层),南,238万,22453元/平米,2011年
万科城市花园,4室2厅1厨2卫,121.19㎡,锦江,高楼层 (共6层),南,370万,30531元/平米,2007年
明珠园二期,4室2厅1厨2卫,187.77㎡,锦江,高楼层 (共6层),南,288万,15338元/平米,2004年
上锦美地,3室2厅1厨1卫,93.56㎡,锦江,高楼层 (共41层),东北,230万,24584元/平米,2010年
锦江城市花园三期,2室2厅1厨1卫,54.01㎡,锦江,低楼层 (共34层),西北,100万,18516元/平米,2011年
锦江印象,2室1厅1厨1卫,90.55㎡,锦江,中楼层 (共31层),西,245万,27057元/平米,2008年
锦洲花园,2室2厅1厨1卫,84.4㎡,锦江,中楼层 (共11层),北,177万,20972元/平米,2004年
新半边街10号,4室2厅1厨1卫,144.25㎡,锦江,低楼层 (共7层),东,310万,21491元/平米,1996年
宏济新路95号,2室1厅1厨1卫,73.9㎡,锦江,中楼层 (共7层),南 北,108万,14615元/平米,1985年
锦江城市花园二期,2室1厅1厨1卫,72㎡,锦江,低楼层 (共34层),西南,130万,18056元/平米,2010年
翡翠城四期,1室0厅0厨1卫,46.4㎡,锦江,高楼层 (共32层),东南,110万,23707元/平米,2009年
东南苑,2室1厅1厨1卫,72.6㎡,锦江,低楼层 (共7层),南,120万,16529元/平米,2001年
鑫苑名家一期,2室1厅1厨1卫,55.52㎡,锦江,中楼层 (共34层),南,105万,18913元/平米,2011年
镏金岁月,2室2厅1厨1卫,79.88㎡,锦江,中楼层 (共33层),南,200万,25038元/平米,2010年
卓锦城四期,3室2厅1厨2卫,126㎡,锦江,低楼层 (共32层),西南,240万,19048元/平米,2010年
绿地锦天府,3室1厅1厨2卫,183.56㎡,锦江,低楼层 (共30层),南 北,560万,30508元/平米,2014年
翡翠城一期,3室2厅1厨2卫,131.65㎡,锦江,中楼层 (共5层),南,405万,30764元/平米,2004年
天紫界,2室1厅1厨1卫,58.3㎡,锦江,高楼层 (共55层),西北,128万,21956元/平米,2011年
东润风尚,2室1厅1厨1卫,60.81㎡,锦江,低楼层 (共12层),东,142万,23352元/平米,2006年
蓝光凯丽香江,3室1厅1厨2卫,105.01㎡,锦江,低楼层 (共42层),东南,220万,20951元/平米,2009年
万科金润华府,2室2厅1厨1卫,65㎡,锦江,高楼层 (共35层),西北,180万,27693元/平米,2012年
绿地468公馆三期,3室1厅1厨1卫,90.02㎡,锦江,低楼层 (共33层),西南,205万,22773元/平米,2015年
都市公寓,3室2厅1厨2卫,131.33㎡,锦江,中楼层 (共7层),西南,260万,19798元/平米,2016年
紫东苑,4室2厅1厨2卫,167.52㎡,锦江,中楼层 (共25层),南,320万,19103元/平米,2002年
林科院宿舍,3室1厅1厨1卫,73.58㎡,锦江,中楼层 (共7层),东南,150万,20386元/平米,未知年建/
五福苑,2室2厅1厨1卫,80.63㎡,锦江,高楼层 (共7层),东南,115万,14263元/平米,1999年
蜀都花园,1室1厅1厨1卫,58.78㎡,锦江,中楼层 (共22层),东北,117万,19905元/平米,2003年
望江橡树林一期,4室2厅1厨2卫,169.08㎡,锦江,高楼层 (共33层),南,350万,20701元/平米,2009年
铁狮门晶融汇,1室1厅1厨1卫,70.38㎡,锦江,中楼层 (共40层),南,295万,41916元/平米,2013年
流星花园,2室1厅1厨1卫,82.57㎡,锦江,高楼层 (共16层),东 东南,200万,24222元/平米,2003年
朗基望今缘,4室2厅1厨4卫,278㎡,锦江,中楼层 (共29层),南 北,850万,30576元/平米,2013年
五世同堂街44号,3室2厅1厨2卫,148.68㎡,锦江,中楼层 (共7层),东,230万,15470元/平米,2000年
爱丁郡院,3室2厅1厨2卫,113.17㎡,锦江,低楼层 (共18层),南,226万,19970元/平米,2009年
交大绿岭一期,2室2厅1厨1卫,83.19㎡,锦江,低楼层 (共34层),东南,170万,20436元/平米,2009年
东城拐下街1号,3室1厅1厨1卫,77.43㎡,锦江,高楼层 (共7层),南,115万,14853元/平米,1999年
锦江城市花园一期,3室2厅1厨2卫,106㎡,锦江,中楼层 (共34层),南,251万,23680元/平米,2009年
澳龙名城,3室2厅1厨2卫,147.62㎡,锦江,高楼层 (共7层),南,400万,27097元/平米,2009年
爱丁郡院,3室2厅1厨2卫,113.17㎡,锦江,低楼层 (共18层),南,226万,19970元/平米,2009年
蓉上坊一期,2室1厅1厨1卫,91.39㎡,锦江,中楼层 (共31层),东南 西南,210万,22979元/平米,2009年
卓锦城四期,2室2厅1厨1卫,88.17㎡,锦江,高楼层 (共32层),西北,178万,20189元/平米,2010年
万科城市花园,3室2厅1厨2卫,127㎡,锦江,中楼层 (共11层),西南,356万,28032元/平米,2007年
锦绣阳光,3室2厅1厨2卫,123.05㎡,锦江,高楼层 (共6层),西,198万,16092元/平米,2005年
望江橡树林一期,3室1厅1厨1卫,98.65㎡,锦江,高楼层 (共34层),南 北,270万,27370元/平米,2009年
蓝谷地天域,3室2厅1厨2卫,139.14㎡,锦江,中楼层 (共31层),西北,236万,16962元/平米,2011年
东洪广厦,2室1厅1厨1卫,72.2㎡,锦江,高楼层 (共33层),东南 西北,130万,18006元/平米,2013年
交大绿岭一期,2室2厅1厨1卫,83.19㎡,锦江,低楼层 (共34层),东南,170万,20436元/平米,2009年
东城拐下街1号,3室1厅1厨1卫,77.43㎡,锦江,高楼层 (共7层),南,115万,14853元/平米,1999年
锦江城市花园一期,3室2厅1厨2卫,106㎡,锦江,中楼层 (共34层),南,251万,23680元/平米,2009年
东光街南一巷1号,2室1厅1厨1卫,67.28㎡,锦江,高楼层 (共7层),东南 南,100万,14864元/平米,未知年建/
摩根中心,2室2厅2厨1卫,88.55㎡,锦江,高楼层 (共40层),东,186万,21006元/平米,2012年
弘邦领邸,2室1厅1厨1卫,71.48㎡,锦江,中楼层 (共32层),东,248万,34696元/平米,2009年
翡翠城一期,4室2厅1厨2卫,128.64㎡,锦江,中楼层 (共11层),北,425万,33038元/平米,2004年
锦蓉佳苑,2室2厅1厨1卫,84.83㎡,锦江,中楼层 (共31层),东 南,212万,24992元/平米,2014年
蓉上坊一期,2室1厅1厨1卫,48.38㎡,锦江,高楼层 (共31层),东南,145万,29972元/平米,2009年
下莲池街1号,3室2厅1厨1卫,102.21㎡,锦江,低楼层 (共7层),南,190万,18590元/平米,2000年
水碾河南三街18号,2室1厅1厨1卫,71.92㎡,锦江,高楼层 (共7层),西,108万,15017元/平米,未知年建/
蓉上坊一期,2室1厅1厨1卫,92.18㎡,锦江,中楼层 (共31层),西南,210万,22782元/平米,2009年
锦江城市花园二期,2室2厅1厨1卫,79.85㎡,锦江,低楼层 (共34层),东南,150万,18786元/平米,2010年
鑫苑名家一期,2室1厅1厨1卫,55.52㎡,锦江,高楼层 (共34层),南,102万,18372元/平米,2011年
鑫苑名家一期,2室2厅1厨1卫,63.32㎡,锦江,中楼层 (共34层),西南,105万,16583元/平米,2011年
香江花园,2室1厅1厨1卫,76.28㎡,锦江,低楼层 (共6层),北,120万,15732元/平米,2003年
晶蓝半岛一期,3室2厅2厨1卫,135.54㎡,锦江,低楼层 (共26层),西南,425万,31357元/平米,2007年
卓锦城五期,3室2厅1厨1卫,87.49㎡,锦江,低楼层 (共33层),东南,205万,23432元/平米,2012年
锦江城市花园一期,3室2厅1厨1卫,89.77㎡,锦江,中楼层 (共34层),西北,180万,20052元/平米,未知年建/
卓锦城五期,3室2厅1厨1卫,87.49㎡,锦江,中楼层 (共33层),东北,200万,22860元/平米,2012年
锦江华庭,3室2厅1厨2卫,125.72㎡,锦江,低楼层 (共21层),东北,290万,23068元/平米,2007年
晶蓝半岛一期,3室2厅2厨1卫,135.54㎡,锦江,低楼层 (共26层),西南,425万,31357元/平米,2007年
卓锦城一期,3室2厅1厨2卫,123.22㎡,锦江,高楼层 (共6层),东南,235万,19072元/平米,2006年
缤舍,1室1厅1厨1卫,56.49㎡,锦江,中楼层 (共31层),北,142万,25138元/平米,2008年
锦江城市花园一期,3室2厅1厨1卫,89.77㎡,锦江,中楼层 (共34层),西北,180万,20052元/平米,未知年建/
卓锦城五期,3室2厅1厨1卫,87.49㎡,锦江,中楼层 (共33层),东北,200万,22860元/平米,2012年
卓锦城二期,3室2厅1厨2卫,123.25㎡,锦江,低楼层 (共18层),南,240万,19473元/平米,2008年
锦江华庭,3室2厅1厨2卫,125.72㎡,锦江,低楼层 (共21层),东北,290万,23068元/平米,2007年
昭忠祠街47号院,4室2厅1厨2卫,121.62㎡,锦江,中楼层 (共7层),西北,190万,15623元/平米,1996年
金海岸公寓,3室2厅2厨2卫,109.21㎡,锦江,中楼层 (共25层),西北,188万,17215元/平米,2001年
粼江峰阁,2室2厅1厨2卫,120.14㎡,锦江,高楼层 (共29层),东南,300万,24971元/平米,2006年
燕鲁公所街10号,3室2厅1厨2卫,100㎡,锦江,高楼层 (共7层),北,150万,15000元/平米,2000年
金泉街48号,3室2厅1厨2卫,107.63㎡,锦江,中楼层 (共7层),西南,200万,18583元/平米,2000年
锦海国际花园,3室2厅1厨2卫,151.68㎡,锦江,低楼层 (共24层),东南,288万,18988元/平米,2003年
四海逸家二期,4室2厅1厨2卫,87.58㎡,锦江,低楼层 (共34层),西北,390万,44531元/平米,2013年
卓锦城五期,3室1厅1厨2卫,86.59㎡,锦江,高楼层 (共29层),西南,175万,20211元/平米,2012年
中港悦蓉府,2室2厅1厨1卫,70.08㎡,锦江,低楼层 (共34层),东北,130万,18551元/平米,2013年
都市驿站,1室0厅1厨1卫,49.09㎡,锦江,中楼层 (共13层),东,137万,27908元/平米,2003年
万科城市花园,3室2厅1厨2卫,129.55㎡,锦江,低楼层 (共6层),南,398万,30722元/平米,2007年
鑫苑名家二期,3室1厅1厨2卫,110.67㎡,锦江,中楼层 (共34层),北,210万,18976元/平米,未知年建/
朗御,3室2厅1厨4卫,226.1㎡,锦江,高楼层 (共51层),西南 西,620万,27422元/平米,2012年
金领大厦,2室2厅1厨1卫,93.33㎡,锦江,高楼层 (共32层),南,158万,16930元/平米,未知年建
较场坝东街67号,1室1厅1厨1卫,45.13㎡,锦江,低楼层 (共7层),南,82万,18170元/平米,未知年建/
望江橡树林一期,2室2厅1厨1卫,81.44㎡,锦江,低楼层 (共34层),南,235万,28856元/平米,2009年
莲花逸都,1室1厅1厨1卫,56㎡,锦江,高楼层 (共34层),东北,133万,23750元/平米,2009年
大观祥苑,1室1厅1厨1卫,50.21㎡,锦江,低楼层 (共22层),东,90万,17925元/平米,未知年建/
大观祥苑,1室1厅1厨1卫,50.46㎡,锦江,低楼层 (共22层),东,90万,17836元/平米,未知年建/
喜年广场,1室0厅1厨1卫,47.48㎡,锦江,中楼层 (共32层),东,123万,25906元/平米,2010年
城市博客VC时代,1室1厅1厨1卫,47.46㎡,锦江,高楼层 (共33层),西,110万,23178元/平米,2009年
莲花新一区,1室1厅1厨1卫,47.93㎡,锦江,高楼层 (共7层),东南,76万,15857元/平米,2002年
翡翠城五期,3室1厅1厨2卫,88.79㎡,锦江,中楼层 (共32层),东南 南,290万,32662元/平米,2011年
爱丁郡院,1室1厅1厨1卫,45.77㎡,锦江,低楼层 (共18层),北,87万,19009元/平米,2009年
澳龙名城,2室1厅1厨1卫,67.03㎡,锦江,低楼层 (共18层),东南,152万,22677元/平米,2009年
春熙商汇广场,1室0厅0厨1卫,42.38㎡,锦江,中楼层 (共22层),东,42.8万,10100元/平米,2005年
融创四海逸家,4室2厅1厨3卫,97.64㎡,锦江,中楼层 (共38层),西北,428万,43835元/平米,2015年
绿野天城,5室1厅1厨2卫,144.74㎡,锦江,高楼层 (共18层),东南,275万,19000元/平米,2007年
新半边街10号,5室2厅1厨2卫,148.69㎡,锦江,高楼层 (共7层),南,320万,21522元/平米,1996年
万科金润华府,2室2厅1厨1卫,70.14㎡,锦江,高楼层 (共35层),西南,185万,26376元/平米,2012年
卓锦城二期,2室2厅1厨2卫,95.6㎡,锦江,中楼层 (共24层),西南,178万,18620元/平米,2008年
绿地468公馆三期,3室1厅1厨1卫,89㎡,锦江,高楼层 (共33层),西北,228万,25618元/平米,2015年
锦上花,1室1厅1厨1卫,52.57㎡,锦江,中楼层 (共11层),东北,100万,19023元/平米,2004年
锦江明珠,2室1厅1厨1卫,60.35㎡,锦江,中楼层 (共32层),西,225万,37283元/平米,2009年
和贵苑,2室1厅1厨1卫,59.14㎡,锦江,高楼层 (共6层),东南,140万,23673元/平米,未知年建/
华润幸福里一期,2室2厅1厨1卫,75.87㎡,锦江,高楼层 (共32层),西北,190万,25043元/平米,2014年
上海东韵,1室0厅1厨1卫,40.07㎡,锦江,低楼层 (共30层),北,95万,23709元/平米,2012年
上行汇锦,3室2厅1厨2卫,110.87㎡,锦江,低楼层 (共34层),东南,280万,25255元/平米,2009年
澳龙名城,2室1厅1厨1卫,74.82㎡,锦江,低楼层 (共33层),东北,218万,29137元/平米,未知年建/
时代豪庭一期,2室1厅1厨2卫,106㎡,锦江,低楼层 (共33层),南,313万,29529元/平米,2009年
铁狮门晶融汇,2室2厅1厨2卫,94.51㎡,锦江,中楼层 (共40层),南,380万,40208元/平米,2013年
比华利国际城一期,3室2厅1厨2卫,123.2㎡,锦江,高楼层 (共32层),南,280万,22728元/平米,2008年
华润凯旋天地,3室2厅1厨2卫,78.89㎡,锦江,低楼层 (共26层),西北,185万,23451元/平米,2015年
阳光365,1室0厅1厨1卫,33.11㎡,锦江,高楼层 (共18层),西,132万,39868元/平米,2005年
俊发星雅俊园,2室1厅1厨1卫,67.21㎡,锦江,低楼层 (共33层),东南,135万,20087元/平米,2015年
塔子山壹号,4室1厅1厨2卫,138.34㎡,锦江,中楼层 (共34层),东南 西北,433万,31300元/平米,2015年
锦蓉佳苑,3室2厅1厨1卫,97.8㎡,锦江,中楼层 (共32层),南,225万,23007元/平米,2014年
莲花逸都,2室2厅1厨1卫,82.51㎡,锦江,高楼层 (共34层),西南,195万,23634元/平米,2009年
时代豪庭四期,3室2厅1厨2卫,217㎡,锦江,高楼层 (共37层),西南,675万,31106元/平米,2011年
ICC天曜,2室2厅1厨1卫,103.46㎡,锦江,低楼层 (共39层),北,330万,31897元/平米,2015年
锦江城市花园一期,2室2厅1厨1卫,75.29㎡,锦江,中楼层 (共34层),东南,135万,17931元/平米,2009年
翡翠城五期,2室2厅1厨1卫,77.45㎡,锦江,高楼层 (共32层),北,240万,30988元/平米,2011年
喜年广场,1室0厅1厨1卫,46.89㎡,锦江,高楼层 (共32层),东 南,139万,29644元/平米,2010年
喜年广场,1室0厅1厨1卫,46.89㎡,锦江,高楼层 (共32层),东 南,139万,29644元/平米,2010年
领域,3室2厅1厨2卫,127.09㎡,锦江,中楼层 (共6层),西南,198万,15580元/平米,2005年
东景雅苑,2室1厅1厨1卫,88.3㎡,锦江,高楼层 (共6层),南,185万,20952元/平米,2004年
五福苑,3室1厅1厨1卫,81.41㎡,锦江,中楼层 (共7层),东,130万,15969元/平米,1999年
锦江城市花园一期,3室2厅1厨2卫,103.76㎡,锦江,低楼层 (共34层),南,202万,19469元/平米,2009年
锦江城市花园一期,2室1厅1厨1卫,48.73㎡,锦江,高楼层 (共34层),南,100万,20522元/平米,未知年建/
缤舍,2室1厅1厨1卫,59㎡,锦江,中楼层 (共31层),东,160万,27119元/平米,2008年
卓锦城二期,2室2厅1厨2卫,92.5㎡,锦江,中楼层 (共24层),西北,187万,20217元/平米,2008年
锦江城市花园一期,2室2厅1厨1卫,89.24㎡,锦江,中楼层 (共34层),西,180万,20171元/平米,未知年建/
锦江城市花园一期,2室1厅1厨1卫,51.75㎡,锦江,中楼层 (共34层),南,95万,18358元/平米,未知年建/
望江橡树林一期,3室1厅1厨2卫,113.21㎡,锦江,低楼层 (共34层),北,335万,29592元/平米,2009年
东南苑,2室1厅1厨1卫,72.6㎡,锦江,中楼层 (共7层),南,130万,17907元/平米,2001年
东海花园,3室1厅1厨2卫,130.52㎡,锦江,高楼层 (共6层),西南,326万,24978元/平米,未知年建/
牛王庙后街28号,3室2厅2厨2卫,136.78㎡,锦江,低楼层 (共6层),南,290万,21202元/平米,未知年建/
时代豪庭一期,2室2厅1厨2卫,116.28㎡,锦江,低楼层 (共35层),南,380万,32680元/平米,2009年
东湖国际,4室2厅1厨2卫,133㎡,锦江,低楼层 (共33层),东北,380万,28572元/平米,2012年
东方新城一期,2室2厅1厨1卫,91.82㎡,锦江,中楼层 (共11层),南,182万,19822元/平米,2007年
锦江城市花园一期,2室1厅1厨1卫,82.54㎡,锦江,中楼层 (共34层),东南,171万,20718元/平米,2009年
万科城市花园,3室2厅1厨2卫,124㎡,锦江,中楼层 (共11层),东,330万,26613元/平米,2007年
雕墅,2室1厅1厨1卫,74.68㎡,锦江,高楼层 (共33层),东南,220万,29460元/平米,2007年
华固一品,3室1厅1厨1卫,81.95㎡,锦江,低楼层 (共20层),南,140万,17084元/平米,2015年
绿地468云玺四期,2室2厅1厨1卫,77.37㎡,锦江,低楼层 (共39层),西北,190万,24558元/平米,未知年建/
万科金润华府,2室2厅1厨1卫,65.26㎡,锦江,低楼层 (共35层),东南,168万,25744元/平米,2012年
春禧商务酒店,2室1厅1厨1卫,73.44㎡,锦江,中楼层 (共14层),东南,185万,25191元/平米,2006年
指挥街99号,4室2厅1厨2卫,117.16㎡,锦江,低楼层 (共8层),西,315万,26887元/平米,未知年建
锦江城市花园一期,2室1厅1厨1卫,47.62㎡,锦江,低楼层 (共34层),西北,88万,18480元/平米,2009年
鑫苑名家一期,3室2厅1厨1卫,104.29㎡,锦江,中楼层 (共34层),东南,190万,18219元/平米,2011年
东方新城一期,1室0厅1厨1卫,40.34㎡,锦江,高楼层 (共12层),东,60.6万,15023元/平米,2007年
泰丰佳寓,3室2厅1厨2卫,135.38㎡,锦江,中楼层 (共7层),西南,285万,21052元/平米,2000年
都市驿站,1室0厅1厨1卫,49.13㎡,锦江,中楼层 (共13层),东,137万,27886元/平米,2003年
东城叠苑,4室3厅1厨2卫,192.4㎡,锦江,中楼层 (共8层),东南,240万,12475元/平米,2002年
康郡,4室2厅1厨3卫,181㎡,锦江,低楼层 (共4层),装修情况其他,550万,30387元/平米,2006年
望江橡树林一期,4室2厅1厨2卫,151.62㎡,锦江,高楼层 (共33层),西北,478万,31527元/平米,2009年
四海逸家一期,4室2厅1厨3卫,129.21㎡,锦江,低楼层 (共33层),西南,438万,33899元/平米,2010年
时代豪庭四期,3室2厅1厨2卫,217.69㎡,锦江,中楼层 (共37层),西,690万,31697元/平米,2011年
正成翡翠琉璃,1室0厅1厨1卫,37.05㎡,锦江,中楼层 (共33层),东,35万,9447元/平米,2012年
翡翠城三期,5室2厅1厨2卫,304.61㎡,锦江,低楼层 (共3层),装修情况毛坯,800万,26264元/平米,2008年
锦江城市花园一期,2室2厅1厨1卫,82.54㎡,锦江,中楼层 (共34层),东南,170万,20597元/平米,2009年
朝阳逸景,3室1厅1厨1卫,99.35㎡,锦江,高楼层 (共11层),东北,228万,22950元/平米,2014年
时代豪庭一期,2室2厅1厨2卫,106㎡,锦江,中楼层 (共38层),东南,400万,37736元/平米,2009年
卓锦城六期,3室2厅1厨1卫,87.8㎡,锦江,中楼层 (共32层),东南,207.5万,23634元/平米,2014年
鑫苑名家一期,2室1厅1厨1卫,62.61㎡,锦江,低楼层 (共34层),西南,113万,18049元/平米,2011年
锦江逸家,3室1厅1厨1卫,63㎡,锦江,中楼层 (共29层),东南,166万,26350元/平米,2015年
光辉岁月,2室1厅1厨1卫,62.27㎡,锦江,高楼层 (共12层),西北,120万,19271元/平米,2004年
鑫苑名家二期,1室1厅1厨1卫,48.82㎡,锦江,中楼层 (共34层),西,81万,16592元/平米,未知年建/
锦上花,1室1厅1厨1卫,48.17㎡,锦江,中楼层 (共11层),东南,95万,19722元/平米,2004年
正成翡翠琉璃,1室0厅1厨1卫,37.05㎡,锦江,中楼层 (共33层),西,37万,9987元/平米,2012年
时代豪庭四期,3室2厅1厨4卫,217.86㎡,锦江,低楼层 (共43层),西,680万,31213元/平米,2011年
科甲大厦,1室0厅1厨1卫,40.16㎡,锦江,高楼层 (共19层),东,79万,19672元/平米,2005年
万达锦华城,1室1厅1厨1卫,41.03㎡,锦江,高楼层 (共30层),东,52万,12674元/平米,2008年
融创四海逸家,4室2厅1厨3卫,87㎡,锦江,低楼层 (共40层),东 东北,390万,44828元/平米,2015年
卓锦城二期,3室2厅1厨2卫,130.84㎡,锦江,低楼层 (共6层),西南,260万,19872元/平米,2008年
滨江中路1号,4室1厅1厨1卫,102㎡,锦江,高楼层 (共7层),南,233万,22844元/平米,1992年
翡翠城四期,3室2厅1厨1卫,86.56㎡,锦江,中楼层 (共32层),西南,252万,29113元/平米,2009年
下莲池街2号,3室1厅1厨1卫,106㎡,锦江,低楼层 (共7层),南,190万,17925元/平米,未知年建/
三圣街21号,2室1厅1厨1卫,58.69㎡,锦江,高楼层 (共6层),西,130万,22151元/平米,未知年建/
点将台街48号,2室1厅1厨1卫,70.8㎡,锦江,中楼层 (共6层),东,128万,18080元/平米,1999年
华都美林湾,3室1厅1厨2卫,132㎡,锦江,高楼层 (共33层),西南,235万,17804元/平米,2012年
天仙桥南路3号,3室1厅1厨1卫,105.09㎡,锦江,高楼层 (共7层),南,160万,15226元/平米,2000年
福字街1号,3室1厅1厨1卫,64.48㎡,锦江,低楼层 (共7层),南,168万,26055元/平米,1994年
融创四海逸家,4室2厅1厨2卫,97.06㎡,锦江,低楼层 (共40层),东北,380万,39152元/平米,2015年
望江嘉苑,4室2厅1厨2卫,177.46㎡,锦江,高楼层 (共6层),东北,336万,18934元/平米,2003年
四海逸家一期,4室1厅1厨3卫,97.24㎡,锦江,中楼层 (共32层),东南,390万,40107元/平米,2010年
金海岸公寓,4室2厅1厨2卫,166㎡,锦江,中楼层 (共25层),南,270万,16266元/平米,2001年
红星路一段35号,2室2厅1厨1卫,76.27㎡,锦江,中楼层 (共7层),南,102万,13374元/平米,1996年
正成财富ID,1室1厅1厨1卫,53.96㎡,锦江,低楼层 (共31层),东,100万,18533元/平米,2005年
蓝光郁金香花园广场,1室1厅1厨1卫,59㎡,锦江,中楼层 (共12层),北,138万,23390元/平米,2006年
万科城市花园,1室1厅1厨1卫,85.07㎡,锦江,中楼层 (共11层),西南,196.6万,23111元/平米,2007年
泰华大厦,2室1厅1厨1卫,87.23㎡,锦江,中楼层 (共34层),北,174万,19948元/平米,1999年
东较场街125号,2室1厅1厨1卫,63.15㎡,锦江,中楼层 (共6层),西北,88万,13936元/平米,1998年
雕墅,2室1厅1厨1卫,75㎡,锦江,高楼层 (共33层),东南,230万,30667元/平米,2007年
交大绿岭一期,1室1厅1厨1卫,55.14㎡,锦江,低楼层 (共34层),西北,130万,23577元/平米,2009年
蓝光时代华章,1室0厅0厨1卫,37.48㎡,锦江,高楼层 (共15层),东南,88.8万,23693元/平米,2003年
SOHO我的寓所,1室1厅1厨1卫,36.81㎡,锦江,高楼层 (共16层),南,89万,24179元/平米,2002年
国嘉新视界,2室1厅1厨1卫,67.57㎡,锦江,中楼层 (共32层),西南,135万,19980元/平米,2009年
世代锦江华宅,5室2厅1厨2卫,193㎡,锦江,低楼层 (共24层),西北,420万,21762元/平米,2005年
翰林美居,2室1厅1厨1卫,66.28㎡,锦江,中楼层 (共11层),东南 南,210万,31684元/平米,2015年
锦江逸家,3室2厅1厨2卫,88.76㎡,锦江,低楼层 (共33层),西南,205万,23096元/平米,2015年
青龙横街37号,2室1厅1厨1卫,48.9㎡,锦江,中楼层 (共7层),西南,98万,20041元/平米,2000年
绿地锦天府,4室2厅1厨5卫,319.86㎡,锦江,低楼层 (共2层),装修情况其他,788万,24636元/平米,2014年
蓝光郁金香花园广场,1室1厅1厨1卫,42.35㎡,锦江,高楼层 (共12层),南,100万,23613元/平米,2006年
育才都市家园二期,3室2厅1厨2卫,129㎡,锦江,低楼层 (共11层),西,270万,20931元/平米,2006年
盛华苑,2室2厅1厨1卫,71.95㎡,锦江,中楼层 (共7层),东南,115万,15984元/平米,2002年
玉皇观街1号,3室1厅1厨1卫,79.48㎡,锦江,中楼层 (共7层),东,130万,16357元/平米,1998年
鑫苑名家一期,3室1厅1厨1卫,78.64㎡,锦江,低楼层 (共34层),东南,147万,18693元/平米,2011年
蜀都花园,2室2厅1厨2卫,95.04㎡,锦江,中楼层 (共20层),西,171万,17993元/平米,2003年
卓锦城二期,2室2厅1厨2卫,96.61㎡,锦江,中楼层 (共24层),西南,175万,18115元/平米,2008年
弘邦领邸,2室1厅1厨1卫,61.88㎡,锦江,中楼层 (共32层),东 东南,215万,34745元/平米,2009年
蓝谷地天域,3室2厅1厨2卫,118.54㎡,锦江,高楼层 (共33层),东南,210万,17716元/平米,2009年
康郡,3室1厅1厨2卫,112㎡,锦江,高楼层 (共11层),南,252万,22500元/平米,2006年
卓锦城二期,2室2厅1厨2卫,96.61㎡,锦江,中楼层 (共24层),西南,175万,18115元/平米,2008年
弘邦领邸,2室1厅1厨1卫,61.88㎡,锦江,中楼层 (共32层),东 东南,215万,34745元/平米,2009年
比华利国际城一期,3室2厅1厨1卫,100.31㎡,锦江,中楼层 (共26层),南 西南,220万,21933元/平米,2008年
蓝谷地天域,3室2厅1厨2卫,118.54㎡,锦江,高楼层 (共33层),东南,210万,17716元/平米,2009年
康郡,3室1厅1厨2卫,112㎡,锦江,高楼层 (共11层),南,252万,22500元/平米,2006年
莱茵春天,2室1厅1厨1卫,78.81㎡,锦江,中楼层 (共19层),西,200万,25378元/平米,2003年
万达锦华城,1室0厅1厨1卫,41.04㎡,锦江,中楼层 (共30层),东,48万,11696元/平米,2008年
鑫苑名家一期,3室2厅1厨1卫,78.64㎡,锦江,低楼层 (共34层),东南,150万,19075元/平米,2011年
锦海国际花园,3室1厅1厨1卫,99.94㎡,锦江,高楼层 (共24层),西南,239万,23915元/平米,2003年
万科城市花园,4室1厅1厨2卫,149㎡,锦江,低楼层 (共6层),南 北,520万,34900元/平米,2007年
万达锦华城,1室0厅1厨1卫,43.95㎡,锦江,中楼层 (共30层),东,50万,11377元/平米,2008年
翡翠城三期,3室2厅1厨2卫,138.6㎡,锦江,中楼层 (共6层),南,430万,31025元/平米,2008年
五福苑,2室2厅1厨1卫,76.34㎡,锦江,中楼层 (共7层),东南,110万,14410元/平米,1999年
龙王庙正街122号,3室1厅1厨1卫,80.1㎡,锦江,中楼层 (共7层),南 北,170万,21224元/平米,1990年
时代豪庭一期,3室2厅1厨2卫,154.51㎡,锦江,高楼层 (共35层),东北,465万,30096元/平米,2009年
财富中心,2室1厅1厨1卫,71.28㎡,锦江,低楼层 (共30层),南,200万,28059元/平米,2005年
紫气东来,2室1厅1厨1卫,74.77㎡,锦江,中楼层 (共18层),东南,125万,16718元/平米,未知年建
鑫苑名家二期,2室2厅1厨1卫,64.51㎡,锦江,中楼层 (共34层),东南,125万,19377元/平米,2012年
青房云上二期,2室2厅1厨1卫,89.82㎡,锦江,中楼层 (共18层),东南,206万,22935元/平米,2007年
锦江城市花园三期,2室1厅1厨1卫,56.94㎡,锦江,中楼层 (共34层),东南,108万,18968元/平米,2011年
万科城市花园,3室1厅1厨2卫,110㎡,锦江,低楼层 (共6层),东南,310万,28182元/平米,2007年
蓝谷地三四期,2室2厅1厨1卫,88.12㎡,锦江,低楼层 (共13层),南,172万,19519元/平米,2008年
南纱帽街31号院,2室1厅1厨1卫,58.53㎡,锦江,高楼层 (共7层),东南,130万,22211元/平米,未知年建/
万科金色城市,3室1厅1厨1卫,87㎡,锦江,中楼层 (共35层),东南,165万,18966元/平米,2016年
鑫苑名家一期,3室2厅1厨1卫,79.64㎡,锦江,高楼层 (共34层),东南,160万,20091元/平米,2011年
南纱帽街31号院,3室1厅1厨1卫,70.3㎡,锦江,低楼层 (共7层),西南,140万,19915元/平米,未知年建/
新莲新苑,2室1厅1厨1卫,66.6㎡,锦江,低楼层 (共7层),东,108万,16217元/平米,2001年
翡翠城四期,3室2厅1厨1卫,88.47㎡,锦江,低楼层 (共32层),东南,265万,29954元/平米,2009年
朗御,1室1厅1厨1卫,89.95㎡,锦江,低楼层 (共51层),南,255万,28350元/平米,2012年
恒大都汇华庭,1室1厅1厨1卫,65.83㎡,锦江,低楼层 (共50层),东,230万,34939元/平米,2015年
锦江城市花园二期,3室2厅1厨1卫,72.08㎡,锦江,高楼层 (共34层),西南,135万,18730元/平米,2010年
萧邦,2室1厅1厨1卫,73.53㎡,锦江,中楼层 (共28层),北,146万,19856元/平米,2008年
万科城市花园,3室1厅1厨2卫,126㎡,锦江,中楼层 (共11层),南,360万,28572元/平米,2007年
皇后国际,2室1厅1厨1卫,67.87㎡,锦江,中楼层 (共32层),东,268万,39488元/平米,2009年
泰华大厦,2室1厅1厨1卫,87.23㎡,锦江,中楼层 (共34层),东南,174万,19948元/平米,1999年
都市驿站,1室1厅1厨1卫,49.17㎡,锦江,中楼层 (共13层),东,137万,27863元/平米,2003年
泰华大厦,2室1厅1厨1卫,87.23㎡,锦江,中楼层 (共34层),东,174万,19948元/平米,1999年
天紫界,1室0厅1厨1卫,60.6㎡,锦江,低楼层 (共55层),东北,125万,20628元/平米,未知年建/
绿地锦天府,3室2厅1厨3卫,199.57㎡,锦江,中楼层 (共29层),东南,600万,30065元/平米,2014年
皇后国际,2室1厅1厨1卫,65.24㎡,锦江,中楼层 (共33层),南,270万,41386元/平米,2009年
尖东旺座二期,1室0厅1厨1卫,39.88㎡,锦江,中楼层 (共15层),西北,60万,15046元/平米,2004年
江临阳光公寓,1室1厅0厨1卫,72.7㎡,锦江,高楼层 (共7层),西南,110万,15131元/平米,未知年建/
澳龙名城,1室1厅1厨1卫,46.21㎡,锦江,高楼层 (共18层),东南,141万,30513元/平米,2009年
塔子山壹号,4室2厅1厨2卫,141.7㎡,锦江,高楼层 (共33层),东南 南,439万,30981元/平米,2015年
锦江城市花园一期,1室1厅1厨1卫,41.23㎡,锦江,低楼层 (共34层),西北,83万,20131元/平米,2009年
塔子山壹号,4室2厅1厨3卫,203㎡,锦江,高楼层 (共6层),西南 东北,850万,41872元/平米,2015年
东润理想居,2室2厅1厨1卫,77.21㎡,锦江,低楼层 (共12层),西北,188万,24350元/平米,2004年
卓锦城三期,4室2厅1厨2卫,165.54㎡,锦江,高楼层 (共24层),东南,340万,20539元/平米,2010年
锦江城市花园二期,2室1厅1厨1卫,47㎡,锦江,低楼层 (共34层),西北,100万,21277元/平米,2010年
交大绿岭一期,3室2厅1厨1卫,88.7㎡,锦江,中楼层 (共34层),西南,190万,21421元/平米,2009年
新南苑,3室2厅1厨2卫,124.59㎡,锦江,高楼层 (共7层),东南 南,287万,23036元/平米,2004年
河滨雅苑,3室1厅1厨1卫,76.27㎡,锦江,高楼层 (共7层),东南,107万,14030元/平米,2001年
ICC天曜,2室2厅1厨2卫,128㎡,锦江,中楼层 (共34层),西南,398万,31094元/平米,2015年
华都美林湾,2室2厅1厨1卫,86.5㎡,锦江,中楼层 (共33层),东南,160万,18498元/平米,2012年
ICC天曜,3室2厅1厨2卫,159.96㎡,锦江,中楼层 (共31层),南,488万,30508元/平米,2015年
锦江城市花园一期,2室1厅1厨1卫,47.62㎡,锦江,高楼层 (共34层),东南,94万,19740元/平米,2009年
沙河壹号一期,3室2厅1厨2卫,115㎡,锦江,低楼层 (共34层),东南,235万,20435元/平米,2011年
莲花逸都,2室2厅1厨1卫,72.79㎡,锦江,中楼层 (共34层),南,165万,22668元/平米,2009年
水碾河路6号,3室2厅1厨1卫,101.54㎡,锦江,中楼层 (共7层),东南,165万,16250元/平米,未知年建/
校园春天,4室2厅1厨2卫,137㎡,锦江,高楼层 (共6层),东南,226万,16497元/平米,2004年
世纪朝阳,2室2厅1厨1卫,91.48㎡,锦江,低楼层 (共26层),西南,335万,36621元/平米,未知年建/
校园春天,4室2厅1厨2卫,137㎡,锦江,高楼层 (共6层),东南,226万,16497元/平米,2004年
交大绿岭一期,2室2厅1厨1卫,83.25㎡,锦江,高楼层 (共34层),东南,170万,20421元/平米,2009年
万达锦华城,2室2厅1厨1卫,82.6㎡,锦江,高楼层 (共30层),东南,172万,20824元/平米,2008年
莲花新区,3室2厅1厨2卫,119.98㎡,锦江,高楼层 (共7层),西北,225万,18754元/平米,2002年
索尔龙舟,1室0厅0厨1卫,36㎡,锦江,低楼层 (共34层),东,32万,8889元/平米,2012年
城东雅郡,3室2厅1厨2卫,122㎡,锦江,低楼层 (共6层),南,248万,20328元/平米,2005年
明珠园一期,3室1厅1厨2卫,112㎡,锦江,中楼层 (共7层),东南,150万,13393元/平米,2004年
比华利国际城一期,2室2厅1厨1卫,86.17㎡,锦江,低楼层 (共18层),西,175万,20309元/平米,2008年
东湖国际,3室2厅1厨1卫,88.74㎡,锦江,低楼层 (共33层),东,210万,23665元/平米,2012年
绿地锦天府,5室3厅1厨5卫,481.74㎡,锦江,低楼层 (共2层),装修情况毛坯,1300万,26986元/平米,2014年
世代锦江凯旋门,3室2厅1厨2卫,166.34㎡,锦江,中楼层 (共29层),南,534万,32103元/平米,2008年
科甲大厦,1室1厅1厨1卫,45.41㎡,锦江,中楼层 (共19层),东南,90万,19820元/平米,2005年
望江嘉苑,4室2厅1厨2卫,156.81㎡,锦江,高楼层 (共6层),东南,300万,19132元/平米,2005年
鑫苑名家一期,1室0厅1厨1卫,41㎡,锦江,高楼层 (共35层),西南,36万,8781元/平米,2011年
都市驿站,1室1厅1厨1卫,48.39㎡,锦江,中楼层 (共13层),东,125万,25832元/平米,2003年
翡翠城三期,5室2厅1厨3卫,316.26㎡,锦江,低楼层 (共6层),东,900万,28458元/平米,2008年
万达锦华城,3室2厅1厨2卫,123.17㎡,锦江,中楼层 (共30层),南,256万,20785元/平米,2008年
紫东锦源,3室2厅1厨2卫,102㎡,锦江,低楼层 (共25层),东 西,169万,16569元/平米,2010年
东润理想居,2室1厅2厨1卫,79.34㎡,锦江,中楼层 (共12层),东南,151万,19033元/平米,2004年
锦江国际花园,3室2厅1厨1卫,84㎡,锦江,高楼层 (共34层),东北,180万,21429元/平米,2016年
蓝光凯丽香江,3室2厅1厨1卫,86.98㎡,锦江,低楼层 (共42层),西南,210万,24144元/平米,2009年
育才都市家园一期,3室1厅1厨2卫,128.36㎡,锦江,高楼层 (共6层),西,219万,17062元/平米,2005年
金象花园二期,3室1厅1厨1卫,79㎡,锦江,高楼层 (共6层),北,138万,17469元/平米,2004年
东方新城一期,3室2厅1厨2卫,149.6㎡,锦江,低楼层 (共11层),东,268万,17915元/平米,2007年
紫气东来,2室2厅1厨1卫,74.77㎡,锦江,中楼层 (共18层),东南,116万,15515元/平米,未知年建
蓝光郁金香花园广场,1室1厅1厨1卫,58.51㎡,锦江,中楼层 (共12层),南,125万,21364元/平米,2006年
二环路东四段426号,1室1厅1厨1卫,55.91㎡,锦江,低楼层 (共7层),东南,84万,15025元/平米,1999年
慈惠堂街16号,2室1厅1厨1卫,93.24㎡,锦江,中楼层 (共7层),南,160万,17161元/平米,1994年
鑫苑名家一期,2室1厅1厨1卫,61.63㎡,锦江,低楼层 (共34层),西南,110万,17849元/平米,2011年
慈惠堂街16号,2室1厅1厨1卫,93.24㎡,锦江,中楼层 (共7层),南,160万,17161元/平米,1994年
摩玛城,1室1厅1厨1卫,59.27㎡,锦江,高楼层 (共33层),南,130万,21934元/平米,2011年
东顺城南街57号,3室2厅1厨2卫,126.6㎡,锦江,中楼层 (共8层),东,293万,23144元/平米,未知年建/
城市理想,1室0厅1厨1卫,42.37㎡,锦江,高楼层 (共28层),东,55万,12981元/平米,2010年
泰华大厦,2室1厅1厨1卫,87.23㎡,锦江,中楼层 (共34层),北,174万,19948元/平米,1999年
澳龙名城,5室2厅1厨3卫,192.01㎡,锦江,高楼层 (共4层),装修情况其他,576万,29999元/平米,2009年
蓝光郁金香花园广场,1室1厅1厨1卫,41.87㎡,锦江,中楼层 (共12层),东南,97万,23167元/平米,2006年
喜年广场,1室0厅1厨1卫,47.39㎡,锦江,高楼层 (共32层),东,120万,25322元/平米,2010年
喜年广场,1室0厅1厨1卫,46.89㎡,锦江,高楼层 (共32层),南,120万,25592元/平米,2010年
翡翠城二期,4室2厅1厨3卫,197㎡,锦江,低楼层 (共17层),东南,630万,31980元/平米,2006年
东润风景A区,3室2厅1厨2卫,124.74㎡,锦江,高楼层 (共6层),东南,252万,20203元/平米,1999年
喜年广场,1室1厅1厨1卫,46.89㎡,锦江,中楼层 (共32层),南 北,125万,26659元/平米,2010年
科甲大厦,1室1厅1厨1卫,39.86㎡,锦江,高楼层 (共19层),南 北,70万,17562元/平米,2005年
望江嘉苑,4室2厅1厨2卫,177.28㎡,锦江,高楼层 (共6层),南,355万,20025元/平米,2005年
皇后国际,2室1厅1厨1卫,68.28㎡,锦江,中楼层 (共33层),南,255万,37347元/平米,2009年
绿地468公馆三期,3室1厅1厨1卫,89.35㎡,锦江,高楼层 (共29层),北,202万,22608元/平米,2015年
锦江城市花园二期,2室1厅1厨1卫,50.2㎡,锦江,高楼层 (共34层),西北,85万,16933元/平米,2010年
东较场街127号,2室1厅1厨1卫,83.55㎡,锦江,低楼层 (共8层),东南,140万,16757元/平米,2016年
万科城市花园,3室2厅1厨2卫,120.37㎡,锦江,中楼层 (共11层),南,360万,29908元/平米,2007年
万科金色城市,2室2厅1厨1卫,71.66㎡,锦江,低楼层 (共35层),东南,135.3万,18881元/平米,2016年
雕墅,2室1厅1厨1卫,73.95㎡,锦江,中楼层 (共33层),东,238万,32184元/平米,2007年
宏济新路4号,3室1厅1厨1卫,52.78㎡,锦江,高楼层 (共6层),东南,95万,18000元/平米,2001年
城东雅郡,4室2厅1厨3卫,154㎡,锦江,高楼层 (共6层),南,320万,20780元/平米,2005年
正成财富ID,1室1厅1厨1卫,47.87㎡,锦江,中楼层 (共31层),南,82万,17130元/平米,2005年
上东锦城A区,2室2厅1厨1卫,89.1㎡,锦江,中楼层 (共34层),东南,137万,15376元/平米,2008年
融创四海逸家,4室2厅1厨3卫,97㎡,锦江,低楼层 (共40层),东北,420万,43299元/平米,2015年
锦江城市花园二期,1室2厅1厨1卫,49.2㎡,锦江,低楼层 (共34层),南,92万,18700元/平米,2010年
塔子山壹号,4室2厅1厨2卫,159.23㎡,锦江,低楼层 (共33层),东南,600万,37682元/平米,2015年
锦蓉佳苑,2室2厅1厨1卫,84.82㎡,锦江,高楼层 (共31层),东南,206万,24287元/平米,2014年
鑫苑名家一期,1室0厅1厨1卫,40.65㎡,锦江,中楼层 (共35层),东南,40万,9841元/平米,2011年
鑫苑名家一期,1室0厅1厨1卫,40.65㎡,锦江,中楼层 (共35层),东南,40万,9841元/平米,2011年
新光华街11号,3室1厅1厨1卫,84.19㎡,锦江,中楼层 (共6层),南,198万,23519元/平米,1985年
锦江城市花园一期,2室1厅1厨1卫,51.4㎡,锦江,高楼层 (共34层),西,98万,19067元/平米,未知年建/
东方丽景,3室2厅1厨2卫,105.67㎡,锦江,高楼层 (共6层),东南,140万,13249元/平米,未知年建/
世代锦江华宅,4室2厅1厨2卫,166.5㎡,锦江,中楼层 (共24层),西北,420万,25226元/平米,2005年
蓝光郁金香花园广场,1室1厅1厨1卫,40.42㎡,锦江,高楼层 (共12层),南,98万,24246元/平米,2006年
ICC天曜,2室2厅1厨2卫,128.19㎡,锦江,高楼层 (共34层),西南,384万,29956元/平米,2015年
蜀都花园,2室2厅1厨2卫,82.8㎡,锦江,低楼层 (共18层),南,165万,19928元/平米,2003年
中港悦蓉府,3室1厅1厨1卫,84.8㎡,锦江,高楼层 (共34层),东南,170万,20048元/平米,2013年
成功红树林,2室2厅1厨1卫,80.17㎡,锦江,低楼层 (共34层),东南,190万,23700元/平米,2014年
弘邦领邸,1室1厅1厨1卫,57.89㎡,锦江,高楼层 (共32层),西南,205万,35412元/平米,2009年
万科城市花园,4室2厅1厨2卫,107.45㎡,锦江,高楼层 (共6层),东南,340万,31643元/平米,2007年
中道街99号,3室2厅1厨1卫,106.54㎡,锦江,低楼层 (共7层),南,225万,21119元/平米,1994年
锦江印象,2室1厅1厨1卫,79.15㎡,锦江,中楼层 (共31层),南,195万,24637元/平米,2008年
蓝润锦江春天,3室2厅1厨1卫,86.29㎡,锦江,高楼层 (共29层),东北,175万,20281元/平米,2016年
锦江城市花园三期,2室2厅1厨1卫,73.26㎡,锦江,高楼层 (共34层),西北,145万,19793元/平米,2011年
索尔龙舟,1室1厅0厨0卫,35.69㎡,锦江,中楼层 (共34层),东南 西南 西,32万,8967元/平米,2012年
俊发星雅俊园,3室2厅1厨2卫,87.75㎡,锦江,中楼层 (共33层),西北,180万,20513元/平米,2015年
外滩,3室2厅1厨1卫,92㎡,锦江,中楼层 (共41层),西南,245万,26631元/平米,2009年
锦江城市花园二期,2室2厅1厨1卫,79.84㎡,锦江,低楼层 (共34层),东南,135万,16909元/平米,2010年
蓝谷地一二期,3室2厅1厨2卫,115.91㎡,锦江,低楼层 (共11层),东南,192万,16565元/平米,2006年
通用时代,2室2厅1厨1卫,78.23㎡,锦江,高楼层 (共33层),西南,248万,31702元/平米,2015年
都市驿站,1室1厅1厨1卫,32.89㎡,锦江,高楼层 (共13层),西,120万,36486元/平米,2003年
锦洲花园,2室1厅1厨1卫,70.99㎡,锦江,中楼层 (共6层),南,128万,18031元/平米,2004年
翡翠城一期,4室2厅1厨2卫,171㎡,锦江,高楼层 (共11层),西北,570万,33334元/平米,2004年
海桐一期,2室2厅1厨1卫,85.27㎡,锦江,中楼层 (共18层),西南,125万,14660元/平米,2010年
外滩,3室2厅1厨1卫,91㎡,锦江,中楼层 (共41层),西北,260万,28572元/平米,2009年
中洲中央城邦,3室2厅1厨2卫,103.19㎡,锦江,高楼层 (共24层),东南,350万,33919元/平米,2016年
滨江中路1号,3室1厅1厨2卫,115.68㎡,锦江,高楼层 (共25层),北,420万,36308元/平米,1992年
柳江新居二期,2室2厅1厨1卫,73.33㎡,锦江,中楼层 (共6层),南,125万,17047元/平米,2000年
鑫苑名家一期,2室2厅1厨1卫,59.6㎡,锦江,高楼层 (共34层),南,115万,19296元/平米,2011年
锦馨家园C区,1室1厅1厨1卫,50.9㎡,锦江,中楼层 (共16层),南,68万,13360元/平米,2007年
镏金岁月,2室1厅1厨1卫,74.49㎡,锦江,低楼层 (共33层),北,195万,26179元/平米,2010年
东晶丽苑,2室1厅1厨1卫,75.11㎡,锦江,低楼层 (共16层),西,125万,16643元/平米,2006年
上东锦城B区,2室2厅1厨1卫,89.69㎡,锦江,高楼层 (共34层),西南,140万,15610元/平米,2008年
蓝谷地一二期,4室2厅1厨2卫,156.01㎡,锦江,低楼层 (共11层),西,270万,17307元/平米,2006年
皇后国际,2室1厅1厨1卫,67.87㎡,锦江,低楼层 (共32层),东,275万,40519元/平米,2009年
万科城市花园,1室1厅1厨1卫,57.98㎡,锦江,低楼层 (共11层),东南,165万,28459元/平米,2007年
财富中心,1室1厅1厨1卫,47.84㎡,锦江,低楼层 (共30层),东,160万,33445元/平米,2005年
卓锦城六期,3室2厅1厨1卫,89.33㎡,锦江,高楼层 (共31层),东南,207万,23173元/平米,2014年
水碾河路6号,2室1厅1厨1卫,55.58㎡,锦江,中楼层 (共6层),南,95万,17093元/平米,1995年
天誉南庭,2室2厅1厨1卫,76.69㎡,锦江,高楼层 (共32层),东,238万,31035元/平米,2016年
天誉南庭,3室1厅1厨2卫,107㎡,锦江,低楼层 (共32层),南,375万,35047元/平米,2016年
校园春天,2室2厅1厨1卫,77.9㎡,锦江,中楼层 (共6层),东南,165万,21182元/平米,2004年
比华利国际城二期,4室2厅1厨2卫,108.37㎡,锦江,低楼层 (共32层),东南,279万,25746元/平米,2011年
紫气东来,2室1厅1厨1卫,75.72㎡,锦江,低楼层 (共18层),西南,135万,17829元/平米,未知年建
二环路东四段93号,3室1厅1厨1卫,62㎡,锦江,高楼层 (共7层),南,81万,13065元/平米,1998年
领域,3室2厅1厨2卫,126.68㎡,锦江,低楼层 (共6层),南,250万,19735元/平米,2005年
蓝谷地三四期,2室2厅1厨1卫,90.74㎡,锦江,高楼层 (共13层),南,168万,18515元/平米,2008年
锦江城市花园一期,2室1厅1厨1卫,49.98㎡,锦江,低楼层 (共34层),东,88万,17608元/平米,未知年建/
锦江城市花园三期,2室1厅1厨1卫,47.2㎡,锦江,高楼层 (共34层),西北,95万,20128元/平米,2011年
东光街4号,2室1厅1厨1卫,62.59㎡,锦江,中楼层 (共7层),南 北,90万,14380元/平米,1999年
卓锦城六期,2室2厅1厨1卫,68.58㎡,锦江,中楼层 (共28层),东南,145万,21144元/平米,2014年
锦江城市花园三期,2室1厅1厨1卫,47.2㎡,锦江,低楼层 (共34层),西北,89万,18856元/平米,2011年
万科金润华府,4室2厅1厨1卫,83.1㎡,锦江,低楼层 (共35层),东南,265万,31890元/平米,2012年
长城锦苑,1室1厅1厨1卫,45.51㎡,锦江,中楼层 (共30层),东 东南,80万,17579元/平米,2007年
澳龙名城,2室2厅1厨2卫,84㎡,锦江,高楼层 (共33层),东南,255万,30358元/平米,2009年
金象花园二期,2室1厅1厨1卫,71㎡,锦江,低楼层 (共6层),南,112万,15775元/平米,2004年
沙河壹号二期,3室2厅1厨2卫,92㎡,锦江,低楼层 (共32层),东南,218万,23696元/平米,2013年
时代豪庭二期,2室1厅1厨2卫,114㎡,锦江,低楼层 (共22层),东南,354万,31053元/平米,2010年
东湖国际,4室1厅1厨2卫,141.84㎡,锦江,高楼层 (共33层),南,580万,40892元/平米,2012年
比华利国际城一期,4室2厅1厨2卫,159.27㎡,锦江,中楼层 (共32层),东 北,334万,20971元/平米,2008年
瑞升望江橡树林二期,3室1厅1厨1卫,90.3㎡,锦江,高楼层 (共34层),东 西,240万,26579元/平米,2011年
绿地锦天府,3室3厅1厨2卫,183.94㎡,锦江,中楼层 (共29层),西南,510万,27727元/平米,2014年
沙河壹号二期,2室2厅1厨1卫,72.36㎡,锦江,中楼层 (共32层),西北,180万,24876元/平米,2013年
万达锦华城,1室0厅1厨1卫,74.31㎡,锦江,中楼层 (共30层),南,87万,11708元/平米,2008年
东安北左街23号,3室1厅1厨1卫,70.96㎡,锦江,高楼层 (共5层),东,166万,23394元/平米,未知年建/
比华利国际城三期,4室1厅1厨2卫,105.19㎡,锦江,高楼层 (共25层),西南,256万,24337元/平米,2014年
锦江国际花园,3室2厅1厨1卫,84.2㎡,锦江,中楼层 (共42层),东北,180万,21378元/平米,2016年
华都美林湾,2室1厅1厨1卫,89.66㎡,锦江,中楼层 (共30层),东南,165万,18403元/平米,2012年
翡翠城一期,3室2厅1厨2卫,113.95㎡,锦江,低楼层 (共11层),北,305万,26767元/平米,2004年
三洲娇子苑,4室2厅1厨2卫,161.36㎡,锦江,中楼层 (共16层),南,400万,24790元/平米,2005年
卓锦城三期,2室1厅1厨1卫,89.63㎡,锦江,中楼层 (共24层),东南,175万,19525元/平米,2010年
思维源邸,3室2厅1厨1卫,117.11㎡,锦江,高楼层 (共12层),南 北,228万,19469元/平米,2000年
天地云庭,1室0厅0厨0卫,93.45㎡,锦江,低楼层 (共24层),东南,187万,20011元/平米,2010年
都市驿站,1室1厅1厨1卫,56.12㎡,锦江,高楼层 (共13层),东,148万,26373元/平米,2003年
都会风尚,3室2厅1厨2卫,144.77㎡,锦江,高楼层 (共32层),东南,355万,24522元/平米,2009年
财富中心,1室0厅0厨0卫,55.76㎡,锦江,低楼层 (共30层),东南,135万,24211元/平米,2004年
碧莲雅舍,4室2厅1厨2卫,128.53㎡,锦江,低楼层 (共6层),东,240万,18673元/平米,2004年
鑫苑名家一期,1室1厅1厨1卫,40.65㎡,锦江,中楼层 (共35层),东,45万,11071元/平米,2011年
索尔龙舟,1室1厅0厨0卫,35.43㎡,锦江,中楼层 (共34层),东南 南,32万,9032元/平米,2012年
索尔龙舟,1室0厅0厨1卫,32.73㎡,锦江,中楼层 (共34层),东,29.5万,9014元/平米,2012年
领域,3室2厅1厨2卫,103.19㎡,锦江,高楼层 (共6层),东南,168万,16281元/平米,2005年
都市驿站,1室1厅1厨1卫,51.64㎡,锦江,中楼层 (共13层),东,145万,28080元/平米,2003年
科甲大厦,1室1厅1厨1卫,44.92㎡,锦江,高楼层 (共19层),南,79万,17587元/平米,2005年
科甲大厦,1室1厅1厨1卫,39.86㎡,锦江,高楼层 (共19层),南,70万,17562元/平米,2005年
点将台街48号,3室1厅1厨1卫,69.7㎡,锦江,低楼层 (共6层),东,125万,17935元/平米,1999年
吉祥里,2室1厅1厨1卫,58.21㎡,锦江,低楼层 (共7层),南,168万,28862元/平米,未知年建/
鑫苑名家一期,2室1厅1厨1卫,62.77㎡,锦江,中楼层 (共34层),东南,120万,19118元/平米,2011年
恒大都汇华庭,1室2厅1厨1卫,80㎡,锦江,低楼层 (共50层),西,246万,30750元/平米,2015年
锦江城市花园一期,2室2厅1厨1卫,75㎡,锦江,中楼层 (共34层),东南,140万,18667元/平米,2009年
锦江城市花园三期,2室2厅1厨1卫,57.47㎡,锦江,中楼层 (共34层),西北,118万,20533元/平米,2011年
锦江城市花园二期,2室1厅1厨1卫,72㎡,锦江,高楼层 (共34层),南,128万,17778元/平米,2011年
融创四海逸家,4室2厅1厨2卫,88㎡,锦江,中楼层 (共40层),东南,382万,43410元/平米,2015年
天地云庭,2室2厅1厨1卫,77.28㎡,锦江,中楼层 (共24层),东南,188万,24328元/平米,2010年
索尔龙舟,1室0厅0厨1卫,32.03㎡,锦江,低楼层 (共34层),西南,28.8万,8992元/平米,2012年
蓝谷地一二期,3室2厅1厨2卫,132㎡,锦江,低楼层 (共11层),南,260万,19697元/平米,2006年
望江橡树林一期,1室1厅1厨1卫,54㎡,锦江,高楼层 (共34层),东,130万,24075元/平米,2009年
锦上花,1室1厅1厨1卫,50.85㎡,锦江,中楼层 (共11层),东,115万,22616元/平米,2004年
东洪广厦,2室2厅1厨1卫,71.01㎡,锦江,低楼层 (共32层),东南 西北,130万,18308元/平米,2013年
锦江城市花园三期,2室2厅1厨1卫,57㎡,锦江,低楼层 (共34层),东南,115万,20176元/平米,2011年
海椒市街7号院,2室1厅1厨1卫,65.2㎡,锦江,高楼层 (共6层),西北,92万,14111元/平米,1999年
锦江国际花园,3室1厅1厨1卫,84.5㎡,锦江,中楼层 (共42层),南,180万,21302元/平米,2016年
金象嘉园,2室1厅1厨1卫,69.69㎡,锦江,高楼层 (共6层),西,140万,20089元/平米,2003年
财富中心,1室1厅1厨1卫,47.84㎡,锦江,低楼层 (共30层),南,160万,33445元/平米,2005年
经天路5号,3室2厅1厨1卫,110.05㎡,锦江,高楼层 (共7层),南,155万,14085元/平米,2000年
鑫苑名家一期,2室2厅1厨1卫,61.07㎡,锦江,高楼层 (共34层),东南,120万,19650元/平米,2011年
水碾河路46号,2室1厅1厨1卫,60.66㎡,锦江,低楼层 (共7层),南,95万,15662元/平米,未知年建/
下莲池街5号,3室2厅1厨2卫,141.05㎡,锦江,高楼层 (共7层),南 北,350万,24814元/平米,1999年
东润风尚,1室0厅1厨1卫,31.41㎡,锦江,高楼层 (共12层),东北,55万,17511元/平米,2006年
指挥街70号,3室1厅1厨1卫,72.31㎡,锦江,中楼层 (共5层),南,180万,24893元/平米,未知年建
金红园,2室1厅1厨1卫,72.74㎡,锦江,低楼层 (共7层),南,120万,16498元/平米,2001年
柳江新居二期,2室1厅1厨1卫,73.47㎡,锦江,高楼层 (共6层),东,112万,15245元/平米,2000年
鑫苑名家二期,2室2厅1厨1卫,76㎡,锦江,高楼层 (共34层),西南,150万,19737元/平米,2012年
塔子山壹号,3室2厅1厨2卫,95.92㎡,锦江,高楼层 (共34层),东北,288万,30026元/平米,2015年
翡翠城四期,1室1厅1厨2卫,85.05㎡,锦江,中楼层 (共29层),东南,172万,20224元/平米,2009年
指挥街70号,2室1厅1厨1卫,60.63㎡,锦江,高楼层 (共5层),东南,165万,27215元/平米,未知年建
卓锦城四期,2室2厅1厨1卫,89㎡,锦江,高楼层 (共32层),西南,174万,19551元/平米,2010年
金府花园,3室2厅1厨2卫,123.56㎡,锦江,中楼层 (共28层),东南,300万,24280元/平米,2004年
滨江公寓,2室2厅1厨1卫,91.84㎡,锦江,高楼层 (共7层),南,248万,27004元/平米,1999年
滨江公寓,2室2厅1厨1卫,91.84㎡,锦江,高楼层 (共7层),南,248万,27004元/平米,1999年
鑫苑名家一期,1室0厅1厨1卫,41㎡,锦江,低楼层 (共35层),北,35万,8537元/平米,2011年
朗御,3室2厅1厨2卫,225.72㎡,锦江,高楼层 (共51层),西南 西,520万,23038元/平米,2012年
鑫苑名家一期,1室0厅1厨1卫,41㎡,锦江,高楼层 (共35层),西北,38.8万,9464元/平米,2011年
美华大厦,1室0厅0厨1卫,52.59㎡,锦江,中楼层 (共16层),东南,138万,26241元/平米,1999年
时代豪庭一期,3室1厅1厨2卫,154.6㎡,锦江,低楼层 (共38层),北,450万,29108元/平米,2009年
卓锦城三期,3室2厅1厨2卫,131㎡,锦江,低楼层 (共24层),东南,280万,21375元/平米,2010年
锦江国际花园,2室2厅1厨1卫,72.7㎡,锦江,低楼层 (共34层),东北,150万,20633元/平米,2016年
莲桂西路46号院,3室1厅1厨1卫,77.04㎡,锦江,高楼层 (共6层),东南,104万,13500元/平米,1995年
摩玛城,2室2厅1厨2卫,89.96㎡,锦江,低楼层 (共34层),南,205万,22788元/平米,2011年
校园春天,3室2厅1厨1卫,93.46㎡,锦江,低楼层 (共6层),南 北,170万,18190元/平米,2004年
南府街50号,2室1厅1厨1卫,72.54㎡,锦江,中楼层 (共7层),南,190万,26193元/平米,1995年
蜀都花园,2室2厅1厨1卫,81.91㎡,锦江,高楼层 (共18层),东,158万,19290元/平米,2003年
帕丽湾,4室2厅1厨2卫,143.38㎡,锦江,低楼层 (共27层),东南,280万,19529元/平米,2008年
卓锦城二期,3室1厅1厨2卫,136.29㎡,锦江,高楼层 (共24层),南,246万,18050元/平米,2008年
万科城市花园,3室2厅1厨2卫,119.94㎡,锦江,低楼层 (共6层),东南,400万,33351元/平米,2007年
外滩,4室2厅1厨2卫,161.92㎡,锦江,低楼层 (共41层),西北,325万,20072元/平米,未知年建/
时代豪庭四期,3室2厅1厨2卫,200.53㎡,锦江,低楼层 (共43层),西北,710万,35407元/平米,2011年
东方新城一期,2室1厅1厨1卫,67.83㎡,锦江,高楼层 (共12层),东南,100万,14743元/平米,2007年
翡翠城五期,4室2厅1厨2卫,113.64㎡,锦江,高楼层 (共32层),南,385万,33879元/平米,2011年
翡翠城三期,3室2厅1厨2卫,133.28㎡,锦江,低楼层 (共26层),东,430万,32263元/平米,2008年
财富中心,2室2厅1厨1卫,72.81㎡,锦江,中楼层 (共29层),西北,245万,33650元/平米,2006年
翡翠城二期,3室2厅1厨2卫,145.55㎡,锦江,低楼层 (共25层),东南,410万,28170元/平米,2006年
上东锦城B区,2室2厅1厨1卫,86.19㎡,锦江,中楼层 (共18层),东北,130万,15083元/平米,2008年
锦江印象,1室1厅1厨1卫,45.46㎡,锦江,中楼层 (共31层),西北,125万,27497元/平米,2008年
河滨印象,5室2厅1厨5卫,239.97㎡,锦江,低楼层 (共1层),装修情况其他,959万,39964元/平米,2003年
翡翠城四期,2室2厅1厨1卫,89.1㎡,锦江,低楼层 (共32层),西北,232万,26039元/平米,2009年
香江花园,3室2厅1厨1卫,102㎡,锦江,高楼层 (共6层),南,180万,17648元/平米,2003年
较场坝东街67号,2室1厅1厨1卫,117.57㎡,锦江,中楼层 (共7层),东,170万,14460元/平米,未知年建/
较场坝东街67号,2室1厅1厨1卫,77.34㎡,锦江,低楼层 (共7层),东南,145万,18749元/平米,未知年建/
摩根中心,2室1厅1厨1卫,83.01㎡,锦江,中楼层 (共40层),东南,175万,21082元/平米,2012年
尖东旺座一期,2室1厅1厨1卫,81.61㎡,锦江,中楼层 (共18层),东南,130万,15930元/平米,2004年
翡翠城五期,2室1厅1厨1卫,77㎡,锦江,中楼层 (共32层),东南,245万,31819元/平米,未知年建/
绿地锦天府,3室2厅1厨2卫,185.23㎡,锦江,高楼层 (共29层),西北,590万,31853元/平米,2014年
摩根中心,2室2厅1厨2卫,90.47㎡,锦江,高楼层 (共40层),东南,180万,19897元/平米,2012年
东洪广厦,2室2厅1厨1卫,71.01㎡,锦江,低楼层 (共32层),东南 西北,145万,20420元/平米,2013年
交大绿岭二期,3室2厅1厨2卫,106.15㎡,锦江,中楼层 (共34层),东南,245万,23081元/平米,2009年
交大绿岭二期,3室2厅1厨1卫,85.4㎡,锦江,高楼层 (共34层),东北,205万,24005元/平米,2009年
河滨印象,5室2厅1厨5卫,239.97㎡,锦江,低楼层 (共1层),装修情况其他,959万,39964元/平米,2003年
沙河壹号一期,3室2厅1厨1卫,94.02㎡,锦江,中楼层 (共34层),南,205万,21804元/平米,2011年
磨房街30号,2室1厅1厨1卫,59.15㎡,锦江,高楼层 (共7层),南,118万,19950元/平米,未知年建/
卓锦城三期,2室2厅1厨2卫,96.72㎡,锦江,低楼层 (共24层),西南,200万,20679元/平米,2010年
摩玛城,2室2厅1厨2卫,90.16㎡,锦江,中楼层 (共34层),南,198万,21961元/平米,2011年
锦江国际花园,3室2厅1厨1卫,85㎡,锦江,高楼层 (共34层),东南,200万,23530元/平米,2016年
天地自由星城,2室1厅1厨1卫,67.83㎡,锦江,高楼层 (共24层),西北,160万,23589元/平米,2012年
东洪广厦,2室2厅1厨1卫,71.01㎡,锦江,中楼层 (共32层),东,130万,18308元/平米,2013年
卓锦城三期,2室1厅1厨1卫,89.89㎡,锦江,中楼层 (共24层),东南,175万,19469元/平米,2010年
铁狮门晶融汇,2室1厅1厨2卫,94.44㎡,锦江,低楼层 (共40层),东南,406万,42991元/平米,2013年
翡翠城四期,3室2厅1厨1卫,87.08㎡,锦江,中楼层 (共30层),西南,248万,28480元/平米,2009年
时代豪庭一期,3室1厅1厨2卫,155㎡,锦江,中楼层 (共35层),东,450万,29033元/平米,2009年
光明路102号,2室1厅1厨1卫,81.13㎡,锦江,中楼层 (共7层),东南,150万,18489元/平米,1999年
蓝光香槟广场,2室1厅1厨1卫,70.1㎡,锦江,中楼层 (共20层),南,160万,22825元/平米,2005年
春熙商汇广场,2室0厅0厨1卫,60.87㎡,锦江,中楼层 (共22层),北,59万,9693元/平米,2005年
交大绿岭一期,2室2厅1厨1卫,92.2㎡,锦江,低楼层 (共34层),东南,190万,20608元/平米,2009年
梨花街5号,3室2厅1厨1卫,137.43㎡,锦江,中楼层 (共7层),南,320万,23285元/平米,1993年
锦江城市花园二期,2室1厅1厨1卫,51㎡,锦江,中楼层 (共34层),东南,95万,18628元/平米,2011年
和祥瑞苑,3室2厅1厨2卫,132.16㎡,锦江,低楼层 (共11层),南,380万,28754元/平米,2008年
仁恒滨河湾,3室2厅1厨2卫,125㎡,锦江,高楼层 (共32层),南,445万,35600元/平米,2016年
锦江城市花园二期,2室1厅1厨1卫,50.21㎡,锦江,低楼层 (共34层),东南,92万,18324元/平米,2010年
交大绿岭一期,3室2厅1厨1卫,92㎡,锦江,中楼层 (共34层),东南,205万,22283元/平米,2009年
暑袜中街48号,2室0厅1厨1卫,43.99㎡,锦江,高楼层 (共6层),北,70万,15913元/平米,未知年建/
恒大都汇华庭,1室1厅1厨1卫,68.59㎡,锦江,高楼层 (共50层),东南,230万,33533元/平米,2015年
龙王庙南街16号,4室2厅1厨1卫,112.56㎡,锦江,低楼层 (共6层),南,220万,19546元/平米,1999年
四海逸家一期,4室2厅1厨3卫,88.29㎡,锦江,低楼层 (共32层),西北,375万,42474元/平米,2010年
四海逸家一期,4室1厅1厨2卫,87.69㎡,锦江,中楼层 (共33层),南,380万,43335元/平米,2010年
钢管厂五区,2室1厅1厨1卫,66.86㎡,锦江,中楼层 (共7层),东南,108万,16154元/平米,2001年
绿地锦天府,3室3厅1厨3卫,200㎡,锦江,低楼层 (共29层),东南,688万,34400元/平米,2014年
泰丰佳寓,3室2厅1厨2卫,147.7㎡,锦江,高楼层 (共7层),西南,270万,18281元/平米,未知年建/
德馨苑,5室2厅1厨2卫,188㎡,锦江,高楼层 (共32层),南,450万,23937元/平米,2011年
翡翠城二期,3室2厅1厨2卫,152.49㎡,锦江,低楼层 (共25层),西南,410万,26888元/平米,2006年
上行汇锦,2室1厅1厨1卫,77.99㎡,锦江,中楼层 (共34层),南,172万,22055元/平米,2009年
蓝谷地三四期,3室2厅1厨2卫,139.68㎡,锦江,高楼层 (共13层),东南,259万,18543元/平米,2008年
静居嘉苑,3室2厅1厨2卫,111.5㎡,锦江,低楼层 (共6层),南,280万,25113元/平米,2005年
