富丽碧蔓汀,3室2厅1厨1卫,75.64㎡,,中楼层 (共26层),东南,190万,25119元/平米,2009年
营中巷32号,2室1厅1厨1卫,57.86㎡,,高楼层 (共7层),东南 西北,78万,13481元/平米,1995年
树蓓巷1号,2室2厅1厨1卫,83.44㎡,,高楼层 (共7层),西北,110万,13184元/平米,1997年
锦西名宅西区,3室2厅1厨2卫,124.15㎡,,低楼层 (共6层),东南,250万,20137元/平米,2002年
蓝光花满庭一期,2室2厅1厨1卫,66.49㎡,,高楼层 (共20层),北,118万,17748元/平米,2009年
银沙北街58号院,2室1厅1厨1卫,62.23㎡,,中楼层 (共7层),东南,85.8万,13788元/平米,未知年建/
书香门第,3室2厅1厨2卫,131.28㎡,,低楼层 (共23层),南,175万,13331元/平米,2004年
九峰花园,2室2厅1厨1卫,87.31㎡,,中楼层 (共32层),西南,138万,15806元/平米,2013年
德意馨苑,3室2厅1厨2卫,121.67㎡,,高楼层 (共6层),东南,175万,14384元/平米,2003年
星河路社区,2室1厅1厨1卫,61.11㎡,,低楼层 (共7层),东南,86万,14073元/平米,未知年建/
金牛幸福时光,2室2厅1厨2卫,88.9㎡,,中楼层 (共6层),南,115万,12936元/平米,2004年
西岸观邸,2室2厅1厨1卫,87.92㎡,,低楼层 (共30层),东南,150万,17061元/平米,2013年
三友小区,2室2厅1厨1卫,99.92㎡,,中楼层 (共7层),东南,120万,12010元/平米,1999年
富丽碧蔓汀,3室2厅1厨2卫,102.61㎡,,中楼层 (共26层),东北,240万,23390元/平米,2009年
幸福彼岸,3室2厅1厨2卫,135.31㎡,,高楼层 (共22层),南,185万,13673元/平米,2007年
一品天下A区,2室1厅1厨1卫,62.54㎡,,中楼层 (共7层),东南,117万,18709元/平米,2005年
华侨城东岸一期,4室2厅1厨3卫,166.15㎡,,低楼层 (共4层),西北,460万,27686元/平米,2011年
蓝色空间如意府,3室2厅1厨2卫,107.96㎡,,低楼层 (共6层),东南,208万,19267元/平米,2003年
汇景新村,4室2厅1厨2卫,140.39㎡,,低楼层 (共6层),东北,235万,16740元/平米,2001年
金奥苑,3室2厅1厨2卫,132.07㎡,,低楼层 (共9层),西南,205万,15523元/平米,2003年
映日荷花,2室1厅1厨1卫,56.32㎡,,高楼层 (共23层),东,86万,15270元/平米,2009年
两河锦地,2室1厅1厨1卫,86.87㎡,,高楼层 (共18层),东南,118万,13584元/平米,2009年
金港兴城,2室1厅1厨1卫,49.88㎡,,中楼层 (共7层),南,75万,15037元/平米,2000年
芙蓉华庭,2室1厅1厨1卫,80.38㎡,,中楼层 (共18层),西北,138万,17169元/平米,2008年
交通巷36号,2室1厅1厨1卫,51.66㎡,,高楼层 (共6层),东南,72万,13938元/平米,1998年
抚琴西路250号,1室1厅1厨1卫,58.64㎡,,中楼层 (共7层),南 西,72万,12279元/平米,1997年
锦城苑,2室2厅1厨1卫,101.87㎡,,中楼层 (共7层),东南,175万,17179元/平米,1999年
正成拉斐,3室2厅1厨1卫,83.52㎡,,高楼层 (共18层),东北,182万,21792元/平米,2012年
兴元绿洲一期,3室2厅1厨1卫,91.92㎡,,高楼层 (共22层),东南,128万,13926元/平米,2007年
金华公寓,4室3厅1厨2卫,155.82㎡,,中楼层 (共26层),东南,295万,18933元/平米,2000年
欧波罗,1室1厅1厨1卫,41.76㎡,,中楼层 (共19层),东南,66万,15805元/平米,2008年
兴元绿洲一期,3室2厅1厨2卫,101.43㎡,,低楼层 (共22层),东南,130万,12817元/平米,2007年
水韵天府,2室2厅1厨1卫,84.6㎡,,低楼层 (共22层),西,135万,15958元/平米,2006年
华侨城天鹅堡,4室2厅1厨2卫,160.79㎡,,高楼层 (共32层),东,350万,21768元/平米,2012年
云翔金谷,3室2厅1厨2卫,124.42㎡,,低楼层 (共18层),西北,158万,12699元/平米,2009年
聚贤苑,5室2厅1厨2卫,145.27㎡,,中楼层 (共7层),东南,200万,13768元/平米,2002年
恒大西锦城,3室2厅1厨2卫,136.05㎡,,低楼层 (共29层),东南,256万,18817元/平米,2012年
星辉西路8号,3室2厅1厨2卫,146.16㎡,,低楼层 (共33层),南,260万,17789元/平米,2000年
檀香花园,2室2厅1厨1卫,89.14㎡,,中楼层 (共26层),东南,160万,17950元/平米,2011年
青羊东一路68号,3室1厅1厨3卫,36.59㎡,,低楼层 (共6层),东,60万,16398元/平米,1990年
华侨城纯水岸二期,3室2厅1厨2卫,116.93㎡,,高楼层 (共33层),南,300万,25657元/平米,2010年
金港湾花园一期,2室1厅1厨1卫,85.97㎡,,高楼层 (共6层),东南,137万,15936元/平米,2003年
金沙御苑,2室2厅1厨1卫,75.14㎡,,低楼层 (共13层),西南,168万,22359元/平米,2013年
博雅庭韵,3室2厅1厨2卫,125.82㎡,,低楼层 (共11层),西南,195万,15499元/平米,2003年
星辉中路20号,2室2厅1厨1卫,82.19㎡,,高楼层 (共7层),南,115万,13992元/平米,1998年
锦城名都,2室1厅1厨1卫,88.72㎡,,高楼层 (共33层),西南,177万,19951元/平米,2008年
金沙御苑,3室2厅1厨1卫,97.82㎡,,低楼层 (共14层),西南,205万,20957元/平米,2013年
兴元绿洲一期,2室1厅1厨1卫,93.13㎡,,低楼层 (共22层),东,120万,12886元/平米,2007年
兴元绿洲一期,2室1厅1厨1卫,58.93㎡,,低楼层 (共22层),东,78万,13237元/平米,2007年
凯丽豪景,3室2厅1厨2卫,118.79㎡,,中楼层 (共32层),东北,315万,26518元/平米,2008年
富丽碧蔓汀,2室2厅1厨1卫,61.96㎡,,低楼层 (共26层),北,155万,25017元/平米,2009年
龙湖北城天街二期,4室2厅1厨3卫,227㎡,,低楼层 (共6层),南 北,430万,18943元/平米,2013年
金房星座,3室2厅1厨1卫,109.87㎡,,高楼层 (共26层),东南,210万,19114元/平米,2008年
金房月圆,3室2厅1厨2卫,120.62㎡,,低楼层 (共6层),东南,160万,13265元/平米,2000年
两河锦地,2室1厅1厨1卫,85.05㎡,,中楼层 (共18层),东南,122万,14345元/平米,2009年
金沙古韵,3室2厅1厨2卫,133.57㎡,,中楼层 (共6层),西南,266万,19915元/平米,2005年
天地芳苑,4室1厅1厨2卫,142.78㎡,,高楼层 (共6层),东南,183万,12817元/平米,2001年
华凌尚城,3室2厅1厨1卫,89.66㎡,,低楼层 (共6层),北,120万,13384元/平米,2006年
白鸽岛尚,3室2厅1厨2卫,115.84㎡,,中楼层 (共19层),西南,172万,14849元/平米,2008年
居然小区,2室2厅1厨1卫,69㎡,,高楼层 (共24层),东北,95万,13769元/平米,2012年
居然小区,2室2厅1厨1卫,69㎡,,高楼层 (共24层),东北,95万,13769元/平米,2012年
迪康银色诗典,2室2厅1厨1卫,85.56㎡,,中楼层 (共12层),西南,120万,14026元/平米,2000年
平福路92号,2室2厅1厨1卫,69.91㎡,,高楼层 (共7层),南,91万,13017元/平米,1995年
白马寺街33号,2室1厅1厨1卫,84.99㎡,,低楼层 (共6层),西北,136万,16002元/平米,未知年建
万科金域西岭,2室2厅1厨1卫,90.56㎡,,中楼层 (共35层),西南,175万,19325元/平米,2012年
华侨城天鹅堡,5室3厅1厨4卫,393.84㎡,,高楼层 (共18层),南,850万,21583元/平米,2012年
书香门第,3室2厅1厨1卫,131.28㎡,,高楼层 (共23层),西北,180万,13712元/平米,2004年
金房星座,2室2厅1厨1卫,79.7㎡,,低楼层 (共26层),西南,155万,19448元/平米,2008年
嘉宇天琢城,1室2厅1厨1卫,60.37㎡,,中楼层 (共32层),西南,80万,13252元/平米,2008年
马鞍东路社区,1室1厅1厨1卫,52.59㎡,,中楼层 (共5层),东,78万,14832元/平米,1999年
西西里一期,1室1厅1厨1卫,59.17㎡,,中楼层 (共33层),东南,115万,19436元/平米,2008年
光荣市场公寓,1室1厅1厨1卫,35.29㎡,,低楼层 (共7层),南,47万,13319元/平米,2000年
华侨城纯水岸一期,2室1厅1厨1卫,97.16㎡,,高楼层 (共18层),西北,233万,23982元/平米,2009年
荷里活,1室1厅1厨1卫,46.02㎡,,高楼层 (共24层),东南,138万,29987元/平米,2012年
金房央座,4室2厅1厨2卫,100.7㎡,,高楼层 (共18层),东北,220万,21848元/平米,2010年
金房苑琴园,3室2厅1厨2卫,139.02㎡,,低楼层 (共7层),东南,209万,15034元/平米,2000年
金沙巷12号,3室2厅1厨1卫,95.2㎡,,中楼层 (共7层),西南,135万,14181元/平米,1998年
西线阳光,2室2厅1厨1卫,80.94㎡,,高楼层 (共18层),西北,140万,17297元/平米,2007年
万宝大厦,3室2厅1厨2卫,155.13㎡,,中楼层 (共9层),东,186万,11990元/平米,未知年建
抚琴西北街26号,2室2厅1厨1卫,54.01㎡,,高楼层 (共7层),东南,86万,15923元/平米,1995年
黄忠爱丽舍,1室1厅1厨1卫,59.15㎡,,中楼层 (共12层),东,88万,14878元/平米,2003年
西锦国际一期,3室2厅1厨2卫,106.7㎡,,中楼层 (共18层),西北,234万,21931元/平米,2009年
万基兰御,3室1厅1厨1卫,75.25㎡,,高楼层 (共18层),东,136万,18074元/平米,2013年
泰逸美景,2室2厅1厨2卫,97.12㎡,,中楼层 (共11层),东南,150万,15445元/平米,2005年
花香九里,3室2厅1厨1卫,92.59㎡,,高楼层 (共6层),西南,120万,12961元/平米,2000年
青房尚瑞天韵,2室2厅1厨1卫,89.57㎡,,高楼层 (共25层),东南,150万,16747元/平米,2009年
燕宇康品,3室1厅1厨1卫,91.95㎡,,中楼层 (共26层),西北,165万,17945元/平米,2009年
顶峰水岸汇景,2室2厅1厨1卫,88.83㎡,,中楼层 (共33层),东北,188万,21165元/平米,2008年
保利梧桐语,3室2厅1厨1卫,77.77㎡,,低楼层 (共18层),东南,180万,23146元/平米,2014年
交大智能八期,4室2厅1厨2卫,126.73㎡,,高楼层 (共6层),东南,197万,15545元/平米,2003年
锦西国际,1室0厅1厨1卫,33.72㎡,,中楼层 (共22层),西,45万,13346元/平米,2008年
懋园国际商住城,5室2厅1厨2卫,218.06㎡,,高楼层 (共6层),西北,286万,13116元/平米,2000年
凤凰栖,4室2厅1厨2卫,142.5㎡,,低楼层 (共6层),东南,427.5万,30000元/平米,2001年
锦泰世家,3室2厅1厨2卫,138.09㎡,,高楼层 (共18层),东南,207万,14991元/平米,2005年
西岸观邸,2室2厅1厨1卫,81.66㎡,,高楼层 (共32层),东南,145万,17757元/平米,2013年
恒业星园,3室2厅1厨2卫,130.53㎡,,高楼层 (共18层),东,202万,15476元/平米,2008年
沙河源上金府,2室2厅1厨1卫,87.64㎡,,低楼层 (共22层),东,135万,15404元/平米,2009年
白马二巷1号,2室1厅1厨1卫,69.51㎡,,中楼层 (共6层),南 北,99万,14243元/平米,未知年建/
锦汇花园,4室3厅1厨2卫,145.91㎡,,低楼层 (共11层),东北,230万,15764元/平米,2001年
曦城,3室2厅1厨2卫,127.05㎡,,低楼层 (共34层),东南,288万,22669元/平米,2009年
金泉阳光雅新苑,2室1厅1厨1卫,62.02㎡,,高楼层 (共6层),东北,78万,12577元/平米,未知年建/
和睦人家三期,3室2厅1厨1卫,89.2㎡,,中楼层 (共6层),西南,170万,19059元/平米,2005年
嘉宇天琢城,2室1厅1厨1卫,77.33㎡,,高楼层 (共22层),西,115万,14872元/平米,2008年
金府世家,2室1厅1厨1卫,80㎡,,低楼层 (共17层),南,110万,13750元/平米,2009年
馨宁居二期,3室2厅1厨2卫,122.16㎡,,中楼层 (共9层),西南,185万,15145元/平米,2003年
马鞍东路社区,2室2厅1厨1卫,79.56㎡,,高楼层 (共6层),东南,112万,14078元/平米,未知年建/
润扬金沙30度,4室2厅1厨2卫,130.49㎡,,中楼层 (共12层),西北,340万,26056元/平米,2013年
顶峰水岸汇景,5室2厅1厨2卫,220.03㎡,,低楼层 (共33层),东南,515万,23406元/平米,2008年
中铁二局新城,3室1厅1厨1卫,109.88㎡,,高楼层 (共12层),北,185万,16837元/平米,2003年
长福苑,3室2厅1厨2卫,99.21㎡,,高楼层 (共6层),东南,120万,12096元/平米,2002年
木综厂宿舍,1室1厅1厨1卫,60.07㎡,,高楼层 (共6层),南,80万,13318元/平米,未知年建/
锦西国际,2室1厅1厨2卫,36.75㎡,,高楼层 (共22层),东 北,72万,19592元/平米,2008年
抚琴街南三巷1号,2室1厅1厨1卫,54.74㎡,,高楼层 (共6层),东南,76万,13884元/平米,1999年
玉锦名都,3室1厅1厨2卫,134.23㎡,,中楼层 (共18层),东南,268万,19966元/平米,2002年
华侨城东岸二期,5室3厅1厨4卫,242.42㎡,,中楼层 (共4层),装修情况其他,660万,27226元/平米,2011年
兴元绿洲一期,2室2厅1厨1卫,85.57㎡,,中楼层 (共22层),北,120万,14024元/平米,2007年
蓝光花满庭一期,2室2厅1厨1卫,69.98㎡,,中楼层 (共21层),东北,135万,19292元/平米,2009年
金牛区教师宿舍,3室2厅1厨1卫,92.07㎡,,高楼层 (共7层),东南,130万,14120元/平米,未知年建/
一品天下C区,2室1厅1厨1卫,74.08㎡,,低楼层 (共9层),南,96.3万,13000元/平米,2007年
一品天下C区,2室1厅1厨1卫,74.08㎡,,低楼层 (共9层),西北,96.3万,13000元/平米,2007年
兴元绿洲一期,2室2厅1厨1卫,92.13㎡,,高楼层 (共22层),南,135万,14654元/平米,2007年
西岸观邸,2室2厅1厨1卫,81.66㎡,,高楼层 (共32层),东南,146万,17880元/平米,2013年
西城公馆,2室2厅1厨2卫,104.66㎡,,中楼层 (共30层),西南,228万,21785元/平米,2009年
金牛万达B组团,2室1厅1厨1卫,73.5㎡,,中楼层 (共32层),东,170万,23130元/平米,2012年
金琴路南一巷1号,2室1厅1厨1卫,51.22㎡,,高楼层 (共7层),东,73万,14253元/平米,1998年
凯丽豪景,2室2厅1厨1卫,85.6㎡,,低楼层 (共30层),东南,210万,24533元/平米,2008年
光荣西路73号,3室1厅1厨1卫,93.42㎡,,中楼层 (共7层),东南,108万,11561元/平米,1994年
府河苑,1室2厅1厨1卫,62.45㎡,,中楼层 (共22层),北,143万,22899元/平米,2000年
华侨城东岸一期,3室2厅1厨2卫,142.92㎡,,中楼层 (共4层),东,400万,27988元/平米,2011年
全兴花园,3室2厅1厨2卫,131.28㎡,,低楼层 (共6层),南,185万,14093元/平米,2002年
西锦国际二期,2室1厅1厨1卫,85.72㎡,,低楼层 (共32层),东南,218万,25432元/平米,2013年
星河路社区,2室1厅1厨1卫,45.28㎡,,中楼层 (共7层),西南,68万,15018元/平米,1999年
西城公馆,1室1厅1厨1卫,52.16㎡,,中楼层 (共30层),东南,96万,18405元/平米,2009年
龙门镇二期,3室2厅1厨2卫,112.76㎡,,低楼层 (共33层),东,225万,19954元/平米,2013年
金奥苑,2室2厅1厨1卫,91.96㎡,,中楼层 (共6层),南 北,140万,15225元/平米,2003年
天府名苑,2室1厅1厨1卫,52.72㎡,,低楼层 (共8层),东南,71万,13468元/平米,2002年
澳林春天,3室1厅1厨1卫,110.08㎡,,高楼层 (共23层),东北,185万,16806元/平米,2009年
天地芳苑,1室1厅1厨1卫,106.03㎡,,低楼层 (共6层),东,230万,21692元/平米,2001年
华侨城纯水岸一期,4室2厅1厨3卫,250.27㎡,,低楼层 (共5层),东南,800万,31966元/平米,2009年
芙蓉华庭,2室1厅1厨1卫,82.04㎡,,高楼层 (共18层),西南,128万,15603元/平米,2008年
两河锦地,2室1厅1厨1卫,77.23㎡,,中楼层 (共18层),南,123万,15927元/平米,2009年
金都花园,4室3厅1厨3卫,231.18㎡,,低楼层 (共10层),东南,360万,15573元/平米,2003年
筒车巷29号,4室2厅1厨3卫,177.33㎡,,中楼层 (共7层),东北,212万,11956元/平米,2000年
现代福满苑B区,2室1厅1厨1卫,61.97㎡,,高楼层 (共6层),东南,82万,13233元/平米,未知年建/
龙湖北城天街二期,3室2厅1厨2卫,129.16㎡,,高楼层 (共6层),南,330万,25550元/平米,2013年
和朝新居,3室2厅1厨2卫,118.93㎡,,高楼层 (共6层),东南,180万,15135元/平米,2001年
交大智能五期,2室2厅1厨1卫,80.53㎡,,中楼层 (共6层),东 东南,130万,16144元/平米,2001年
华侨城东岸一期,4室2厅1厨3卫,346.07㎡,,中楼层 (共4层),装修情况毛坯,550万,15893元/平米,2011年
蓝光花满庭一期,4室3厅1厨2卫,137.88㎡,,低楼层 (共20层),北,180万,13055元/平米,2009年
站西桥东巷1号,2室1厅1厨1卫,56.3㎡,,高楼层 (共7层),东,82万,14565元/平米,1992年
西府花园,3室2厅1厨2卫,131.84㎡,,高楼层 (共11层),南 北,360万,27306元/平米,2005年
启明西苑,3室2厅1厨2卫,127.79㎡,,高楼层 (共11层),东南,198万,15495元/平米,2000年
幸福彼岸,1室1厅1厨1卫,61.09㎡,,低楼层 (共22层),西北,81万,13260元/平米,2007年
恒大西锦城,3室2厅1厨2卫,112.77㎡,,中楼层 (共29层),东南,251万,22258元/平米,2013年
白鸽岛尚,3室2厅1厨2卫,128.53㎡,,高楼层 (共19层),东南,190万,14783元/平米,2008年
锦汇花园,3室2厅1厨2卫,119.42㎡,,高楼层 (共9层),西北,190万,15911元/平米,2001年
香山苑,3室2厅1厨2卫,125㎡,,低楼层 (共23层),东南,200万,16000元/平米,2007年
金仙桥路15号川铁宿舍,3室1厅1厨2卫,107㎡,,高楼层 (共7层),东南,170万,15888元/平米,2000年
九里园,3室2厅1厨2卫,104.21㎡,,中楼层 (共7层),东,135万,12955元/平米,1998年
金沙路西巷29号,4室1厅1厨2卫,117.94㎡,,低楼层 (共7层),东南,142万,12041元/平米,1994年
富丽碧蔓汀,3室2厅1厨1卫,80.48㎡,,中楼层 (共26层),南,228万,28331元/平米,2009年
现代城,2室1厅1厨1卫,79.21㎡,,低楼层 (共31层),西南,160万,20200元/平米,2014年
长福苑,3室2厅1厨1卫,87.17㎡,,低楼层 (共6层),南,120万,13767元/平米,2004年
华侨城天鹅堡,4室2厅1厨3卫,177.02㎡,,高楼层 (共30层),北,410万,23162元/平米,2012年
为民新村,2室1厅1厨1卫,59㎡,,中楼层 (共6层),东南,90万,15255元/平米,1997年
交大智能四期,2室2厅1厨1卫,80.58㎡,,高楼层 (共7层),西北,118万,14644元/平米,2001年
富丽碧蔓汀,3室2厅1厨1卫,81.32㎡,,中楼层 (共26层),南,220万,27054元/平米,2009年
肖家村四巷8号,3室1厅1厨1卫,61.42㎡,,中楼层 (共5层),东,91万,14817元/平米,未知年建
银沙路8号,3室2厅1厨1卫,67.55㎡,,高楼层 (共6层),南,100万,14804元/平米,未知年建/
金沙国际花园,3室2厅1厨2卫,137.79㎡,,中楼层 (共5层),南,298万,21628元/平米,2005年
九里教师苑,2室2厅1厨1卫,91.78㎡,,中楼层 (共7层),东,135万,14710元/平米,未知年建/
芙蓉华庭,2室2厅1厨1卫,77㎡,,中楼层 (共18层),南 北,132万,17143元/平米,2008年
西体路19号,2室2厅1厨1卫,82.65㎡,,高楼层 (共6层),南,110万,13310元/平米,2000年
九里苑,3室2厅1厨1卫,94.48㎡,,低楼层 (共7层),东南,142.8万,15115元/平米,2001年
城北小区,3室2厅1厨2卫,112.45㎡,,高楼层 (共7层),南,145万,12895元/平米,2000年
锦城世家,2室2厅1厨2卫,99.46㎡,,中楼层 (共32层),西南,300万,30163元/平米,2014年
交大智能八期,2室1厅1厨1卫,70.07㎡,,中楼层 (共6层),东南,105万,14986元/平米,2003年
千禧花园,2室2厅1厨1卫,94.67㎡,,高楼层 (共6层),东南,130万,13732元/平米,2000年
蓝色空间如意府,3室2厅1厨2卫,107.96㎡,,高楼层 (共6层),东南,160万,14821元/平米,2003年
映日荷花,2室1厅1厨1卫,57.98㎡,,高楼层 (共23层),西,86万,14833元/平米,2009年
金罗路4号,4室2厅1厨2卫,167.5㎡,,低楼层 (共6层),西北,217万,12956元/平米,1997年
花照壁小区二期,2室2厅1厨1卫,74.61㎡,,低楼层 (共7层),东南,106万,14208元/平米,1999年
锦城苑,3室2厅1厨2卫,136㎡,,低楼层 (共7层),东南,205万,15074元/平米,1999年
懋园九里居,2室1厅1厨1卫,77.86㎡,,中楼层 (共7层),南,138万,17725元/平米,2004年
顶峰水岸汇景,3室2厅1厨1卫,97.51㎡,,中楼层 (共33层),西南,200万,20511元/平米,2008年
北辰花园,3室1厅1厨1卫,92.31㎡,,高楼层 (共12层),南,145万,15708元/平米,2000年
惠民苑,2室2厅1厨1卫,77.12㎡,,高楼层 (共7层),西南,108万,14005元/平米,2000年
西城星座,2室2厅1厨1卫,95.17㎡,,中楼层 (共18层),东南,133万,13975元/平米,2007年
锦西国际,2室1厅1厨1卫,32.97㎡,,高楼层 (共22层),西,71万,21535元/平米,2008年
鑫城府,2室2厅1厨1卫,74.03㎡,,中楼层 (共32层),西南,144万,19452元/平米,2015年
金牛万达A组团,2室1厅1厨1卫,59.73㎡,,高楼层 (共32层),西北,120万,20091元/平米,2012年
人和逸景,4室2厅1厨2卫,176㎡,,中楼层 (共19层),西南,265万,15057元/平米,2002年
上层建筑,1室1厅1厨1卫,72.53㎡,,低楼层 (共27层),东南,132万,18200元/平米,2008年
千禧花园,4室2厅1厨2卫,158.28㎡,,中楼层 (共7层),南,238万,15037元/平米,2000年
恒大西锦城,3室2厅1厨2卫,119.27㎡,,低楼层 (共29层),东,270万,22638元/平米,2013年
德意馨苑,4室2厅1厨2卫,172.48㎡,,高楼层 (共6层),西南,278万,16118元/平米,2003年
和睦人家一二期,5室2厅1厨3卫,149.63㎡,,高楼层 (共6层),西南,240万,16040元/平米,2002年
青房尚瑞天韵,2室2厅1厨1卫,89.93㎡,,高楼层 (共26层),西南,139万,15457元/平米,2009年
筒车巷29号,3室1厅1厨1卫,68.8㎡,,中楼层 (共7层),东南,110万,15989元/平米,2000年
幸福春天,2室2厅1厨1卫,76.53㎡,,中楼层 (共6层),东北,139万,18163元/平米,2004年
水韵天府,3室2厅1厨1卫,115.7㎡,,低楼层 (共18层),东,168万,14521元/平米,2006年
锦城苑,3室2厅1厨2卫,131.58㎡,,低楼层 (共7层),西南,180万,13680元/平米,1999年
西安南路52号,4室2厅1厨1卫,113.38㎡,,高楼层 (共7层),东南,169万,14906元/平米,未知年建
云景豪庭,3室2厅1厨1卫,88.31㎡,,高楼层 (共29层),南,90万,10192元/平米,2010年
交大南园,2室1厅1厨1卫,54㎡,,中楼层 (共7层),北,80万,14815元/平米,2001年
学堂南苑,1室1厅1厨1卫,51.81㎡,,中楼层 (共6层),南,75万,14476元/平米,2004年
银沙路8号,3室1厅1厨1卫,72.95㎡,,低楼层 (共6层),南,113万,15491元/平米,未知年建/
芙蓉花园,4室2厅1厨2卫,154.06㎡,,高楼层 (共9层),东南,270万,17526元/平米,2004年
筒车巷29号,4室2厅1厨2卫,139.47㎡,,中楼层 (共7层),东南,172万,12333元/平米,2000年
西西里二期,1室1厅1厨1卫,56.58㎡,,中楼层 (共34层),南,110万,19442元/平米,2009年
金沙巷10号,1室1厅1厨1卫,41.75㎡,,高楼层 (共7层),西南,55万,13174元/平米,1996年
幸福彼岸,3室2厅1厨2卫,153.42㎡,,高楼层 (共22层),南 西南,275万,17925元/平米,2007年
交大路101号,4室2厅1厨2卫,143.35㎡,,中楼层 (共7层),东南,170万,11860元/平米,2000年
银沙正街2号,1室1厅1厨1卫,40.45㎡,,中楼层 (共7层),南,48万,11867元/平米,未知年建/
星辉西路8号,2室1厅1厨1卫,63.05㎡,,低楼层 (共7层),西,107万,16971元/平米,2000年
铁路新村,3室1厅1厨1卫,75.27㎡,,低楼层 (共7层),东,115万,15279元/平米,未知年建
西锦国际一期,1室1厅1厨1卫,44.13㎡,,低楼层 (共25层),东南 西南,86万,19488元/平米,2009年
欣民苑,2室2厅1厨1卫,84.02㎡,,低楼层 (共7层),东南,125万,14878元/平米,2001年
北辰花园,3室2厅1厨2卫,117.06㎡,,低楼层 (共7层),南,170万,14523元/平米,2000年
观景台,4室2厅1厨2卫,257.88㎡,,高楼层 (共9层),东南,240万,9307元/平米,未知年建/
天彩菁华,3室2厅1厨1卫,115.58㎡,,低楼层 (共6层),东南,180万,15574元/平米,2003年
抚琴西南街45号,2室1厅1厨1卫,77.63㎡,,高楼层 (共7层),南,107万,13784元/平米,1995年
三九绿城,2室2厅1厨1卫,82.33㎡,,高楼层 (共21层),东南,135万,16398元/平米,2008年
树蓓街104号,3室2厅1厨2卫,123.29㎡,,低楼层 (共7层),东南,168万,13627元/平米,2000年
马河湾1号,3室1厅1厨1卫,79.2㎡,,高楼层 (共7层),东南,112万,14142元/平米,1996年
恒大西锦城,2室2厅1厨1卫,88.37㎡,,低楼层 (共29层),东,190万,21501元/平米,2012年
檀香花园,3室2厅1厨1卫,93.49㎡,,高楼层 (共26层),东,175万,18719元/平米,2011年
光荣北路74号,2室1厅1厨1卫,51.67㎡,,高楼层 (共7层),东,85万,16451元/平米,2000年
益民苑,2室2厅1厨1卫,80.88㎡,,高楼层 (共7层),东北,116万,14343元/平米,1998年
亲河名居C区,5室2厅1厨3卫,169.97㎡,,高楼层 (共6层),西南,180万,10591元/平米,未知年建/
亲河名居C区,4室3厅1厨3卫,188.13㎡,,高楼层 (共6层),东南,200万,10631元/平米,未知年建/
华侨城东岸一期,4室2厅1厨3卫,265.41㎡,,低楼层 (共4层),装修情况毛坯,650万,24491元/平米,2011年
金琴路28号,3室1厅1厨2卫,112.5㎡,,低楼层 (共6层),东南,151.5万,13467元/平米,1996年
兴元花园二期,4室2厅1厨2卫,157.84㎡,,低楼层 (共8层),西北,250万,15839元/平米,2002年
顶峰水岸汇景,2室2厅1厨1卫,87.05㎡,,中楼层 (共33层),东南,210万,24125元/平米,2008年
黄忠芙蓉苑,3室2厅1厨1卫,114.15㎡,,中楼层 (共6层),南,176万,15419元/平米,2003年
西城映画,4室2厅1厨2卫,169.3㎡,,低楼层 (共9层),东南,270万,15949元/平米,2004年
风林假日,5室3厅1厨2卫,188.43㎡,,高楼层 (共6层),西北,290万,15391元/平米,2003年
交桂二巷23号,2室1厅1厨1卫,84.57㎡,,中楼层 (共7层),东南,102万,12062元/平米,2000年
蓝光云鼎,3室1厅1厨2卫,87.11㎡,,中楼层 (共31层),西南,198万,22730元/平米,2012年
锦城花园,4室2厅1厨2卫,209.71㎡,,低楼层 (共11层),南 北,404万,19265元/平米,2003年
迪康银色诗典,2室1厅1厨1卫,84.1㎡,,中楼层 (共12层),南,119万,14150元/平米,2000年
千禧花园,4室3厅1厨2卫,174㎡,,中楼层 (共6层),东北,280万,16092元/平米,2000年
蜀汉路2号,3室2厅1厨2卫,108.87㎡,,中楼层 (共9层),东北,190万,17453元/平米,2000年
两河锦地,2室2厅1厨1卫,87.58㎡,,中楼层 (共18层),西北,130万,14844元/平米,2009年
恒大西锦城,2室2厅1厨1卫,86.9㎡,,中楼层 (共29层),东南,180万,20714元/平米,2012年
金都花园,4室2厅1厨2卫,183.25㎡,,高楼层 (共16层),东北,300万,16372元/平米,2000年
幸福彼岸,3室2厅1厨1卫,96.35㎡,,高楼层 (共22层),东北,145万,15050元/平米,2007年
恒大西锦城,3室2厅1厨2卫,112.77㎡,,中楼层 (共29层),东南,230万,20396元/平米,2012年
熙城国际,2室2厅1厨1卫,82.37㎡,,高楼层 (共28层),东南,150万,18211元/平米,2009年
解放西路10号院,1室1厅1厨1卫,62.49㎡,,中楼层 (共7层),南,78万,12482元/平米,未知年建/
现代城,2室1厅1厨1卫,69.56㎡,,高楼层 (共31层),东南,135万,19408元/平米,2014年
凯丽豪景,2室1厅1厨1卫,85.85㎡,,高楼层 (共32层),西,228万,26558元/平米,2008年
交大智能八期,2室1厅1厨2卫,87.78㎡,,高楼层 (共6层),南,138万,15722元/平米,2003年
惠民苑,3室2厅1厨1卫,89.52㎡,,中楼层 (共7层),东南,135万,15081元/平米,2000年
锦熙玉苑,2室1厅1厨1卫,74.23㎡,,低楼层 (共18层),东南,140万,18861元/平米,2011年
安居苑,2室1厅1厨1卫,63.37㎡,,高楼层 (共7层),东南,82万,12940元/平米,1998年
光荣市场公寓,2室1厅1厨1卫,58.03㎡,,中楼层 (共7层),西北,68万,11719元/平米,2000年
西城丽景,2室2厅1厨1卫,78.01㎡,,高楼层 (共18层),西北,108万,13845元/平米,2000年
西体路新二村,2室1厅1厨1卫,54.46㎡,,中楼层 (共6层),东 西南,75万,13772元/平米,1991年
华侨城东岸一期,3室2厅1厨2卫,151.31㎡,,低楼层 (共4层),东,485万,32054元/平米,2011年
白鸽岛尚,2室2厅1厨1卫,82.96㎡,,高楼层 (共19层),南,130万,15671元/平米,2008年
瑞西小区,4室2厅1厨2卫,161.59㎡,,高楼层 (共7层),东南,185万,11449元/平米,未知年建/
风林假日,4室2厅1厨2卫,189.59㎡,,高楼层 (共6层),西北,260万,13714元/平米,2003年
菁华园,5室3厅1厨2卫,219.21㎡,,高楼层 (共6层),南,298.8万,13631元/平米,2002年
白鸽岛尚,4室2厅1厨2卫,151.6㎡,,低楼层 (共19层),西南,223万,14710元/平米,2008年
顶峰水岸汇景,5室2厅1厨2卫,220.07㎡,,低楼层 (共33层),东,488万,22175元/平米,2008年
兴元绿洲一期,1室1厅1厨1卫,44.15㎡,,中楼层 (共22层),西南,60万,13591元/平米,2007年
一品天下C区,2室1厅1厨1卫,74.08㎡,,低楼层 (共9层),南,96.3万,13000元/平米,2007年
华侨城东岸三期,4室2厅1厨2卫,236.34㎡,,低楼层 (共4层),南,550万,23272元/平米,2015年
兴元绿洲一期,1室1厅1厨1卫,44.19㎡,,低楼层 (共22层),东北,59万,13352元/平米,2007年
锦西国际,1室0厅1厨1卫,36.07㎡,,低楼层 (共22层),南,45万,12476元/平米,2008年
金仙桥路24号,1室0厅1厨1卫,32.36㎡,,中楼层 (共7层),东南,50万,15452元/平米,1999年
绿杨新邨,3室2厅1厨2卫,124.85㎡,,高楼层 (共18层),东南,225万,18022元/平米,2003年
白鸽岛尚,2室1厅1厨1卫,89.33㎡,,高楼层 (共19层),西南,135万,15113元/平米,2008年
万科金域西岭,2室2厅1厨1卫,90.56㎡,,中楼层 (共35层),西南,175万,19325元/平米,2012年
天府名苑,1室1厅1厨1卫,39.81㎡,,中楼层 (共8层),东北,51万,12811元/平米,2002年
悦民苑,2室2厅1厨1卫,93㎡,,高楼层 (共7层),西南,145万,15592元/平米,2000年
金鱼街1号,2室1厅1厨1卫,56.48㎡,,高楼层 (共6层),东南,73.5万,13014元/平米,1992年
水韵天府,2室2厅1厨1卫,92㎡,,高楼层 (共22层),东北,127万,13805元/平米,2006年
富丽碧蔓汀,3室2厅1厨1卫,81.33㎡,,高楼层 (共26层),东,225万,27666元/平米,2009年
西城天下,2室1厅1厨1卫,89.67㎡,,低楼层 (共31层),东北,238万,26542元/平米,2009年
西城天下,2室2厅1厨1卫,88.13㎡,,低楼层 (共31层),西北,231万,26212元/平米,2009年
锦城名都,1室1厅1厨1卫,46.24㎡,,低楼层 (共33层),东南,91万,19680元/平米,2009年
交大智能八期,1室1厅1厨1卫,47.55㎡,,中楼层 (共6层),东南,66万,13881元/平米,2003年
状元府邸,2室1厅1厨1卫,69.04㎡,,高楼层 (共31层),东南,115万,16658元/平米,2008年
百仁安盛,3室2厅1厨2卫,148.48㎡,,高楼层 (共18层),西南,225万,15154元/平米,2008年
嘉恒商寓,3室2厅1厨2卫,149.08㎡,,高楼层 (共7层),西北 北,165万,11068元/平米,2000年
外化成小区,2室1厅1厨1卫,64.77㎡,,低楼层 (共7层),东南,90万,13896元/平米,未知年建/
懋园西沿风景,2室2厅1厨1卫,91.6㎡,,中楼层 (共11层),西南,170万,18559元/平米,2005年
西西里一期,2室2厅1厨1卫,89.51㎡,,高楼层 (共33层),西北,170万,18993元/平米,2008年
泰逸美景,2室2厅1厨2卫,92㎡,,高楼层 (共9层),东南,153万,16631元/平米,2005年
檀香花园,2室1厅1厨1卫,89.38㎡,,低楼层 (共25层),南,148万,16559元/平米,2011年
锦西国际,2室1厅1厨1卫,32.6㎡,,中楼层 (共22层),南,75万,23007元/平米,2008年
西安南路78号,2室1厅1厨1卫,56.6㎡,,高楼层 (共7层),东,88万,15548元/平米,1990年
华侨城纯水岸一期,3室2厅1厨1卫,88.48㎡,,高楼层 (共25层),东北,220万,24865元/平米,2009年
憩园公寓,2室1厅1厨1卫,100.48㎡,,低楼层 (共7层),东南,150万,14929元/平米,2000年
西城丽景,3室2厅1厨1卫,91.76㎡,,低楼层 (共18层),西北,140万,15258元/平米,2000年
三和花园,3室2厅1厨2卫,146.18㎡,,中楼层 (共7层),西南,220万,15050元/平米,2001年
金鱼街72号,2室1厅1厨1卫,62.9㎡,,中楼层 (共7层),东北,80万,12719元/平米,1993年
安居苑,2室1厅1厨1卫,77.86㎡,,中楼层 (共7层),东,100万,12844元/平米,1998年
金房央座,1室2厅1厨1卫,65.36㎡,,低楼层 (共20层),东南,145万,22185元/平米,2010年
营通街67号,2室2厅1厨2卫,69.12㎡,,高楼层 (共7层),东南,90万,13021元/平米,1997年
富丽碧蔓汀,3室1厅1厨2卫,96.43㎡,,高楼层 (共26层),西,258万,26756元/平米,2009年
交大智能六期,2室1厅1厨1卫,83.88㎡,,中楼层 (共7层),东南,128万,15260元/平米,2000年
马鞍北路8号,3室1厅1厨1卫,75.19㎡,,中楼层 (共7层),东南,120万,15960元/平米,2000年
明阳家在回廊,3室2厅1厨1卫,103㎡,,高楼层 (共6层),西南,170万,16505元/平米,未知年建/
金房苑西苑,3室2厅1厨2卫,134.69㎡,,中楼层 (共6层),南,181万,13439元/平米,2002年
锦城世家,3室2厅1厨2卫,147.89㎡,,中楼层 (共32层),西,420万,28400元/平米,2014年
福祥家园瑞康苑,2室1厅1厨1卫,75.85㎡,,低楼层 (共6层),西南,106万,13975元/平米,未知年建/
文华路新13号,1室1厅1厨1卫,55.31㎡,,高楼层 (共7层),北,57万,10306元/平米,2000年
幸福彼岸,3室2厅1厨2卫,121.33㎡,,低楼层 (共22层),东南,168万,13847元/平米,2007年
晓初公寓,2室2厅1厨1卫,77.75㎡,,高楼层 (共7层),东南,88万,11319元/平米,2000年
居然小区,2室2厅1厨1卫,89.66㎡,,高楼层 (共24层),东北,135万,15057元/平米,2012年
金房苑西苑,3室2厅1厨2卫,136.56㎡,,低楼层 (共6层),东南,350万,25630元/平米,2002年
星辉中路20号,3室2厅1厨1卫,127.45㎡,,高楼层 (共7层),南,200万,15693元/平米,1998年
金荷名邸,2室2厅1厨1卫,92㎡,,低楼层 (共17层),南,142.6万,15500元/平米,2005年
普罗旺斯,3室2厅1厨2卫,175.69㎡,,中楼层 (共6层),南 北,248万,14116元/平米,2004年
抚琴东北路,2室1厅1厨1卫,51.26㎡,,中楼层 (共7层),东南,75万,14632元/平米,1999年
西体路新二村,4室2厅1厨2卫,150.7㎡,,中楼层 (共7层),东南,200万,13272元/平米,1991年
西景花园,2室1厅1厨1卫,82.74㎡,,中楼层 (共11层),东南,158万,19096元/平米,2004年
金桔花园一期,2室2厅1厨1卫,85㎡,,低楼层 (共7层),东南,132万,15530元/平米,2000年
檀香花园,2室2厅1厨1卫,89.11㎡,,中楼层 (共26层),东南,152万,17058元/平米,2011年
幸福彼岸,3室2厅1厨2卫,128㎡,,高楼层 (共22层),南,170万,13282元/平米,2007年
金仙桥路3号,2室1厅1厨1卫,83.16㎡,,低楼层 (共7层),东,130万,15633元/平米,1995年
龙门镇,1室1厅1厨1卫,52.48㎡,,中楼层 (共31层),东,96万,18293元/平米,2013年
营策巷29号,2室1厅1厨1卫,75.3㎡,,高楼层 (共7层),南,89.5万,11886元/平米,1994年
花牌坊街6号,2室1厅1厨1卫,52.4㎡,,中楼层 (共6层),东,77万,14695元/平米,1993年
西体路新二村,1室1厅1厨1卫,45.45㎡,,高楼层 (共7层),南,60.5万,13312元/平米,1991年
平福巷2号小区,1室1厅1厨1卫,43.08㎡,,低楼层 (共6层),南,69.8万,16203元/平米,2000年
泰基北锦,1室1厅1厨1卫,57.71㎡,,中楼层 (共26层),西南,98万,16982元/平米,2009年
秀城嘉园,1室0厅1厨1卫,39.48㎡,,低楼层 (共25层),东南,68万,17224元/平米,2011年
锦西国际,1室0厅0厨1卫,28.57㎡,,低楼层 (共22层),西,28万,9801元/平米,2008年
金色池塘,3室1厅1厨1卫,95.81㎡,,低楼层 (共6层),东南,280万,29225元/平米,2004年
二环路北二段241号,3室1厅1厨1卫,67㎡,,高楼层 (共7层),北,105万,15672元/平米,1989年
交大智能三期,3室2厅1厨2卫,118.11㎡,,中楼层 (共8层),南,249万,21083元/平米,2001年
交大北园,3室2厅1厨1卫,81㎡,,中楼层 (共6层),东,110万,13581元/平米,1998年
荷里活,2室1厅1厨1卫,44.06㎡,,中楼层 (共24层),东南,142万,32229元/平米,2012年
德意馨苑,3室2厅1厨2卫,127.88㎡,,高楼层 (共6层),东南,185万,14467元/平米,2003年
香木林加州国际,2室2厅1厨1卫,88.38㎡,,低楼层 (共23层),东南,175万,19801元/平米,2009年
锦城世家,1室1厅1厨1卫,50.18㎡,,中楼层 (共28层),东南,128万,25509元/平米,2014年
全兴花园,3室2厅1厨2卫,129.16㎡,,高楼层 (共6层),南,200万,15485元/平米,2002年
泰基北锦,2室2厅1厨1卫,64.98㎡,,低楼层 (共26层),东南,115万,17698元/平米,2009年
清江东路120号,2室1厅1厨1卫,44.38㎡,,中楼层 (共5层),北,65万,14647元/平米,未知年建/
西城丽景,2室2厅1厨1卫,79.61㎡,,低楼层 (共18层),东南,110万,13818元/平米,2000年
久鑫华园,1室1厅1厨1卫,48.6㎡,,低楼层 (共6层),东,81万,16667元/平米,2004年
西西里二期,1室1厅1厨1卫,54.13㎡,,高楼层 (共34层),西北,116万,21430元/平米,2009年
白鸽岛尚,2室2厅1厨1卫,83.09㎡,,低楼层 (共19层),东北,128万,15405元/平米,2008年
蓝光花满庭一期,3室2厅1厨1卫,85.38㎡,,低楼层 (共21层),东,148万,17335元/平米,2009年
华侨城东岸三期,4室2厅1厨2卫,163.87㎡,,中楼层 (共4层),西北,400万,24410元/平米,2015年
锦城名都,2室1厅1厨1卫,89.09㎡,,中楼层 (共33层),西南,180万,20205元/平米,2008年
龙湖北城天街二期,3室2厅1厨2卫,116.5㎡,,中楼层 (共23层),西,255万,21889元/平米,2013年
锦西名宅西区,2室2厅1厨1卫,80.77㎡,,高楼层 (共6层),东南 南,120万,14858元/平米,2002年
白鸽岛尚,2室2厅1厨1卫,69.24㎡,,高楼层 (共19层),东南,108万,15598元/平米,2008年
华侨城纯水岸二期,3室2厅1厨1卫,89.94㎡,,中楼层 (共30层),南,216万,24017元/平米,2010年
明阳家在回廊,3室2厅1厨1卫,92.66㎡,,低楼层 (共7层),西南,158万,17052元/平米,2002年
西岸观邸,2室2厅1厨1卫,81.76㎡,,低楼层 (共32层),东南,152万,18591元/平米,2013年
西城公馆,3室2厅1厨2卫,129.66㎡,,中楼层 (共30层),西南,235万,18125元/平米,2009年
安居苑,2室1厅1厨1卫,67㎡,,中楼层 (共7层),南,85万,12687元/平米,1998年
华侨城纯水岸三期,3室2厅1厨1卫,89.57㎡,,高楼层 (共33层),东南,225万,25121元/平米,2013年
安居苑,2室1厅1厨1卫,67㎡,,中楼层 (共7层),南,85万,12687元/平米,1998年
龙湖源著西区,3室2厅1厨2卫,107.81㎡,,中楼层 (共16层),东南,220万,20407元/平米,2016年
香榭里公交苑,2室2厅1厨1卫,86.23㎡,,中楼层 (共7层),南 北,115万,13337元/平米,2008年
西城公馆,2室2厅1厨1卫,86.24㎡,,中楼层 (共30层),西南,172万,19945元/平米,2009年
交大智能一期南苑,2室2厅1厨1卫,69.31㎡,,高楼层 (共7层),南,110万,15871元/平米,2000年
华侨城纯水岸二期,3室2厅1厨1卫,89.94㎡,,中楼层 (共30层),南,216万,24017元/平米,2010年
明阳家在回廊,3室2厅1厨1卫,92.66㎡,,低楼层 (共7层),西南,158万,17052元/平米,2002年
龙湖北城天街二期,3室2厅1厨2卫,116.5㎡,,中楼层 (共23层),西,255万,21889元/平米,2013年
蓝光花满庭一期,3室2厅1厨1卫,87.51㎡,,高楼层 (共21层),南,150万,17141元/平米,2009年
华侨城纯水岸三期,2室1厅1厨1卫,72.29㎡,,高楼层 (共33层),东北,162万,22410元/平米,2013年
白鸽岛尚,2室2厅1厨1卫,69.24㎡,,高楼层 (共19层),东南,108万,15598元/平米,2008年
香江岸,2室2厅1厨1卫,89.4㎡,,中楼层 (共18层),南,121万,13535元/平米,2009年
营康西路184号,2室1厅1厨1卫,58.79㎡,,低楼层 (共7层),西北,72万,12247元/平米,未知年建/
西城天下,2室1厅1厨1卫,88㎡,,中楼层 (共31层),东南,175万,19887元/平米,2009年
华侨城纯水岸一期,3室2厅1厨2卫,144㎡,,低楼层 (共25层),南,380万,26389元/平米,2009年
曦城,2室1厅1厨1卫,84.99㎡,,高楼层 (共34层),西南 东北,195万,22944元/平米,2009年
万宝大厦,3室2厅1厨2卫,125.99㎡,,高楼层 (共9层),北,155万,12303元/平米,未知年建
新和理想家,3室2厅1厨2卫,114.7㎡,,中楼层 (共18层),西北,213万,18571元/平米,2007年
金桔花园一期,3室2厅1厨2卫,118.55㎡,,中楼层 (共7层),东南,165万,13919元/平米,2000年
嘉宇天琢城,2室1厅1厨1卫,84.8㎡,,中楼层 (共22层),东,128万,15095元/平米,2008年
西西里一期,2室1厅1厨1卫,87.1㎡,,低楼层 (共33层),东南,168万,19289元/平米,2008年
和睦人家一二期,2室1厅0厨1卫,75.65㎡,,低楼层 (共6层),南,153万,20225元/平米,2002年
西岸观邸,3室2厅1厨2卫,93㎡,,高楼层 (共32层),东南,170万,18280元/平米,2013年
交桂一巷11号,2室1厅1厨1卫,65.9㎡,,高楼层 (共7层),东南,88万,13354元/平米,1999年
石笋街3号,2室1厅1厨1卫,53.63㎡,,中楼层 (共6层),东南,85万,15850元/平米,1994年
为民路89号,2室1厅1厨1卫,73.49㎡,,低楼层 (共6层),东,100万,13608元/平米,1998年
状元府邸,2室1厅1厨1卫,64.64㎡,,高楼层 (共31层),东南,120万,18565元/平米,2008年
和睦人家一二期,3室2厅1厨2卫,116.7㎡,,高楼层 (共6层),东,195万,16710元/平米,2002年
红花教师苑,4室2厅1厨2卫,131.21㎡,,中楼层 (共7层),西南,155万,11814元/平米,2004年
华侨城东岸一期,4室2厅1厨3卫,250.01㎡,,高楼层 (共4层),西南,600万,24000元/平米,2011年
西景花园,1室0厅1厨1卫,43.93㎡,,中楼层 (共9层),西,68万,15480元/平米,2004年
幸福彼岸,4室2厅1厨2卫,124.5㎡,,中楼层 (共22层),西南,170万,13655元/平米,2007年
香木林加州国际,1室1厅1厨1卫,55.23㎡,,中楼层 (共18层),南,89万,16115元/平米,2009年
圃园路6号院,3室2厅1厨2卫,121.25㎡,,高楼层 (共7层),北,158万,13031元/平米,2000年
交大南园,2室1厅1厨1卫,54㎡,,低楼层 (共7层),东南,91万,16852元/平米,2001年
凯丽豪景,2室1厅1厨1卫,85.43㎡,,中楼层 (共30层),东北,210万,24582元/平米,2008年
映日荷花,3室2厅1厨2卫,122.72㎡,,高楼层 (共22层),北,176万,14342元/平米,2009年
西岸观邸,2室2厅1厨1卫,87.92㎡,,中楼层 (共30层),东南,147万,16720元/平米,2013年
西蜀瑞苑,2室1厅1厨1卫,72.14㎡,,低楼层 (共18层),东南,120万,16635元/平米,未知年建
欧波罗,2室2厅1厨1卫,61.32㎡,,高楼层 (共19层),东北,98万,15982元/平米,2008年
富丽碧蔓汀,2室2厅1厨1卫,61.08㎡,,中楼层 (共26层),南,148万,24231元/平米,2009年
太阳门,1室1厅1厨1卫,64.15㎡,,高楼层 (共12层),北,86万,13407元/平米,2005年
交大智能三期,2室1厅1厨1卫,102.15㎡,,低楼层 (共9层),南,152万,14881元/平米,2001年
云翔金谷,2室2厅1厨1卫,90.47㎡,,低楼层 (共18层),东南,130万,14370元/平米,2009年
新和名座,2室1厅1厨1卫,74.88㎡,,高楼层 (共17层),东南 南,135万,18029元/平米,2006年
营和街62号,3室2厅1厨1卫,107.6㎡,,低楼层 (共7层),东南,130万,12082元/平米,未知年建/
千和馨城,1室2厅1厨1卫,73.05㎡,,高楼层 (共17层),西南,129万,17660元/平米,2006年
西线阳光,3室2厅1厨2卫,100.27㎡,,高楼层 (共18层),东南,148万,14761元/平米,2007年
华侨城东岸三期,3室2厅1厨2卫,143㎡,,中楼层 (共4层),东南,435万,30420元/平米,2015年
城市博客阳光里,2室1厅1厨1卫,82.78㎡,,高楼层 (共22层),东北,170万,20537元/平米,2009年
水韵天府,2室1厅1厨2卫,84㎡,,高楼层 (共22层),南,125万,14881元/平米,2006年
曦城,2室1厅1厨1卫,85.48㎡,,高楼层 (共34层),东南,192万,22462元/平米,2009年
一品天下D区,2室2厅1厨1卫,90.78㎡,,中楼层 (共7层),东南,170万,18727元/平米,2006年
华侨城纯水岸一期,2室1厅1厨1卫,89.62㎡,,高楼层 (共25层),南,175万,19527元/平米,2009年
华侨城纯水岸二期,3室2厅1厨1卫,91.33㎡,,高楼层 (共33层),南 北,260万,28469元/平米,2010年
万科金域西岭,2室2厅1厨1卫,90.56㎡,,低楼层 (共35层),南,168万,18552元/平米,2012年
水韵天府,3室2厅1厨2卫,126㎡,,高楼层 (共18层),东南,178万,14127元/平米,2006年
兴元绿洲一期,1室0厅1厨1卫,41.13㎡,,高楼层 (共22层),西南,63万,15318元/平米,2007年
天合凯旋港,1室0厅1厨1卫,41.67㎡,,高楼层 (共24层),南,64万,15359元/平米,2008年
华侨城东岸一期,4室2厅1厨2卫,166.28㎡,,低楼层 (共4层),东南,740万,44504元/平米,2011年
两河锦地,2室1厅1厨1卫,85.05㎡,,低楼层 (共18层),东南,130万,15286元/平米,2009年
五里墩路49号,2室2厅1厨1卫,73.62㎡,,高楼层 (共7层),东北,118万,16029元/平米,未知年建/
锦西国际,1室0厅1厨1卫,39.19㎡,,低楼层 (共22层),南,45万,11483元/平米,2008年
华侨城天鹅堡,3室2厅1厨1卫,85.37㎡,,低楼层 (共32层),北,210万,24599元/平米,2012年
城西公寓,3室2厅1厨2卫,137.74㎡,,高楼层 (共7层),东南,260万,18877元/平米,1998年
白鸽岛尚,4室1厅1厨2卫,151.6㎡,,低楼层 (共19层),东南,222万,14644元/平米,2008年
现代城,2室1厅1厨1卫,67.47㎡,,高楼层 (共31层),南,138万,20454元/平米,2014年
五丁路9号,3室2厅1厨2卫,141.09㎡,,中楼层 (共15层),南 东北,235万,16657元/平米,2002年
黄忠爱丽舍,2室1厅1厨1卫,68.89㎡,,中楼层 (共12层),东南,115万,16694元/平米,2003年
龙门镇二期,2室1厅1厨1卫,71.87㎡,,高楼层 (共33层),西南,149万,20732元/平米,2013年
现代福满苑A区,2室1厅1厨1卫,63.54㎡,,中楼层 (共6层),东南,83万,13063元/平米,2006年
城市绿舟花园,2室2厅1厨1卫,89.4㎡,,中楼层 (共6层),东南,143.5万,16052元/平米,2004年
菁华园,4室4厅1厨3卫,220.53㎡,,高楼层 (共6层),东北,348万,15781元/平米,2002年
水韵天府,2室1厅1厨1卫,82.1㎡,,低楼层 (共18层),东,130万,15835元/平米,2006年
彩舍大厦,2室2厅1厨1卫,101.38㎡,,中楼层 (共7层),东南,120万,11837元/平米,1996年
光荣市场公寓,2室1厅1厨1卫,70.68㎡,,高楼层 (共7层),东南,80万,11319元/平米,2000年
龙湖源著西区,3室2厅1厨2卫,107.45㎡,,中楼层 (共16层),东北,205万,19079元/平米,2016年
香山苑,2室1厅1厨1卫,77.89㎡,,高楼层 (共23层),南 北,142万,18231元/平米,2007年
营福庭苑,2室1厅1厨1卫,69.35㎡,,低楼层 (共7层),西南,100万,14420元/平米,1996年
两河锦地,2室2厅1厨1卫,85.05㎡,,中楼层 (共18层),西南,123万,14463元/平米,2009年
新和理想家,2室1厅1厨1卫,83.14㎡,,低楼层 (共18层),东南,160万,19245元/平米,2007年
交大智能一期南苑,1室1厅1厨1卫,41.45㎡,,中楼层 (共7层),东,59.8万,14428元/平米,2000年
兴元绿洲一期,2室2厅1厨1卫,91.35㎡,,低楼层 (共22层),南,152万,16640元/平米,2007年
汇景新村,4室2厅1厨2卫,140.39㎡,,低楼层 (共6层),东,230万,16383元/平米,2001年
金域港湾,3室2厅1厨1卫,97㎡,,低楼层 (共11层),东南,300万,30928元/平米,2006年
交大智能八期,1室1厅1厨1卫,45.87㎡,,中楼层 (共6层),东南,68万,14825元/平米,2003年
锦西民园,4室2厅1厨2卫,141㎡,,低楼层 (共6层),东南,253万,17944元/平米,2003年
华侨城东岸一期,4室2厅1厨3卫,207.19㎡,,高楼层 (共4层),东南,560万,27029元/平米,2011年
双城,4室1厅1厨3卫,152.03㎡,,高楼层 (共33层),西北,280万,18418元/平米,2009年
抚琴西路46号,3室1厅1厨1卫,72.4㎡,,低楼层 (共7层),东北,93.5万,12915元/平米,1998年
龙湖北城天街一期,3室1厅1厨2卫,106.26㎡,,中楼层 (共23层),南,255万,23998元/平米,2012年
彩舍大厦,2室2厅1厨1卫,101.38㎡,,高楼层 (共7层),东南,120万,11837元/平米,1996年
恒德路6号,3室2厅1厨1卫,102.61㎡,,高楼层 (共7层),南 北,130万,12670元/平米,2000年
天合苑,3室1厅1厨2卫,116.76㎡,,中楼层 (共7层),东北,158万,13533元/平米,2001年
交大智能二期,2室2厅1厨1卫,88.32㎡,,高楼层 (共6层),南,160万,18116元/平米,2000年
城西公寓,3室2厅1厨2卫,137.42㎡,,高楼层 (共7层),东南,280万,20376元/平米,1998年
红旗巷5号,2室2厅1厨1卫,74.29㎡,,高楼层 (共7层),东,95万,12788元/平米,2000年
一品天下C区,3室1厅1厨1卫,120.83㎡,,高楼层 (共9层),南,195万,16139元/平米,2007年
华侨城纯水岸二期,2室2厅1厨1卫,76.15㎡,,低楼层 (共33层),西北,170万,22325元/平米,2010年
两河锦地,2室2厅1厨1卫,87.35㎡,,低楼层 (共18层),西南,137万,15685元/平米,2009年
枣子巷17号,2室1厅1厨1卫,90.2㎡,,高楼层 (共23层),东南 东北,180万,19956元/平米,2001年
公安局宿舍,2室2厅1厨1卫,78.47㎡,,高楼层 (共7层),东,120万,15293元/平米,1998年
金都苑,3室2厅1厨2卫,101.16㎡,,高楼层 (共18层),南,160万,15817元/平米,2009年
恒大西锦城,3室2厅1厨2卫,140.04㎡,,中楼层 (共29层),东南,295万,21066元/平米,2012年
曦城,2室1厅1厨1卫,75.75㎡,,高楼层 (共34层),东南,166.6万,21994元/平米,2009年
德意馨苑,3室2厅1厨2卫,144.81㎡,,高楼层 (共6层),东南,206万,14226元/平米,2003年
新桥逸景C区,3室2厅1厨1卫,93.52㎡,,高楼层 (共23层),东南,116万,12404元/平米,2010年
家和楼,4室2厅1厨2卫,156.42㎡,,中楼层 (共7层),东南,230万,14705元/平米,1995年
饮马河街13号,2室1厅1厨1卫,66.45㎡,,高楼层 (共6层),西北,100万,15049元/平米,未知年建/
映日荷花,3室1厅1厨1卫,89.49㎡,,高楼层 (共19层),南,130万,14527元/平米,2009年
新桥逸景A区,2室2厅1厨1卫,77.8㎡,,中楼层 (共6层),南,95万,12211元/平米,2008年
芙蓉宅院,3室2厅1厨2卫,135.8㎡,,中楼层 (共7层),西北,217万,15980元/平米,1999年
润扬金沙30度,4室2厅1厨2卫,130.49㎡,,中楼层 (共12层),西北,340万,26056元/平米,2013年
绿洲华苑,3室2厅1厨2卫,111.65㎡,,高楼层 (共6层),西北,200万,17914元/平米,2004年
香木林加州国际,3室2厅1厨2卫,114.85㎡,,低楼层 (共23层),西南,270万,23509元/平米,2009年
蜀明东路10号,2室2厅1厨1卫,61.08㎡,,高楼层 (共7层),西北,100万,16372元/平米,未知年建/
九里小区,3室1厅1厨1卫,106.67㎡,,高楼层 (共7层),东,130万,12188元/平米,2000年
万科金域西岭,2室2厅1厨1卫,90.56㎡,,高楼层 (共35层),东南,178万,19656元/平米,2012年
交大东园,5室2厅1厨2卫,211.55㎡,,高楼层 (共6层),东南,325万,15363元/平米,2000年
交大路199号附8号,3室2厅1厨2卫,173.33㎡,,中楼层 (共7层),东南,248万,14308元/平米,2000年
城市绿舟花园,4室2厅1厨2卫,174.35㎡,,高楼层 (共6层),西南,228万,13078元/平米,2004年
顶峰水岸汇景,5室3厅1厨2卫,263㎡,,高楼层 (共32层),西北,568万,21597元/平米,2008年
天合凯旋港,1室0厅1厨1卫,51.75㎡,,中楼层 (共24层),东南,73万,14107元/平米,2008年
和睦人家一二期,2室2厅1厨1卫,75.65㎡,,低楼层 (共6层),西南,130万,17185元/平米,2002年
锦城苑,3室2厅1厨2卫,138.34㎡,,中楼层 (共7层),东北,178万,12867元/平米,1999年
交大智能九期,3室2厅1厨2卫,101.12㎡,,低楼层 (共6层),东南,172万,17010元/平米,2004年
龙湖源著西区,4室2厅1厨2卫,146.37㎡,,高楼层 (共16层),南,280万,19130元/平米,2016年
交大智能八期,2室1厅1厨1卫,64.81㎡,,高楼层 (共6层),东南,97万,14967元/平米,2003年
马河湾1号,2室2厅1厨1卫,71.14㎡,,中楼层 (共7层),东南,96万,13495元/平米,1996年
马鞍东路社区,2室1厅1厨1卫,48.31㎡,,高楼层 (共6层),东南,76万,15732元/平米,1998年
华侨城东岸一期,3室2厅1厨2卫,142.93㎡,,中楼层 (共4层),南,460万,32184元/平米,2011年
营福苑,3室2厅1厨1卫,123.36㎡,,低楼层 (共7层),南,170万,13781元/平米,2000年
光荣市场公寓,1室1厅1厨1卫,29.48㎡,,中楼层 (共7层),东,38万,12891元/平米,2000年
金都花园,4室3厅1厨2卫,178.66㎡,,中楼层 (共11层),东,303万,16960元/平米,2000年
正成拉斐,3室2厅1厨2卫,91.73㎡,,高楼层 (共18层),西南,175万,19078元/平米,2012年
百寿路1号,2室1厅1厨1卫,60.25㎡,,中楼层 (共7层),南 北,88万,14606元/平米,1993年
光荣西路60号,2室2厅1厨1卫,71.44㎡,,低楼层 (共7层),东南,95万,13298元/平米,1999年
金仙桥路15号川铁宿舍,3室1厅1厨1卫,88.53㎡,,高楼层 (共7层),西北,140万,15814元/平米,2000年
都市人家一期,1室1厅1厨1卫,48.11㎡,,高楼层 (共7层),东南,62万,12888元/平米,1998年
府河路苑,1室1厅1厨1卫,68.8㎡,,低楼层 (共18层),东南,95万,13809元/平米,2012年
紫桂花园,5室2厅1厨2卫,133㎡,,高楼层 (共6层),东北,220万,16542元/平米,2006年
嘉宇天琢城,2室2厅1厨1卫,84.8㎡,,中楼层 (共22层),东北,127万,14977元/平米,2008年
龙门镇二期,2室1厅1厨1卫,65.79㎡,,高楼层 (共32层),东,138万,20976元/平米,2013年
人和佳苑,2室1厅1厨1卫,77.46㎡,,中楼层 (共8层),东南,120万,15492元/平米,2000年
青房尚瑞天韵,2室2厅1厨1卫,89.54㎡,,低楼层 (共25层),东南,140万,15636元/平米,2009年
金都花园,2室2厅1厨2卫,111.3㎡,,中楼层 (共11层),东南,195万,17521元/平米,2003年
映日荷花,2室2厅1厨1卫,87.59㎡,,中楼层 (共22层),南,130万,14842元/平米,2009年
木综厂宿舍,2室1厅1厨1卫,79.85㎡,,高楼层 (共7层),南,104万,13025元/平米,2006年
光荣西路60号,2室2厅1厨1卫,75.82㎡,,中楼层 (共7层),东北,106万,13981元/平米,1999年
桂香庭园,3室2厅1厨2卫,122.96㎡,,中楼层 (共7层),东南,210万,17079元/平米,2004年
西线阳光,2室2厅1厨1卫,88.22㎡,,高楼层 (共18层),西北,140万,15870元/平米,2007年
交大南园,2室1厅1厨1卫,54㎡,,高楼层 (共7层),东南,73万,13519元/平米,2001年
茶店子育苗路8号,3室2厅1厨1卫,117.02㎡,,中楼层 (共7层),西南,165万,14101元/平米,未知年建
交大南园,2室2厅1厨1卫,54㎡,,中楼层 (共7层),南,70万,12963元/平米,2001年
白鸽岛尚,2室2厅1厨1卫,86㎡,,低楼层 (共19层),西南,140万,16280元/平米,2008年
光荣西路60号,2室2厅1厨1卫,75.82㎡,,中楼层 (共7层),东北,106万,13981元/平米,1999年
千和馨城,2室1厅1厨1卫,67㎡,,中楼层 (共12层),东南,134万,20000元/平米,2006年
交大北园,2室2厅1厨1卫,54㎡,,中楼层 (共7层),东,78万,14445元/平米,1998年
黄忠芙蓉苑,3室2厅1厨2卫,114.15㎡,,高楼层 (共6层),东南,176万,15419元/平米,2003年
怡新苑,3室2厅1厨1卫,91.24㎡,,低楼层 (共6层),西南,130万,14249元/平米,2007年
蓝光花满庭一期,2室2厅1厨1卫,77.61㎡,,低楼层 (共20层),南,149万,19199元/平米,2009年
交警宿舍,2室2厅1厨1卫,85.24㎡,,高楼层 (共7层),西北,127万,14900元/平米,2000年
恒德路10号,3室1厅1厨1卫,56.82㎡,,高楼层 (共6层),南,90万,15840元/平米,2000年
蓉北商贸大道199号,3室2厅1厨2卫,138.99㎡,,高楼层 (共7层),东,139万,10001元/平米,2000年
云景豪庭,3室2厅1厨1卫,92.61㎡,,中楼层 (共29层),南,101万,10906元/平米,2010年
绿杨新邨,1室2厅1厨1卫,67.59㎡,,低楼层 (共18层),南,99万,14648元/平米,2002年
幸福丽景,2室0厅0厨0卫,82.9㎡,,中楼层 (共5层),东南,83万,10013元/平米,2000年
龙湖北城天街二期,3室1厅1厨2卫,129.16㎡,,高楼层 (共6层),东,350万,27099元/平米,2013年
禾嘉利好,2室1厅1厨1卫,57.38㎡,,中楼层 (共18层),东南,89万,15511元/平米,2007年
金仙桥路17号,2室2厅1厨1卫,98.71㎡,,低楼层 (共7层),东 南,157万,15906元/平米,未知年建
香木林加州国际,3室2厅1厨2卫,108.18㎡,,低楼层 (共23层),东北,195万,18026元/平米,2009年
马家花园路13号,3室1厅1厨1卫,81.08㎡,,中楼层 (共7层),南 北,130万,16034元/平米,1998年
抚琴北三巷3号,2室2厅1厨1卫,95.66㎡,,高楼层 (共7层),西南,155万,16204元/平米,1990年
九里欣园,3室2厅1厨2卫,110.05㎡,,低楼层 (共6层),东南,156.5万,14221元/平米,2002年
营和巷52号,3室2厅1厨1卫,95.51㎡,,低楼层 (共7层),东南,130万,13612元/平米,1995年
锦城名都,2室2厅1厨1卫,81.04㎡,,高楼层 (共33层),东南,178万,21965元/平米,2009年
三九绿城,2室2厅1厨1卫,82.65㎡,,中楼层 (共21层),南,125万,15125元/平米,2008年
金鱼街1号,2室1厅1厨1卫,56.4㎡,,低楼层 (共6层),东南,80万,14185元/平米,1992年
营通巷2号,2室1厅1厨1卫,73.76㎡,,高楼层 (共6层),东南,85万,11524元/平米,未知年建/
蓝光花满庭一期,2室2厅1厨1卫,68.79㎡,,低楼层 (共20层),西,120万,17445元/平米,2009年
金泉阳光雅新苑,1室1厅1厨1卫,46.79㎡,,高楼层 (共6层),南,50万,10687元/平米,2009年
金色池塘,2室1厅1厨1卫,53.75㎡,,中楼层 (共6层),东 东北,105万,19535元/平米,2004年
蓝光花满庭一期,3室2厅1厨1卫,85.96㎡,,中楼层 (共21层),南,159万,18497元/平米,2009年
华侨城东岸一期,4室2厅1厨3卫,193.04㎡,,中楼层 (共4层),东南,468万,24244元/平米,2011年
铁路新村,2室1厅1厨1卫,69.13㎡,,高楼层 (共7层),东,97万,14032元/平米,未知年建/
西西里二期,1室1厅1厨1卫,56.58㎡,,中楼层 (共34层),东北,100万,17675元/平米,2009年
豪瑞新界,3室1厅1厨1卫,120.49㎡,,中楼层 (共16层),北,150万,12450元/平米,2005年
东成西就,1室1厅1厨1卫,57.49㎡,,中楼层 (共7层),南,58.6万,10194元/平米,2003年
锦西国际,1室0厅1厨1卫,28.96㎡,,低楼层 (共22层),东 南,31万,10705元/平米,2008年
恒大西锦城,3室2厅1厨2卫,112.36㎡,,中楼层 (共29层),东北,260万,23140元/平米,2012年
华侨城东岸一期,4室2厅1厨3卫,250㎡,,高楼层 (共4层),东南,730万,29200元/平米,2011年
建兴苑,3室2厅1厨2卫,120.33㎡,,高楼层 (共6层),东南,158万,13131元/平米,2002年
新桥逸景A区,2室1厅1厨1卫,61.11㎡,,高楼层 (共6层),西南,79万,12928元/平米,2008年
兴元花园二期,2室2厅1厨2卫,96.43㎡,,中楼层 (共7层),东南,170万,17630元/平米,2002年
外化成小区,2室1厅1厨1卫,71㎡,,中楼层 (共7层),西南,102万,14367元/平米,1998年
佳美花园,1室1厅1厨1卫,49.68㎡,,中楼层 (共6层),南,75万,15097元/平米,2001年
鑫城府,1室1厅1厨1卫,62.83㎡,,高楼层 (共32层),西南,125万,19895元/平米,2015年
华侨城纯水岸三期,3室2厅1厨1卫,89㎡,,中楼层 (共33层),南,205万,23034元/平米,2013年
幸福春天,3室2厅1厨2卫,109.06㎡,,低楼层 (共6层),西北,268万,24574元/平米,2004年
天合凯旋港,1室0厅1厨1卫,50.87㎡,,高楼层 (共24层),南,75万,14744元/平米,2008年
天合凯旋港,1室0厅1厨1卫,60.51㎡,,中楼层 (共24层),南,80万,13221元/平米,2008年
金科苑中街54号,3室2厅1厨1卫,89.71㎡,,高楼层 (共6层),东南,110万,12262元/平米,2007年
西岸观邸,4室2厅1厨2卫,122.44㎡,,低楼层 (共30层),北,270万,22052元/平米,2013年
西线阳光,4室2厅1厨2卫,137.02㎡,,中楼层 (共18层),西北,210万,15327元/平米,2007年
九里西苑,5室2厅1厨2卫,207㎡,,高楼层 (共6层),东南,270万,13044元/平米,2002年
天合凯旋港,1室0厅1厨1卫,51.89㎡,,中楼层 (共24层),西南,90万,17345元/平米,2008年
文华路新13号,3室2厅1厨1卫,115㎡,,高楼层 (共7层),南,150万,13044元/平米,2000年
五福花园,2室2厅1厨1卫,85.98㎡,,低楼层 (共7层),东,100万,11631元/平米,2002年
龙湖北城天街一期,3室2厅1厨1卫,92.7㎡,,中楼层 (共23层),南,210万,22654元/平米,2012年
百仁安盛,3室2厅1厨2卫,136.14㎡,,低楼层 (共18层),东南,215万,15793元/平米,2008年
蓝色空间蓝亭,4室2厅1厨2卫,164.16㎡,,高楼层 (共6层),东南,285万,17362元/平米,未知年建/
龙门镇,1室1厅1厨1卫,53.13㎡,,中楼层 (共31层),西,102万,19199元/平米,2013年
人和逸景,3室2厅1厨2卫,143.12㎡,,低楼层 (共19层),东南,215万,15023元/平米,2002年
交大智能二期,3室2厅1厨2卫,134.97㎡,,高楼层 (共6层),东,200万,14819元/平米,2000年
交大智能八期,4室2厅1厨2卫,114.74㎡,,高楼层 (共6层),南,180万,15688元/平米,2003年
欧波罗,4室1厅1厨2卫,99.63㎡,,高楼层 (共19层),东,190万,19071元/平米,2008年
观音阁前街4号,2室1厅1厨1卫,80.16㎡,,高楼层 (共7层),东南,112万,13973元/平米,1996年
欧波罗,2室1厅1厨1卫,61.32㎡,,中楼层 (共19层),北,90万,14678元/平米,2008年
和朝新居,2室2厅1厨1卫,91.73㎡,,低楼层 (共8层),南,135万,14718元/平米,2001年
映日荷花,2室1厅1厨1卫,60.9㎡,,低楼层 (共23层),西,90万,14779元/平米,2009年
金房月圆,4室2厅1厨3卫,189.38㎡,,高楼层 (共6层),东南,285万,15050元/平米,2000年
金牛花园,3室2厅1厨1卫,89.3㎡,,高楼层 (共17层),东南,148万,16574元/平米,2009年
长城花园祥和苑,2室2厅1厨1卫,79.41㎡,,中楼层 (共7层),南,115万,14482元/平米,1996年
花朝月盈,2室1厅1厨1卫,86.92㎡,,中楼层 (共6层),西南,128万,14727元/平米,2005年
交大智能二期,2室1厅1厨1卫,74.84㎡,,中楼层 (共7层),东南,113万,15099元/平米,2000年
营和街55号,2室2厅1厨1卫,70.89㎡,,高楼层 (共7层),东南,95万,13402元/平米,1995年
城北小区,3室2厅1厨2卫,120.8㎡,,低楼层 (共7层),东南,160万,13246元/平米,2000年
万科金域西岭,6室3厅1厨6卫,390.06㎡,,低楼层 (共3层),装修情况精装,1170万,29996元/平米,2012年
华侨城纯水岸一期,2室2厅1厨1卫,89㎡,,中楼层 (共25层),东南,175万,19663元/平米,2009年
金鱼街60号,2室1厅1厨1卫,58.3㎡,,中楼层 (共6层),西南 东北,75万,12865元/平米,2000年
泰逸美景,2室2厅1厨2卫,99.32㎡,,高楼层 (共11层),东南,158万,15909元/平米,2005年
金牛花园,2室1厅1厨2卫,89.1㎡,,中楼层 (共17层),东南,133万,14928元/平米,2009年
华侨城纯水岸一期,2室2厅1厨1卫,97㎡,,高楼层 (共18层),东,198万,20413元/平米,2009年
百佳庭院,2室2厅1厨1卫,86.94㎡,,中楼层 (共11层),东南,119万,13688元/平米,未知年建
马鞍东路社区,2室1厅1厨1卫,60.48㎡,,中楼层 (共6层),南,82万,13559元/平米,未知年建
凯瑞花都,2室1厅1厨1卫,84.45㎡,,低楼层 (共18层),西南,180万,21315元/平米,2008年
二环路西三段181号,2室1厅1厨1卫,65.7㎡,,高楼层 (共7层),南 北,81万,12329元/平米,2000年
新桥逸景B区,2室1厅1厨1卫,81.03㎡,,高楼层 (共23层),东南,97万,11971元/平米,2010年
兴元绿洲一期,3室2厅1厨2卫,118.55㎡,,中楼层 (共22层),东,165万,13919元/平米,2007年
营康路8号,2室1厅1厨1卫,61.58㎡,,高楼层 (共7层),西南,90万,14616元/平米,1997年
锦西国际,2室1厅1厨1卫,36㎡,,高楼层 (共22层),西,72万,20000元/平米,2008年
红花北路16号,3室1厅1厨1卫,57.64㎡,,中楼层 (共7层),南,79万,13706元/平米,1998年
新桥逸景B区,2室1厅1厨1卫,72.98㎡,,高楼层 (共23层),东南,95万,13018元/平米,2010年
金牛万达C组团,3室2厅1厨2卫,97.71㎡,,低楼层 (共32层),南,240万,24563元/平米,2012年
九峰花园,3室2厅1厨2卫,114.37㎡,,低楼层 (共32层),西南,160万,13990元/平米,2013年
枣子巷17号,2室1厅1厨1卫,88.63㎡,,中楼层 (共23层),东南,180万,20310元/平米,2001年
蓝光花满庭一期,2室1厅1厨1卫,79.3㎡,,低楼层 (共21层),南,146万,18412元/平米,2009年
蓝光花满庭一期,3室2厅1厨1卫,86.74㎡,,高楼层 (共21层),西,150万,17294元/平米,2009年
光荣西路56号,2室2厅1厨1卫,77.82㎡,,中楼层 (共7层),西南,110万,14136元/平米,1996年
锦汇花园,3室2厅1厨2卫,136.41㎡,,中楼层 (共9层),东南,235万,17228元/平米,2001年
马鞍山路1号,3室1厅1厨1卫,71.14㎡,,中楼层 (共6层),南,110万,15463元/平米,未知年建/
益民苑,2室2厅1厨1卫,69.89㎡,,中楼层 (共7层),西南,105万,15024元/平米,1998年
交大智能一期南苑,3室2厅1厨2卫,139.8㎡,,中楼层 (共7层),东南,200万,14307元/平米,2000年
兴元绿洲一期,1室1厅1厨1卫,41.13㎡,,中楼层 (共22层),西南,61万,14832元/平米,2007年
香木林加州国际,1室0厅1厨1卫,41.49㎡,,中楼层 (共18层),南,72万,17354元/平米,2009年
交大智能九期,4室2厅1厨2卫,133.64㎡,,高楼层 (共6层),东南,215万,16088元/平米,2004年
四季香榭,3室3厅1厨3卫,173.88㎡,,高楼层 (共6层),北,230万,13228元/平米,2003年
三和花园,2室2厅1厨1卫,108.1㎡,,低楼层 (共7层),东南,177万,16374元/平米,2000年
水韵天府,2室2厅1厨1卫,87.4㎡,,中楼层 (共18层),西,127万,14531元/平米,2006年
新天地,2室1厅1厨2卫,97.02㎡,,高楼层 (共18层),东南,175万,18038元/平米,2002年
筒车巷29号,2室1厅1厨1卫,81.11㎡,,高楼层 (共7层),西南,115万,14179元/平米,2000年
交大南园,2室1厅1厨1卫,54㎡,,中楼层 (共7层),南,75万,13889元/平米,2001年
兴元绿洲一期,1室1厅1厨1卫,44.5㎡,,低楼层 (共22层),南,60万,13484元/平米,2007年
金沙巷8号,2室1厅1厨1卫,66.27㎡,,中楼层 (共7层),东南,93万,14034元/平米,2000年
蓝色空间蓝宇,3室2厅1厨2卫,131.28㎡,,高楼层 (共6层),东南,230万,17520元/平米,2000年
西岸观邸,4室2厅1厨2卫,92.77㎡,,低楼层 (共32层),东南,198万,21344元/平米,2013年
光荣市场公寓,1室1厅1厨1卫,53.57㎡,,中楼层 (共7层),北,64万,11947元/平米,2000年
蓝光花满庭一期,6室4厅1厨2卫,165㎡,,低楼层 (共21层),南,265万,16061元/平米,2009年
光荣市场公寓,1室1厅1厨1卫,53.57㎡,,中楼层 (共7层),北,64万,11947元/平米,2000年
蓝光花满庭一期,6室4厅1厨2卫,165㎡,,低楼层 (共21层),南,265万,16061元/平米,2009年
金色池塘,3室2厅1厨1卫,99.81㎡,,低楼层 (共6层),西北,240万,24046元/平米,2004年
交大智能二期,4室2厅1厨2卫,189.6㎡,,中楼层 (共5层),东北,283万,14927元/平米,2000年
九里西苑,4室3厅1厨3卫,157.07㎡,,高楼层 (共6层),东南,230万,14644元/平米,2002年
泰逸美景,4室2厅1厨2卫,167.56㎡,,低楼层 (共8层),东南,288万,17188元/平米,2005年
恒大西锦城,4室2厅1厨2卫,164.96㎡,,低楼层 (共29层),西南,370万,22430元/平米,2012年
锦鸿西苑,4室2厅1厨2卫,154.48㎡,,高楼层 (共7层),西北,260万,16831元/平米,2002年
锦西花园三期,4室2厅1厨2卫,188㎡,,高楼层 (共5层),东南,298万,15852元/平米,2003年
金港湾花园一期,3室2厅1厨2卫,119.93㎡,,高楼层 (共6层),东南,192万,16010元/平米,2003年
水韵天府,2室2厅1厨1卫,85㎡,,中楼层 (共22层),东,128万,15059元/平米,2006年
金华公寓,2室2厅1厨1卫,130.44㎡,,中楼层 (共23层),东,218万,16713元/平米,2000年
东原亲亲里,3室2厅1厨1卫,79㎡,,高楼层 (共19层),东,160万,20254元/平米,2015年
保利梧桐语,2室1厅1厨1卫,59.7㎡,,高楼层 (共18层),西北,135万,22614元/平米,2014年
保利梧桐语,2室1厅1厨1卫,59.7㎡,,高楼层 (共18层),东北,118万,19766元/平米,2014年
蓝光花满庭一期,2室2厅1厨1卫,66.6㎡,,低楼层 (共20层),西,130万,19520元/平米,2009年
映日荷花,2室1厅1厨1卫,57.05㎡,,低楼层 (共23层),东,85万,14900元/平米,2009年
五福花园,3室2厅1厨1卫,93.28㎡,,高楼层 (共7层),南,122万,13079元/平米,2002年
银沙路80号,2室1厅1厨1卫,81.94㎡,,高楼层 (共7层),东,116万,14157元/平米,1998年
路劲高家庄,3室2厅1厨1卫,66.3㎡,,中楼层 (共25层),西南,125万,18854元/平米,2014年
营通街99号,1室1厅1厨1卫,44.18㎡,,中楼层 (共7层),东南,60万,13581元/平米,1996年
永陵路29号,2室1厅1厨1卫,60.17㎡,,中楼层 (共7层),东南,85万,14127元/平米,2000年
龙湖北城天街一期,2室2厅1厨1卫,73.78㎡,,高楼层 (共23层),北,150万,20331元/平米,2012年
西线阳光,3室2厅1厨2卫,87.46㎡,,低楼层 (共18层),西北,150万,17151元/平米,2007年
锦汇花园,2室1厅1厨1卫,83㎡,,低楼层 (共9层),东南,180万,21687元/平米,2001年
三和花园,3室2厅1厨2卫,139.39㎡,,中楼层 (共7层),西南,200万,14349元/平米,2000年
蓝光花好月圆,2室1厅1厨1卫,62.66㎡,,中楼层 (共11层),东北,112万,17875元/平米,2004年
树蓓巷1号,1室2厅1厨1卫,55.82㎡,,高楼层 (共7层),南,78万,13974元/平米,1997年
龙湖北城天街二期,2室2厅1厨1卫,80.17㎡,,中楼层 (共23层),东,160万,19958元/平米,2013年
懋园国际商住城,3室2厅1厨2卫,143.34㎡,,高楼层 (共6层),东南,240万,16744元/平米,2000年
懋园国际商住城,3室2厅1厨2卫,143.34㎡,,高楼层 (共6层),东南,240万,16744元/平米,2000年
树蓓街106号,2室1厅1厨1卫,68.7㎡,,高楼层 (共7层),东,82万,11936元/平米,2000年
金昌苑,3室2厅1厨1卫,113.89㎡,,中楼层 (共8层),东,130万,11415元/平米,2000年
花朝月盈,4室2厅1厨2卫,148.76㎡,,高楼层 (共6层),东南,220万,14789元/平米,2005年
百佳庭院,4室2厅1厨2卫,105.49㎡,,高楼层 (共11层),南 北,205万,19434元/平米,未知年建
锦城苑,5室2厅1厨2卫,183.38㎡,,高楼层 (共7层),东南,248万,13524元/平米,1999年
北站东二路,4室2厅1厨2卫,129.57㎡,,中楼层 (共7层),南,160万,12349元/平米,2000年
凯瑞花都,3室2厅1厨1卫,118.16㎡,,中楼层 (共18层),南,197万,16673元/平米,2008年
檀香花园,3室2厅1厨1卫,79.63㎡,,高楼层 (共26层),西南,152万,19089元/平米,2011年
华侨城天鹅堡,3室2厅1厨2卫,100.87㎡,,高楼层 (共32层),东南,240万,23794元/平米,2012年
交大智能五期,4室3厅1厨3卫,200.74㎡,,高楼层 (共6层),东南,280万,13949元/平米,2001年
泉水南苑,1室1厅1厨1卫,40.7㎡,,高楼层 (共6层),南,55万,13514元/平米,2004年
兴元绿洲一期,1室1厅1厨1卫,43.28㎡,,低楼层 (共22层),西南,55万,12708元/平米,2007年
平安苑,3室2厅1厨1卫,121.95㎡,,中楼层 (共9层),东南 南,228万,18697元/平米,2003年
两河锦地,2室1厅1厨1卫,86.61㎡,,高楼层 (共18层),东,138万,15934元/平米,2009年
聚贤半岛花苑,3室2厅1厨2卫,108.04㎡,,中楼层 (共7层),东南,165万,15273元/平米,2002年
营康路114号,2室1厅1厨1卫,74.78㎡,,高楼层 (共7层),东南,105万,14042元/平米,1998年
水韵天府,2室2厅1厨1卫,85.18㎡,,低楼层 (共22层),东南,135万,15849元/平米,2006年
通锦路15号院,2室1厅1厨1卫,64.8㎡,,高楼层 (共7层),东南,99万,15278元/平米,1990年
交大智能六期,2室1厅1厨1卫,73.04㎡,,高楼层 (共7层),东南,106万,14513元/平米,2000年
居然小区,2室1厅1厨1卫,55.01㎡,,中楼层 (共24层),西北,80万,14543元/平米,2012年
曦城,2室1厅1厨1卫,75.75㎡,,低楼层 (共34层),西南,182万,24027元/平米,2009年
观音阁后街2号,2室2厅1厨1卫,86㎡,,低楼层 (共7层),东南,145万,16861元/平米,1999年
万基兰御,3室2厅1厨1卫,75.26㎡,,低楼层 (共18层),东,150万,19931元/平米,2013年
映日荷花,2室1厅1厨1卫,82.3㎡,,低楼层 (共23层),东,125万,15189元/平米,2009年
益民苑,2室1厅1厨1卫,71.21㎡,,低楼层 (共7层),南,105万,14746元/平米,1998年
益民苑,2室1厅1厨1卫,71.21㎡,,中楼层 (共7层),南,112万,15729元/平米,1998年
锦赛雅苑,4室3厅1厨3卫,191.75㎡,,高楼层 (共6层),南 北,360万,18775元/平米,2003年
怡泽苑,4室2厅1厨2卫,184.46㎡,,高楼层 (共6层),东,280万,15180元/平米,2003年
星科北街2号,3室2厅1厨2卫,179.23㎡,,高楼层 (共6层),东,248万,13837元/平米,2000年
泰基花语廊,4室2厅1厨3卫,145.07㎡,,高楼层 (共11层),西北,500万,34467元/平米,2007年
恒大西锦城,3室2厅1厨2卫,135.96㎡,,低楼层 (共29层),东南,300万,22066元/平米,2012年
翡翠海湾,4室2厅1厨2卫,155.55㎡,,中楼层 (共11层),西南,298万,19158元/平米,2008年
三和花园,2室2厅1厨1卫,111㎡,,高楼层 (共7层),西北,158万,14235元/平米,2001年
西城丽景,3室2厅1厨1卫,90.65㎡,,高楼层 (共18层),南,140万,15445元/平米,2000年
金琴路南三巷3号,2室2厅1厨1卫,88.58㎡,,高楼层 (共6层),东南,124万,13999元/平米,未知年建/
红旗巷5号,3室2厅1厨1卫,87.6㎡,,高楼层 (共7层),东南,105万,11987元/平米,2000年
营和街66号,2室1厅1厨1卫,58.77㎡,,高楼层 (共7层),南,78万,13273元/平米,1996年
协和花苑,2室2厅1厨1卫,81.74㎡,,高楼层 (共7层),西,100万,12234元/平米,2002年
红花教师苑,3室2厅1厨1卫,113.15㎡,,中楼层 (共7层),南,140万,12373元/平米,2004年
蓝光花满庭一期,2室2厅1厨1卫,48.12㎡,,高楼层 (共21层),西,86万,17872元/平米,2009年
欧波罗,5室2厅1厨2卫,82.23㎡,,高楼层 (共19层),东南,150万,18242元/平米,2008年
禾嘉利好,1室1厅1厨1卫,57㎡,,高楼层 (共18层),东南,85万,14913元/平米,2007年
交大智能五期,3室2厅1厨2卫,132㎡,,高楼层 (共6层),东,170万,12879元/平米,2001年
香木林加州国际,1室1厅1厨1卫,43.56㎡,,低楼层 (共18层),东南,78.5万,18022元/平米,2009年
风林假日,5室2厅1厨2卫,186.29㎡,,高楼层 (共9层),东南,300万,16104元/平米,2003年
朝阳公寓,3室2厅1厨2卫,120.86㎡,,中楼层 (共17层),南 东北,200万,16549元/平米,2000年
中新路8号,3室1厅1厨1卫,69.5㎡,,中楼层 (共8层),东南,90万,12950元/平米,2000年
上品优空间,1室1厅0厨1卫,45.83㎡,,中楼层 (共11层),西北,43万,9383元/平米,2006年
金牛区教师宿舍,3室1厅1厨1卫,93.29㎡,,高楼层 (共7层),西南,129万,13828元/平米,未知年建/
水晶花园,3室2厅1厨2卫,170.99㎡,,中楼层 (共16层),东南,210万,12282元/平米,2000年
悦民苑,3室2厅1厨2卫,118.21㎡,,高楼层 (共7层),南,165万,13959元/平米,2000年
华润银杏华庭,3室1厅1厨2卫,91㎡,,低楼层 (共20层),北,180万,19781元/平米,2012年
聚贤半岛花苑,2室2厅1厨1卫,81.06㎡,,高楼层 (共7层),东,120万,14804元/平米,2002年
西城天下,3室2厅1厨2卫,125㎡,,中楼层 (共31层),东南,255万,20400元/平米,2009年
南玻公寓,3室2厅1厨2卫,152.81㎡,,中楼层 (共18层),东,153万,10013元/平米,未知年建/
工人村,2室1厅1厨1卫,77.28㎡,,高楼层 (共7层),南,124.5万,16111元/平米,1995年
华润银杏华庭,3室1厅1厨2卫,90.82㎡,,中楼层 (共20层),南,200万,22022元/平米,2012年
佳美榕苑,4室3厅1厨2卫,187.57㎡,,高楼层 (共6层),南,256万,13649元/平米,2003年
锦西国际,2室1厅1厨1卫,31.28㎡,,中楼层 (共22层),北,70万,22379元/平米,2008年
华润银杏华庭,3室2厅1厨2卫,91㎡,,低楼层 (共20层),北,258万,28352元/平米,2012年
华侨城纯水岸一期,3室2厅1厨2卫,143.25㎡,,低楼层 (共25层),北,380万,26528元/平米,2009年
天地芳苑,3室2厅1厨2卫,110.8㎡,,高楼层 (共6层),南 北,185万,16697元/平米,2001年
海天名阁,3室2厅1厨2卫,102.1㎡,,高楼层 (共6层),西北,150万,14692元/平米,未知年建/
锦城苑,5室3厅1厨3卫,226.51㎡,,中楼层 (共7层),西南,276万,12185元/平米,1999年
锦西国际,1室0厅1厨1卫,34.69㎡,,低楼层 (共22层),南,40万,11531元/平米,2008年
华侨城纯水岸二期,3室2厅1厨2卫,115㎡,,中楼层 (共33层),东南 南,305万,26522元/平米,2010年
路劲高家庄,2室2厅1厨1卫,68.52㎡,,中楼层 (共25层),东南,115万,16784元/平米,2014年
鑫城府,3室2厅1厨1卫,86.2㎡,,高楼层 (共32层),西南,174万,20186元/平米,2015年
星河小区,2室2厅1厨1卫,64.63㎡,,中楼层 (共7层),东南,85万,13152元/平米,1998年
新世界丽晶花园,4室2厅1厨3卫,150.08㎡,,高楼层 (共12层),西北,420万,27986元/平米,2003年
映日荷花,2室1厅1厨1卫,55.43㎡,,低楼层 (共23层),东,83万,14974元/平米,2009年
龙湖北城天街二期,3室1厅1厨2卫,116㎡,,中楼层 (共23层),东南,260万,22414元/平米,2013年
九里教师苑,3室2厅1厨1卫,110.59㎡,,高楼层 (共7层),西南,160万,14468元/平米,1999年
华侨城纯水岸三期,3室2厅1厨1卫,87.88㎡,,高楼层 (共33层),南,220万,25035元/平米,2013年
万科金域西岭,2室2厅1厨1卫,90.78㎡,,高楼层 (共35层),东北,165万,18176元/平米,2012年
天府名苑,1室1厅1厨1卫,26.52㎡,,高楼层 (共8层),东,45万,16969元/平米,2002年
居然小区,2室2厅1厨1卫,57.37㎡,,低楼层 (共24层),东南,85万,14817元/平米,2012年
兴元绿洲一期,1室0厅1厨1卫,43.28㎡,,低楼层 (共22层),西南,57万,13171元/平米,2007年
蓝光花满庭一期,2室2厅1厨1卫,75.42㎡,,低楼层 (共20层),北,135万,17900元/平米,2009年
翡翠海湾,2室2厅1厨1卫,102㎡,,低楼层 (共18层),东南,165万,16177元/平米,2008年
嘉怡苑,2室1厅1厨1卫,75.49㎡,,高楼层 (共11层),南,116万,15367元/平米,2004年
西延雅舍,3室2厅1厨2卫,125.59㎡,,高楼层 (共9层),西南,226万,17996元/平米,2007年
一品天下A区,2室2厅1厨1卫,81.71㎡,,中楼层 (共7层),西南,163.4万,19998元/平米,2005年
绿洲华苑,3室1厅1厨2卫,109㎡,,高楼层 (共6层),西南,166万,15230元/平米,2004年
西西里二期,3室1厅1厨1卫,89.16㎡,,低楼层 (共34层),西南,185万,20750元/平米,2009年
顶峰水岸汇景,2室2厅1厨1卫,88.78㎡,,低楼层 (共33层),西南,207万,23317元/平米,2008年
九里堤北路40号院,3室1厅1厨1卫,89.97㎡,,中楼层 (共7层),南,120万,13338元/平米,2001年
西安北路三巷3号,2室1厅1厨1卫,49.5㎡,,高楼层 (共6层),南,86万,17374元/平米,1998年
两河锦地,2室2厅1厨1卫,86.5㎡,,高楼层 (共18层),东,128.3万,14833元/平米,2009年
西西里二期,3室1厅1厨1卫,89.16㎡,,低楼层 (共34层),西南,185万,20750元/平米,2009年
正成拉斐,2室1厅1厨1卫,60.01㎡,,高楼层 (共18层),南,130.3万,21714元/平米,2012年
交大智能六期,2室1厅1厨1卫,86㎡,,高楼层 (共7层),西南,110万,12791元/平米,2000年
兴元绿洲一期,3室2厅1厨2卫,124.99㎡,,高楼层 (共8层),东南,180万,14402元/平米,未知年建/
金琴路164号,3室1厅1厨1卫,86.61㎡,,高楼层 (共7层),东南,125万,14433元/平米,1996年
宏源大厦,2室2厅1厨1卫,85.4㎡,,低楼层 (共7层),东南,128万,14989元/平米,1999年
万隆花园,3室2厅1厨2卫,200.41㎡,,中楼层 (共7层),东南,230万,11477元/平米,2000年
翡翠海湾,3室2厅1厨2卫,131.77㎡,,低楼层 (共18层),东南,210万,15937元/平米,2008年
交桂一巷11号,2室2厅1厨1卫,78.23㎡,,高楼层 (共7层),南,112万,14317元/平米,1999年
香江岸,3室2厅1厨2卫,126.35㎡,,低楼层 (共18层),南,178万,14088元/平米,2009年
新柳苑,2室2厅1厨1卫,85.86㎡,,中楼层 (共7层),东南,130万,15141元/平米,2002年
蓝光云鼎,3室2厅1厨2卫,115㎡,,中楼层 (共28层),东北,315万,27392元/平米,2012年
澳林春天,2室1厅1厨1卫,88.04㎡,,中楼层 (共23层),南,155万,17606元/平米,2009年
星辉东路19号,3室1厅1厨1卫,98.51㎡,,中楼层 (共7层),南,140万,14212元/平米,未知年建/
中铁马家公馆,2室1厅1厨1卫,76.27㎡,,低楼层 (共32层),东南,230万,30157元/平米,2014年
蓝光花满庭一期,2室2厅1厨1卫,78.64㎡,,低楼层 (共21层),东,142万,18057元/平米,2009年
西体路新二村,2室1厅1厨1卫,68.03㎡,,高楼层 (共7层),南,98万,14406元/平米,1991年
西延锦绣,3室2厅1厨2卫,165.12㎡,,低楼层 (共5层),东北,348万,21076元/平米,2003年
花照壁小区二期,2室2厅1厨1卫,74.71㎡,,中楼层 (共7层),西南,98万,13118元/平米,1999年
芙蓉华庭,2室2厅1厨1卫,94.85㎡,,低楼层 (共18层),西南,140万,14761元/平米,2008年
远洋朗郡,3室1厅1厨1卫,88.55㎡,,高楼层 (共17层),北,168万,18973元/平米,2012年
蓝光花满庭一期,2室2厅1厨1卫,65.67㎡,,高楼层 (共21层),南,118万,17969元/平米,2009年
水韵天府,3室2厅1厨1卫,116.86㎡,,高楼层 (共18层),西,160万,13692元/平米,2006年
绿杨邨,3室2厅1厨2卫,182.76㎡,,中楼层 (共11层),东南,350万,19151元/平米,2000年
新天地民苑,2室1厅1厨1卫,72.19㎡,,低楼层 (共6层),北,110万,15238元/平米,2000年
水韵天府,2室2厅1厨1卫,88.45㎡,,高楼层 (共18层),西南,125万,14133元/平米,2006年
檀香花园,3室2厅1厨1卫,92.41㎡,,高楼层 (共25层),西南,172万,18613元/平米,2011年
幸福屋语,2室1厅1厨1卫,84.75㎡,,中楼层 (共15层),东,120万,14160元/平米,2006年
石笋街3号,1室1厅1厨1卫,42.38㎡,,中楼层 (共6层),东南,65万,15338元/平米,1994年
为民路87号,2室1厅1厨1卫,51.52㎡,,中楼层 (共7层),西南,71万,13782元/平米,1997年
阳光金沙,2室1厅1厨1卫,70.18㎡,,高楼层 (共6层),东南,140万,19949元/平米,2006年
幸福屋语,2室1厅1厨1卫,84.75㎡,,中楼层 (共15层),东,120万,14160元/平米,2006年
城市博客阳光里,2室1厅1厨1卫,86.67㎡,,高楼层 (共22层),西南,165万,19038元/平米,2009年
东原亲亲里,2室2厅1厨1卫,60.2㎡,,低楼层 (共19层),东南,117万,19436元/平米,2015年
檀香花园,3室2厅1厨1卫,92.41㎡,,高楼层 (共25层),西南,172万,18613元/平米,2011年
为民路87号,2室1厅1厨1卫,51.52㎡,,中楼层 (共7层),西南,71万,13782元/平米,1997年
幸福彼岸,2室2厅1厨1卫,97.98㎡,,中楼层 (共22层),东北,135万,13779元/平米,2007年
恒大西锦城,3室2厅1厨2卫,112.36㎡,,中楼层 (共29层),东北,240万,21360元/平米,2012年
西沙美景小区,1室1厅1厨1卫,56.11㎡,,中楼层 (共18层),东,87万,15506元/平米,2008年
水韵天府,2室2厅1厨1卫,81.45㎡,,高楼层 (共18层),西,130万,15961元/平米,2006年
锦城花园,3室2厅1厨2卫,156.07㎡,,低楼层 (共11层),西北,314万,20120元/平米,2003年
站西桥西街22号,2室1厅1厨1卫,66.32㎡,,低楼层 (共7层),东,78万,11762元/平米,未知年建/
西城星座,3室3厅1厨2卫,137.19㎡,,高楼层 (共18层),西北,210万,15308元/平米,2007年
锦城名都,5室2厅1厨2卫,116.79㎡,,高楼层 (共33层),东北,280万,23975元/平米,2009年
交大智能二期,3室2厅1厨2卫,134.47㎡,,中楼层 (共6层),东南,201万,14948元/平米,2000年
交大智能二期,3室2厅1厨2卫,134.47㎡,,高楼层 (共6层),南,205万,15246元/平米,2000年
西城公馆,2室2厅1厨1卫,96.06㎡,,高楼层 (共30层),南,192万,19988元/平米,2009年
锦城名都,2室1厅1厨1卫,76.82㎡,,高楼层 (共32层),西北,160万,20828元/平米,2009年
锦城世家,2室2厅1厨2卫,99.46㎡,,高楼层 (共32层),西南,278万,27951元/平米,2014年
西城公馆,2室1厅1厨2卫,104.66㎡,,高楼层 (共30层),西南,210万,20065元/平米,2009年
金府路6号,3室2厅1厨2卫,124.21㎡,,中楼层 (共11层),东南,179万,14412元/平米,2005年
檀香花园,3室1厅1厨1卫,92.41㎡,,中楼层 (共25层),南,180万,19479元/平米,2011年
锦西国际,2室1厅1厨1卫,37.15㎡,,中楼层 (共22层),北,68万,18305元/平米,2008年
幸福彼岸,3室2厅1厨2卫,132.45㎡,,低楼层 (共22层),东南,165万,12458元/平米,2007年
西安中路39号,4室2厅1厨2卫,212㎡,,中楼层 (共7层),东北,298万,14057元/平米,1999年
新和名座,1室1厅1厨1卫,54.34㎡,,中楼层 (共17层),东南,98万,18035元/平米,2006年
天府名苑,1室0厅1厨1卫,27㎡,,高楼层 (共8层),西,35万,12963元/平米,2002年
协和村14号,2室0厅1厨1卫,50.18㎡,,高楼层 (共8层),东北,62万,12356元/平米,未知年建/
银沙正街66号,1室1厅1厨1卫,47.38㎡,,高楼层 (共7层),东南,65万,13719元/平米,1998年
欧波罗,1室1厅1厨1卫,42.18㎡,,中楼层 (共19层),西南,60万,14225元/平米,2008年
水韵天府,3室2厅1厨2卫,127.03㎡,,低楼层 (共18层),东,210万,16532元/平米,2006年
杏苑公寓,3室2厅1厨2卫,139.6㎡,,高楼层 (共7层),东南,180万,12894元/平米,2000年
金府路6号,2室2厅1厨1卫,89.74㎡,,高楼层 (共11层),西北,120万,13372元/平米,2005年
豪瑞新界,3室1厅1厨1卫,134.5㎡,,中楼层 (共16层),东南,161万,11971元/平米,2005年
豪瑞新界,3室1厅1厨1卫,136.89㎡,,中楼层 (共16层),东南,164万,11981元/平米,2005年
营和街66号,3室2厅1厨1卫,71.67㎡,,高楼层 (共7层),东南,88万,12279元/平米,1996年
盛世荷花,1室0厅1厨1卫,57.86㎡,,高楼层 (共12层),南,80万,13827元/平米,2005年
昭艺大厦,1室0厅1厨1卫,39.23㎡,,中楼层 (共16层),东北,55万,14020元/平米,2002年
二环路北三段191号,1室0厅1厨1卫,53.71㎡,,中楼层 (共9层),西南,45万,8379元/平米,2005年
映日荷花,2室2厅1厨1卫,86.39㎡,,高楼层 (共22层),北,118万,13659元/平米,2009年
交桂一巷11号,2室2厅1厨1卫,64.13㎡,,低楼层 (共7层),南,98万,15282元/平米,1999年
恒福苑,3室2厅1厨2卫,130.21㎡,,中楼层 (共6层),南,200万,15360元/平米,2006年
三九绿城,3室2厅1厨2卫,127.75㎡,,中楼层 (共21层),东,208万,16282元/平米,2008年
华西园,3室1厅1厨2卫,147.66㎡,,中楼层 (共20层),东南,195万,13207元/平米,2000年
天彩菁华,3室1厅1厨2卫,99.12㎡,,高楼层 (共6层),南,145万,14629元/平米,2003年
荷里活,2室1厅1厨2卫,48.34㎡,,低楼层 (共24层),东北,120万,24825元/平米,2012年
风林假日,3室2厅1厨2卫,118.56㎡,,低楼层 (共9层),东南,190万,16026元/平米,2003年
万科金域西岭,2室2厅1厨1卫,90.64㎡,,中楼层 (共35层),东北,175万,19308元/平米,2012年
营和街9号,3室2厅1厨1卫,98㎡,,高楼层 (共7层),东南,140万,14286元/平米,1995年
龙门镇二期,2室2厅1厨1卫,73.34㎡,,高楼层 (共33层),西南,145万,19771元/平米,2013年
外化成小区,1室1厅1厨1卫,35.7㎡,,中楼层 (共7层),东南,56万,15687元/平米,未知年建/
永陵路15号附2号,4室2厅1厨1卫,128㎡,,高楼层 (共4层),南,218万,17032元/平米,1999年
金港湾花园一期,2室2厅1厨1卫,88.57㎡,,高楼层 (共6层),西南,152万,17162元/平米,2003年
绿杨新邨,2室2厅1厨2卫,121㎡,,高楼层 (共18层),南,188万,15538元/平米,2003年
保利梧桐语,3室2厅1厨1卫,78.41㎡,,中楼层 (共18层),东南,160万,20406元/平米,2014年
西雅语嫣,1室1厅1厨1卫,55.39㎡,,低楼层 (共11层),西南,85万,15346元/平米,2003年
路劲高家庄,3室2厅1厨2卫,86㎡,,低楼层 (共23层),南,150万,17442元/平米,2014年
云翔金谷,3室2厅1厨2卫,124.55㎡,,高楼层 (共18层),东南,173万,13891元/平米,2009年
上层建筑,2室2厅1厨1卫,90.79㎡,,低楼层 (共27层),东南,176万,19386元/平米,2008年
龙门镇二期,3室1厅1厨1卫,91.01㎡,,中楼层 (共32层),北,175万,19229元/平米,2013年
熙城国际,2室1厅1厨1卫,60.84㎡,,高楼层 (共28层),西北,105万,17259元/平米,2009年
金桔花园二期南苑,3室3厅1厨2卫,136.27㎡,,高楼层 (共7层),东,163万,11962元/平米,2006年
尚锦城,2室2厅1厨1卫,89.4㎡,,低楼层 (共22层),南,128万,14318元/平米,2007年
金牛花园,3室2厅1厨2卫,116.46㎡,,中楼层 (共17层),东南,176万,15113元/平米,2009年
富丽碧蔓汀,3室2厅1厨1卫,74.84㎡,,低楼层 (共26层),东南,198万,26457元/平米,2009年
和谐家园,3室2厅1厨2卫,126.35㎡,,中楼层 (共18层),西北,190万,15038元/平米,2006年
交大智能六期,2室1厅1厨1卫,83.88㎡,,中楼层 (共7层),东,125万,14903元/平米,2000年
沙河源上金府,3室2厅1厨1卫,105.98㎡,,中楼层 (共22层),北,160万,15098元/平米,2009年
西西里二期,3室2厅1厨1卫,89.78㎡,,中楼层 (共34层),西南,190万,21163元/平米,2009年
千和馨城,3室2厅1厨1卫,89.2㎡,,低楼层 (共17层),东南,159万,17826元/平米,2006年
馨宁居二期,2室1厅1厨1卫,86.07㎡,,中楼层 (共9层),南,140万,16266元/平米,2003年
芙蓉华庭,2室1厅1厨1卫,80.09㎡,,低楼层 (共18层),东南,120万,14984元/平米,2008年
一环路北三段2号,3室2厅1厨2卫,150㎡,,低楼层 (共26层),东南,328万,21867元/平米,2011年
香榭里公交苑,2室1厅1厨1卫,86.23㎡,,高楼层 (共7层),东,112万,12989元/平米,2008年
兴元绿洲一期,3室2厅1厨2卫,118.55㎡,,低楼层 (共22层),东,160万,13497元/平米,2007年
华润银杏华庭,3室2厅1厨1卫,91㎡,,中楼层 (共20层),北,188万,20660元/平米,2012年
龙湖北城天街二期,4室3厅1厨2卫,227㎡,,低楼层 (共6层),南,520万,22908元/平米,2013年
华侨城东岸一期,5室3厅1厨3卫,249.83㎡,,高楼层 (共4层),北,560万,22416元/平米,2011年
兴元花园二期,4室2厅1厨2卫,151.95㎡,,高楼层 (共7层),西北,220万,14479元/平米,2002年
蓝色空间蓝月,3室2厅1厨2卫,133.37㎡,,高楼层 (共6层),东南,200万,14996元/平米,2003年
城市绿舟花园,3室2厅1厨2卫,126.24㎡,,低楼层 (共6层),南,200万,15843元/平米,2004年
华侨城东岸三期,4室2厅1厨2卫,238㎡,,低楼层 (共4层),东南,550万,23110元/平米,2015年
龙门镇,1室1厅1厨1卫,53.13㎡,,低楼层 (共31层),西,100万,18822元/平米,2013年
城隍公寓,2室1厅1厨1卫,91.46㎡,,高楼层 (共7层),南,142万,15526元/平米,2000年
金牛花园,2室2厅1厨2卫,88.11㎡,,低楼层 (共17层),南,146万,16571元/平米,2009年
抚琴西路199号,2室2厅1厨1卫,86.3㎡,,高楼层 (共7层),东南,105万,12167元/平米,1996年
路劲高家庄,2室1厅1厨1卫,46㎡,,高楼层 (共21层),南,60万,13044元/平米,未知年建/
锦城名都,2室1厅1厨1卫,82.03㎡,,高楼层 (共33层),东南,180万,21944元/平米,2009年
格林花园,3室2厅1厨2卫,164.85㎡,,高楼层 (共9层),南,276万,16743元/平米,未知年建/
凯丽豪景,2室2厅1厨1卫,86㎡,,中楼层 (共32层),西南,248万,28838元/平米,2008年
金牛花园,2室2厅1厨2卫,88.91㎡,,低楼层 (共17层),东北,135万,15184元/平米,2009年
映日荷花,3室1厅1厨2卫,118㎡,,低楼层 (共20层),北,175万,14831元/平米,2009年
青房尚瑞天韵,2室2厅1厨1卫,85.83㎡,,中楼层 (共26层),东南 南,140万,16312元/平米,2009年
龙湖北城天街二期,3室2厅1厨2卫,130㎡,,中楼层 (共6层),南,350万,26924元/平米,2013年
解放西路22号,2室1厅1厨1卫,60.45㎡,,低楼层 (共7层),东北,83万,13731元/平米,未知年建/
天彩菁华,4室2厅1厨3卫,172.4㎡,,高楼层 (共6层),西南 东北,242万,14038元/平米,2003年
西城首峻,2室1厅1厨1卫,89.9㎡,,低楼层 (共34层),东,125万,13905元/平米,2009年
凯丽豪景,2室2厅1厨1卫,86.28㎡,,中楼层 (共30层),东南,220万,25499元/平米,2008年
金桔花园一期,3室2厅1厨2卫,118.68㎡,,中楼层 (共7层),南 北,175万,14746元/平米,2000年
青房尚瑞天韵,2室1厅1厨1卫,89.55㎡,,低楼层 (共25层),西北,145万,16193元/平米,2009年
映日荷花,3室2厅1厨2卫,126.13㎡,,高楼层 (共22层),东 南,180万,14271元/平米,2009年
新天地民苑,3室2厅1厨1卫,79.34㎡,,低楼层 (共6层),西南,116万,14621元/平米,2000年
阳光地带,3室2厅1厨2卫,143.28㎡,,高楼层 (共6层),东南,260万,18147元/平米,2004年
抚琴西路199号,2室2厅1厨1卫,86.3㎡,,高楼层 (共7层),东南,105万,12167元/平米,1996年
交大智能一期南苑,2室2厅1厨1卫,81.51㎡,,中楼层 (共7层),东南,123万,15091元/平米,2000年
映日荷花,2室1厅1厨1卫,88.33㎡,,低楼层 (共18层),南,136万,15397元/平米,2009年
映日荷花,2室1厅1厨1卫,58.29㎡,,低楼层 (共23层),西,89万,15269元/平米,2009年
花照壁小区二期,2室1厅1厨1卫,74.61㎡,,高楼层 (共7层),东南,94万,12599元/平米,1999年
翡翠海湾,2室2厅1厨1卫,88.95㎡,,低楼层 (共18层),南,150万,16864元/平米,2008年
百寿路7号,2室2厅1厨1卫,70.88㎡,,高楼层 (共6层),南,110万,15520元/平米,1997年
幸福枫景,3室2厅1厨2卫,124㎡,,中楼层 (共11层),东,220万,17742元/平米,2001年
白鸽岛尚,2室2厅1厨1卫,73.79㎡,,高楼层 (共19层),东北,122万,16534元/平米,2008年
正成拉斐,3室2厅1厨2卫,89.33㎡,,高楼层 (共18层),南,170万,19031元/平米,2012年
中铁马家公馆,2室1厅1厨1卫,79.39㎡,,中楼层 (共32层),西北,205万,25822元/平米,2014年
现代城,2室1厅1厨1卫,69.56㎡,,低楼层 (共31层),东南,132万,18977元/平米,2014年
蜀明东路10号,1室1厅1厨1卫,47.77㎡,,低楼层 (共7层),东南,70万,14654元/平米,未知年建/
瑞安城中汇,2室1厅1厨1卫,89㎡,,中楼层 (共39层),西,196万,22023元/平米,2015年
花朝月盈,2室1厅1厨1卫,85.44㎡,,低楼层 (共6层),西南,162万,18961元/平米,2005年
万基兰御,2室1厅1厨1卫,66.74㎡,,中楼层 (共18层),南,120万,17981元/平米,2013年
新和理想家,2室2厅1厨1卫,85.29㎡,,低楼层 (共18层),东南,182万,21339元/平米,2007年
映日荷花,3室1厅1厨1卫,86.53㎡,,低楼层 (共19层),北,126万,14562元/平米,2009年
现代城,2室1厅1厨1卫,69.56㎡,,低楼层 (共31层),东南,132万,18977元/平米,2014年
瑞安城中汇,2室1厅1厨1卫,89㎡,,中楼层 (共39层),西,196万,22023元/平米,2015年
西城丽景,2室2厅1厨1卫,79.62㎡,,高楼层 (共18层),南 北,108万,13565元/平米,2000年
阳光金沙,2室1厅1厨1卫,70.18㎡,,低楼层 (共6层),东南,135万,19237元/平米,2006年
光荣北路87号,4室2厅1厨1卫,128.49㎡,,高楼层 (共6层),东,140万,10896元/平米,2000年
东原亲亲里,3室2厅1厨1卫,77.25㎡,,高楼层 (共19层),东南,150万,19418元/平米,2015年
澳林春天,3室1厅1厨2卫,110.6㎡,,低楼层 (共23层),东南,168万,15190元/平米,2009年
智业福地,2室1厅1厨1卫,78.89㎡,,高楼层 (共7层),东,96万,12169元/平米,2001年
上品优空间,2室1厅1厨1卫,61.33㎡,,高楼层 (共11层),东北,66万,10762元/平米,2006年
华侨城东岸二期,4室2厅1厨3卫,240㎡,,中楼层 (共4层),装修情况其他,630万,26250元/平米,2011年
泉水南苑,1室1厅1厨1卫,40.51㎡,,高楼层 (共6层),西,55万,13577元/平米,2004年
上品优空间,2室1厅1厨1卫,73.8㎡,,高楼层 (共11层),西北,66万,8944元/平米,2006年
西蜀皓月,5室2厅1厨3卫,189.77㎡,,高楼层 (共5层),东南,248万,13069元/平米,2000年
两河锦地,2室1厅1厨1卫,85.64㎡,,低楼层 (共18层),东南,130万,15180元/平米,2009年
飞大壹号广场,2室1厅1厨1卫,82.6㎡,,高楼层 (共34层),东,190万,23003元/平米,2016年
龙湖北城天街二期,5室2厅2厨4卫,244㎡,,低楼层 (共6层),东南,450万,18443元/平米,2013年
蓝光花满庭一期,2室2厅1厨1卫,77.02㎡,,低楼层 (共21层),东,138万,17918元/平米,2009年
一品天下B区,2室1厅1厨1卫,91.9㎡,,中楼层 (共7层),东南,162万,17628元/平米,2005年
营康巷32号,6室2厅2厨2卫,257.65㎡,,高楼层 (共7层),西北 东北,230万,8927元/平米,1993年
绿杨新邨,3室2厅1厨2卫,123.77㎡,,低楼层 (共18层),东南,230万,18583元/平米,2002年
幸福枫景,4室2厅1厨2卫,155.83㎡,,中楼层 (共11层),东南,300万,19252元/平米,2001年
锦城花园,3室2厅1厨2卫,147.08㎡,,高楼层 (共11层),东南,294万,19990元/平米,2003年
蜀光路14号,1室1厅1厨1卫,51.26㎡,,高楼层 (共7层),南,80万,15607元/平米,1999年
欧波罗,1室1厅1厨1卫,45.28㎡,,中楼层 (共19层),西南,72万,15902元/平米,2008年
佳美花园,1室1厅1厨1卫,49.68㎡,,低楼层 (共6层),南,85万,17110元/平米,2001年
华侨城纯水岸208区,5室3厅1厨3卫,357.28㎡,,低楼层 (共3层),装修情况精装,1100万,30789元/平米,2010年
交大智能六期,1室1厅1厨1卫,59.77㎡,,低楼层 (共7层),东,85万,14222元/平米,2000年
交大智能六期,1室1厅1厨1卫,60.26㎡,,低楼层 (共7层),东南,86万,14272元/平米,2000年
白鸽岛尚,3室2厅1厨2卫,126.87㎡,,低楼层 (共19层),东南,200万,15765元/平米,2008年
一品天下C区,1室1厅1厨1卫,64.55㎡,,低楼层 (共9层),南,84万,13014元/平米,2007年
一品天下C区,2室1厅1厨1卫,74.08㎡,,低楼层 (共9层),北,96.3万,13000元/平米,2007年
云翔金谷,1室1厅1厨1卫,61.95㎡,,中楼层 (共18层),东北,78万,12591元/平米,2009年
西西里二期,1室1厅1厨1卫,54.13㎡,,高楼层 (共34层),西北,110万,20322元/平米,2009年
八零派,1室1厅1厨1卫,55.05㎡,,高楼层 (共6层),东,42万,7630元/平米,2007年
龙湖北城天街一期,1室0厅1厨1卫,39.5㎡,,低楼层 (共18层),西,65万,16456元/平米,2012年
金牛万达D组团,1室1厅1厨1卫,50.39㎡,,中楼层 (共32层),南,100万,19846元/平米,2013年
泉水南苑,1室1厅1厨1卫,41㎡,,中楼层 (共6层),北,55万,13415元/平米,2004年
贝多小屋,1室0厅1厨1卫,43.75㎡,,高楼层 (共12层),东南,66万,15086元/平米,2004年
鹿鼎花园,2室2厅1厨1卫,105.82㎡,,高楼层 (共7层),东南,125万,11813元/平米,2003年
西雅图,4室1厅0厨1卫,180.44㎡,,高楼层 (共12层),东南,155万,8591元/平米,2005年
华侨城纯水岸208区,4室2厅1厨2卫,324㎡,,低楼层 (共3层),装修情况其他,680万,20988元/平米,2010年
华侨城纯水岸208区,5室3厅1厨4卫,332.18㎡,,低楼层 (共3层),装修情况其他,750万,22579元/平米,2010年
华侨城天鹅堡,5室2厅1厨3卫,262㎡,,中楼层 (共25层),南,750万,28626元/平米,2012年
康馨源,4室2厅1厨3卫,205㎡,,高楼层 (共6层),东南,300万,14635元/平米,2003年
西延锦绣,5室2厅1厨3卫,196.17㎡,,高楼层 (共5层),东南,310万,15803元/平米,2003年
锦城名都,1室2厅1厨1卫,59.78㎡,,中楼层 (共32层),东北,110万,18401元/平米,2008年
交大智能一期南苑,4室3厅1厨2卫,158.93㎡,,低楼层 (共7层),东南,228万,14346元/平米,2000年
香山苑,3室1厅1厨2卫,122.24㎡,,高楼层 (共23层),西,219万,17916元/平米,2007年
西线阳光,3室2厅1厨2卫,134.92㎡,,低楼层 (共18层),东,205万,15195元/平米,2007年
外曹家巷26号,3室1厅1厨2卫,122.53㎡,,中楼层 (共7层),南,180万,14691元/平米,未知年建
恒大西锦城,3室2厅1厨2卫,137.65㎡,,高楼层 (共29层),东南,318万,23103元/平米,2012年
惠民苑,2室2厅1厨1卫,77.15㎡,,高楼层 (共7层),西南,120万,15555元/平米,2000年
燕宇康品,2室2厅1厨1卫,94.81㎡,,高楼层 (共26层),东南,172万,18142元/平米,2009年
远洋朗郡,3室2厅1厨2卫,98.48㎡,,低楼层 (共17层),南 北,170万,17263元/平米,2012年
水韵天府,3室2厅1厨2卫,116.38㎡,,低楼层 (共22层),南,182万,15639元/平米,2006年
风林假日,2室1厅1厨1卫,69.57㎡,,中楼层 (共6层),东南,120万,17249元/平米,2003年
万科金域西岭,3室2厅1厨2卫,129.41㎡,,高楼层 (共34层),西南,285万,22024元/平米,2012年
御都花园别墅,6室2厅1厨4卫,479.76㎡,,低楼层 (共4层),装修情况其他,1200万,25013元/平米,2004年
龙湖北城天街二期,3室2厅1厨1卫,106.08㎡,,中楼层 (共23层),东南,260万,24510元/平米,2013年
龙湖北城天街二期,3室2厅1厨1卫,106.08㎡,,中楼层 (共23层),东南,260万,24510元/平米,2013年
阳光金沙,3室1厅1厨1卫,95㎡,,中楼层 (共6层),西南,200万,21053元/平米,2006年
金沙路127号,2室1厅1厨1卫,118.68㎡,,中楼层 (共7层),东 东南,160万,13482元/平米,2000年
保利梧桐语,2室1厅1厨1卫,59.7㎡,,低楼层 (共18层),东南,120万,20101元/平米,2014年
西岸观邸,2室1厅1厨1卫,79.1㎡,,低楼层 (共32层),南,158万,19975元/平米,2013年
龙湖北城天街二期,3室2厅1厨1卫,105㎡,,高楼层 (共23层),南 北,280万,26667元/平米,2013年
远洋朗郡,2室1厅1厨1卫,80㎡,,低楼层 (共17层),南,135万,16875元/平米,2012年
两河锦地,2室2厅1厨1卫,87.43㎡,,高楼层 (共18层),东南,138万,15785元/平米,2009年
一品天下C区,2室2厅1厨1卫,79.07㎡,,中楼层 (共9层),西北,135万,17074元/平米,2007年
久鑫华园,2室2厅1厨1卫,73.48㎡,,高楼层 (共6层),东南,112万,15243元/平米,2004年
檀香花园,3室1厅1厨1卫,93.49㎡,,低楼层 (共26层),西南,180万,19254元/平米,2011年
万科金域西岭,2室2厅1厨1卫,90.78㎡,,中楼层 (共35层),南,210万,23133元/平米,2012年
嘉宇天琢城,2室1厅1厨1卫,84.8㎡,,中楼层 (共32层),东北,126万,14859元/平米,2008年
营通街16号,2室1厅1厨1卫,74.17㎡,,高楼层 (共7层),东,105万,14157元/平米,1997年
恒大西锦城,2室2厅1厨1卫,85.51㎡,,高楼层 (共29层),东南,197万,23039元/平米,2012年
青羊东一路95号,1室1厅1厨1卫,33.4㎡,,高楼层 (共7层),南,60万,17965元/平米,1998年
云景豪庭,3室2厅1厨1卫,88.68㎡,,高楼层 (共29层),西,90万,10149元/平米,2010年
润泽园,3室2厅1厨1卫,90.56㎡,,高楼层 (共7层),南,130万,14356元/平米,2000年
三九绿城,2室1厅1厨1卫,83㎡,,中楼层 (共21层),南,138万,16627元/平米,2008年
居然小区,1室1厅1厨1卫,51.99㎡,,中楼层 (共24层),南,47万,9041元/平米,2012年
九里堤南路86号,3室1厅1厨2卫,145.15㎡,,高楼层 (共7层),东,150万,10335元/平米,2005年
和谐家园,3室2厅1厨2卫,117.56㎡,,低楼层 (共18层),西北,175万,14887元/平米,2006年
千和馨城,2室2厅1厨1卫,80.87㎡,,中楼层 (共12层),东南,145万,17931元/平米,2006年
万科金域西岭,2室2厅1厨1卫,93.29㎡,,低楼层 (共35层),东南 西南,161万,17259元/平米,2012年
正成拉斐,3室2厅1厨2卫,83.61㎡,,中楼层 (共18层),东南,188万,22486元/平米,2012年
为民路1号,2室2厅1厨1卫,94.79㎡,,高楼层 (共7层),西南,108万,11394元/平米,1997年
华侨城原岸,3室1厅1厨2卫,122.58㎡,,中楼层 (共34层),西北,259万,21130元/平米,2015年
风林假日,3室1厅1厨2卫,118㎡,,高楼层 (共9层),东南,175万,14831元/平米,2003年
西城天下,3室2厅1厨2卫,125.06㎡,,高楼层 (共31层),西南,248万,19831元/平米,2009年
青羊东二路78号,3室1厅1厨1卫,64.4㎡,,中楼层 (共6层),南,105万,16305元/平米,1993年
风林假日,3室1厅1厨2卫,118㎡,,高楼层 (共9层),东南,175万,14831元/平米,2003年
西城天下,3室2厅1厨2卫,125.06㎡,,高楼层 (共31层),西南,248万,19831元/平米,2009年
全兴花园,3室2厅1厨2卫,125.27㎡,,中楼层 (共6层),东,180万,14369元/平米,2002年
东方苑,3室2厅1厨2卫,129.68㎡,,低楼层 (共25层),东 北,200万,15423元/平米,2000年
一环路北三段2号,2室1厅1厨1卫,91.98㎡,,高楼层 (共7层),南,140万,15221元/平米,未知年建/
聚贤苑,3室2厅1厨2卫,130.54㎡,,高楼层 (共7层),西南,193万,14785元/平米,2002年
保利梧桐语,3室2厅1厨1卫,78.13㎡,,中楼层 (共18层),东北,163万,20863元/平米,2014年
路劲高家庄,2室1厅1厨1卫,48.86㎡,,中楼层 (共21层),东南,65万,13304元/平米,未知年建/
金沙北二路2号,3室1厅1厨1卫,82㎡,,中楼层 (共7层),西南,105万,12805元/平米,2000年
檀香花园,3室2厅1厨1卫,92.41㎡,,高楼层 (共25层),东南,170万,18397元/平米,2011年
一品天下D区,2室1厅1厨1卫,87.09㎡,,中楼层 (共7层),西北,160万,18372元/平米,2006年
城市绿舟花园,3室2厅1厨2卫,117.34㎡,,高楼层 (共6层),东南,160万,13636元/平米,未知年建/
龙湖北城天街二期,3室2厅1厨2卫,129㎡,,高楼层 (共6层),南,315万,24419元/平米,2013年
正成拉斐,3室2厅1厨1卫,86.46㎡,,中楼层 (共18层),西南,182万,21051元/平米,2012年
万科金域西岭,所在楼层地下室 (共0层),房屋朝向东南,,建筑面积24.16㎡,,13万,5381元/平米,未知年建
西线阳光,4室2厅1厨2卫,138.48㎡,,低楼层 (共18层),西北,203万,14660元/平米,2007年
怡泽苑,4室4厅1厨2卫,184.46㎡,,高楼层 (共6层),南,286万,15505元/平米,2003年
菁华园,6室2厅1厨3卫,144.6㎡,,高楼层 (共6层),南 北,250万,17290元/平米,2002年
万科金域西岭,6室3厅1厨6卫,309.09㎡,,低楼层 (共3层),装修情况其他,980万,31706元/平米,2012年
香木林加州国际,1室1厅1厨1卫,49.44㎡,,低楼层 (共23层),东北,90万,18204元/平米,2009年
顶峰水岸汇景,3室2厅1厨2卫,134㎡,,中楼层 (共33层),南 北,305万,22762元/平米,2008年
鑫城府,2室2厅1厨1卫,80.05㎡,,低楼层 (共32层),西北,200万,24985元/平米,2015年
久鑫华园,1室1厅1厨1卫,54.87㎡,,高楼层 (共6层),南 北,72万,13122元/平米,2004年
抚琴三道河巷,2室1厅1厨1卫,71.9㎡,,高楼层 (共7层),南,100万,13909元/平米,1990年
华夏之家,2室2厅1厨1卫,68.05㎡,,高楼层 (共7层),东北,99万,14549元/平米,1998年
蓝光云鼎,1室1厅1厨1卫,48.08㎡,,高楼层 (共31层),西南,115万,23919元/平米,2012年
锦西国际,1室0厅1厨1卫,33.72㎡,,中楼层 (共22层),西南,56万,16608元/平米,2008年
欧美苑,1室0厅1厨1卫,33.14㎡,,中楼层 (共9层),东南,35万,10562元/平米,2003年
一环路北一段238号,2室1厅1厨1卫,45.72㎡,,低楼层 (共2层),南,79万,17280元/平米,2000年
观音阁前街4号,3室1厅1厨1卫,88.82㎡,,高楼层 (共7层),东,119万,13398元/平米,1996年
五福花园,3室2厅1厨2卫,119.8㎡,,高楼层 (共6层),南,143万,11937元/平米,2002年
观音阁前街4号,3室1厅1厨1卫,88.82㎡,,高楼层 (共7层),东,119万,13398元/平米,1996年
华侨城纯水岸208区,5室2厅1厨3卫,371.55㎡,,低楼层 (共3层),装修情况其他,730万,19648元/平米,2010年
华侨城天鹅堡,4室2厅1厨2卫,163.77㎡,,高楼层 (共30层),东南,369万,22532元/平米,2012年
众合北尚二期,3室2厅2厨2卫,128.34㎡,,高楼层 (共7层),东南,110万,8571元/平米,未知年建
万科金域西岭,2室2厅1厨1卫,90.85㎡,,高楼层 (共35层),西南,180万,19813元/平米,2012年
锦城名都,2室1厅1厨1卫,81.04㎡,,低楼层 (共33层),东南,180万,22212元/平米,2009年
抚琴东北路2号,2室1厅1厨1卫,58.16㎡,,中楼层 (共7层),北,79万,13584元/平米,1995年
一品天下A区,3室2厅1厨2卫,81.71㎡,,中楼层 (共7层),东南,168万,20561元/平米,2005年
永陵路27号附2号,3室2厅1厨1卫,94.94㎡,,中楼层 (共6层),南 北,160万,16853元/平米,未知年建/
龙湖北城天街二期,3室2厅1厨2卫,116㎡,,中楼层 (共23层),北,245万,21121元/平米,2013年
保利梧桐语,3室2厅1厨2卫,86.77㎡,,中楼层 (共18层),东南,170万,19593元/平米,2014年
正成拉斐,2室2厅1厨1卫,74.54㎡,,高楼层 (共18层),西南,126万,16904元/平米,2012年
顶峰水岸汇景,2室2厅1厨1卫,89.61㎡,,中楼层 (共33层),东南,200万,22319元/平米,2008年
西延雅舍,3室2厅1厨2卫,118.73㎡,,高楼层 (共9层),西南,199万,16761元/平米,2007年
昭艺大厦,1室1厅1厨1卫,49.15㎡,,高楼层 (共16层),东,60万,12208元/平米,2002年
金房苑琴园,4室2厅1厨2卫,149.38㎡,,中楼层 (共11层),西北,228万,15264元/平米,2000年
龙湖源著东区,5室2厅1厨3卫,162.93㎡,,低楼层 (共4层),装修情况其他,460万,28233元/平米,未知年建
东方苑,2室2厅1厨2卫,117.6㎡,,低楼层 (共25层),东南,156万,13266元/平米,2000年
荷里活,2室2厅1厨2卫,49.94㎡,,低楼层 (共24层),东南,80万,16020元/平米,2012年
懋园国际商住城,3室2厅1厨2卫,148.52㎡,,低楼层 (共6层),东南,348万,23432元/平米,2000年
熙城国际,1室1厅1厨1卫,57.5㎡,,中楼层 (共28层),东南,92万,16000元/平米,2009年
沙河源上金府,1室1厅1厨1卫,53.93㎡,,低楼层 (共22层),东,75万,13907元/平米,2009年
润泽园二期,2室2厅1厨1卫,95.33㎡,,高楼层 (共18层),南,118万,12379元/平米,2004年
蓝光花满庭一期,2室2厅1厨1卫,79.29㎡,,高楼层 (共21层),南,133万,16774元/平米,2009年
鑫城府,1室1厅1厨1卫,51.89㎡,,高楼层 (共32层),东南,103万,19850元/平米,2015年
华侨城东岸一期,3室2厅1厨2卫,150.58㎡,,中楼层 (共4层),东,380万,25236元/平米,2011年
汇景新村,3室2厅1厨2卫,132㎡,,高楼层 (共6层),西南,202万,15304元/平米,2001年
社会主义学院,1室1厅1厨1卫,49.96㎡,,低楼层 (共6层),南,90万,18015元/平米,1991年
水韵天府,2室2厅1厨1卫,84.5㎡,,高楼层 (共22层),西南,138万,16332元/平米,2006年
路劲高家庄,1室0厅1厨1卫,29.76㎡,,中楼层 (共21层),东北,35万,11761元/平米,未知年建/
兴元绿洲一期,3室2厅1厨2卫,125.11㎡,,高楼层 (共8层),西南,175万,13988元/平米,未知年建/
金都花园,3室2厅1厨2卫,141.04㎡,,中楼层 (共11层),西南,248万,17584元/平米,2003年
万科加州湾,3室2厅1厨2卫,133.95㎡,,低楼层 (共30层),东南,256万,19112元/平米,2008年
金仙桥路6号,2室1厅1厨1卫,44㎡,,中楼层 (共6层),东南,65万,14773元/平米,1991年
一品天下C区,2室2厅1厨1卫,85.45㎡,,低楼层 (共9层),东南,146万,17087元/平米,2007年
同善街37号,3室2厅1厨1卫,79.7㎡,,高楼层 (共7层),东,105万,13175元/平米,未知年建
千和银杏花苑,3室2厅1厨2卫,139.2㎡,,高楼层 (共6层),西北,225万,16164元/平米,2001年
交大智能一期北苑,3室1厅1厨2卫,131.4㎡,,低楼层 (共7层),南,170万,12938元/平米,2000年
翡翠海湾,2室1厅1厨1卫,101.52㎡,,低楼层 (共18层),东南,165万,16253元/平米,2008年
沙河源上金府,1室1厅1厨1卫,58㎡,,低楼层 (共22层),东,75万,12932元/平米,2009年
华侨城纯水岸一期,2室1厅1厨1卫,86.42㎡,,中楼层 (共18层),南,185万,21408元/平米,2009年
锦城名都,2室1厅1厨1卫,79.18㎡,,低楼层 (共33层),东南,171万,21597元/平米,2009年
西锦国际一期,所在楼层地下室 (共0层),房屋朝向西南,,建筑面积47.39㎡,,15万,3166元/平米,未知年建
千和馨城,所在楼层地下室 (共0层),房屋朝向西,,建筑面积42.92㎡,,17万,3961元/平米,未知年建
九里欣居,2室2厅1厨1卫,79.92㎡,,中楼层 (共7层),东南,120万,15016元/平米,2003年
锦西国际,1室0厅1厨1卫,26.7㎡,,低楼层 (共22层),南,35万,13109元/平米,2008年
青房尚瑞天韵,所在楼层地下室 (共0层),房屋朝向东南,,建筑面积36.17㎡,,10万,2765元/平米,未知年建
仁和迎宾,3室2厅1厨2卫,103.27㎡,,低楼层 (共23层),西南,212万,20529元/平米,2003年
交大南园,2室2厅1厨1卫,70㎡,,高楼层 (共6层),东南,120万,17143元/平米,2001年
华侨城东岸二期,5室2厅1厨4卫,418.16㎡,,低楼层 (共3层),装修情况毛坯,1200万,28698元/平米,2015年
红花苑,2室2厅1厨1卫,86.9㎡,,低楼层 (共7层),西,120万,13809元/平米,未知年建/
龙湖源著东区,4室2厅1厨3卫,158.33㎡,,低楼层 (共4层),装修情况毛坯,460万,29054元/平米,未知年建
恒和华园,2室1厅1厨1卫,68.41㎡,,中楼层 (共6层),西南,101万,14764元/平米,2004年
众合华庭,3室2厅1厨2卫,135.55㎡,,低楼层 (共7层),东南,190万,14017元/平米,2000年
宏源大厦,2室2厅1厨1卫,85.4㎡,,中楼层 (共7层),东南,108万,12647元/平米,1999年
绿杨新邨,3室2厅1厨2卫,142.92㎡,,低楼层 (共18层),东南,246万,17213元/平米,2002年
锦城名都,3室2厅1厨2卫,124.38㎡,,低楼层 (共33层),南 西南,264万,21226元/平米,2008年
一环路西三段110号,2室1厅1厨1卫,98.53㎡,,高楼层 (共7层),东南,120万,12180元/平米,未知年建
西城公馆,2室1厅1厨1卫,84.72㎡,,中楼层 (共30层),西北 东北,170万,20067元/平米,2009年
沙河源上金府,2室2厅1厨1卫,90.69㎡,,中楼层 (共22层),西,145万,15989元/平米,2009年
千和馨城,3室2厅1厨2卫,99.92㎡,,中楼层 (共17层),东南,177万,17715元/平米,2006年
保利梧桐语,2室1厅1厨1卫,59.7㎡,,中楼层 (共18层),西北,118万,19766元/平米,2014年
恒大西锦城,2室2厅1厨1卫,90.82㎡,,高楼层 (共29层),东南,188万,20701元/平米,2012年
金沙御苑,2室2厅1厨1卫,93.88㎡,,低楼层 (共13层),南,220万,23435元/平米,2013年
新桥逸景B区,3室1厅1厨1卫,95㎡,,中楼层 (共23层),东,125万,13158元/平米,2010年
和谐家园,2室2厅1厨1卫,93.42㎡,,高楼层 (共18层),西北,180万,19268元/平米,2006年
龙湖北城天街二期,3室3厅1厨1卫,105㎡,,低楼层 (共23层),东,254万,24191元/平米,2013年
华侨城纯水岸一期,3室2厅1厨2卫,134.61㎡,,低楼层 (共25层),北,358万,26596元/平米,2009年
和睦人家三期,3室1厅1厨1卫,110.1㎡,,低楼层 (共6层),西南,180万,16349元/平米,2005年
蓝光花满庭一期,2室1厅1厨1卫,68.7㎡,,高楼层 (共21层),北,118万,17177元/平米,2009年
第一园,3室2厅1厨2卫,121.16㎡,,高楼层 (共11层),南,176万,14527元/平米,2007年
顶峰水岸汇景,2室2厅1厨1卫,82.38㎡,,低楼层 (共33层),西南,190万,23064元/平米,2008年
水韵天府,3室2厅1厨2卫,117.59㎡,,中楼层 (共22层),南,170万,14458元/平米,2006年
西线阳光,2室2厅1厨2卫,90.07㎡,,低楼层 (共18层),东南,152万,16876元/平米,2007年
万科加州湾,4室2厅1厨3卫,286.54㎡,,高楼层 (共30层),东南,435万,15182元/平米,2008年
协和村16号,2室1厅1厨1卫,51.57㎡,,低楼层 (共6层),东,90万,17453元/平米,2000年
兴元绿洲一期,1室0厅1厨1卫,41.09㎡,,高楼层 (共22层),东,62万,15089元/平米,2007年
幸福丽景,2室1厅0厨0卫,112.53㎡,,中楼层 (共5层),东南,113万,10042元/平米,2000年
青羊东一路68号,3室1厅1厨1卫,68㎡,,中楼层 (共7层),东,108万,15883元/平米,1990年
百佳庭院,2室1厅1厨1卫,68.77㎡,,中楼层 (共11层),东南,90万,13088元/平米,未知年建
红花村1号,3室2厅1厨1卫,92.7㎡,,中楼层 (共7层),东南,110万,11867元/平米,2001年
幸福丽景,2室0厅0厨0卫,82.9㎡,,中楼层 (共5层),东,83万,10013元/平米,2000年
吉福苑,3室2厅1厨1卫,88.6㎡,,高楼层 (共7层),南,118万,13319元/平米,2000年
华夏之家,3室2厅1厨1卫,78.2㎡,,中楼层 (共7层),东南,118万,15090元/平米,1998年
保利梧桐语,3室2厅1厨1卫,81.39㎡,,低楼层 (共15层),东北,175万,21502元/平米,2014年
青西路7号,2室2厅1厨1卫,57.21㎡,,低楼层 (共6层),南,88万,15382元/平米,2000年
路劲高家庄,2室1厅1厨1卫,53.86㎡,,高楼层 (共21层),西南,67万,12440元/平米,未知年建/
凯丽豪景,2室1厅1厨1卫,61.76㎡,,高楼层 (共30层),南,165万,26717元/平米,2008年
枣子巷17号,2室1厅1厨1卫,90.2㎡,,高楼层 (共23层),东南,198万,21952元/平米,2001年
幸福彼岸,3室1厅1厨1卫,98.89㎡,,低楼层 (共22层),东南,155万,15674元/平米,2007年
三友小区,3室1厅1厨1卫,119.12㎡,,中楼层 (共7层),东南,143万,12005元/平米,1999年
金昌苑,2室1厅1厨1卫,78.47㎡,,高楼层 (共8层),东,95万,12107元/平米,2000年
三和花园,3室2厅1厨2卫,130.81㎡,,中楼层 (共7层),东北,280万,21406元/平米,2000年
映日荷花,2室2厅1厨1卫,88.8㎡,,中楼层 (共18层),南,160万,18019元/平米,2009年
锦城花园,4室2厅1厨2卫,185.8㎡,,低楼层 (共11层),西南,390万,20991元/平米,2003年
三和花园,3室2厅1厨2卫,130.81㎡,,高楼层 (共7层),北,168万,12844元/平米,2000年
熙城国际,2室1厅1厨1卫,90.62㎡,,低楼层 (共28层),东南,150万,16553元/平米,2009年
交大智能九期,3室2厅1厨2卫,149.39㎡,,高楼层 (共6层),南,280万,18743元/平米,2004年
光荣北路78号,2室1厅1厨1卫,64.57㎡,,高楼层 (共7层),南,88万,13629元/平米,未知年建/
凯丽豪景,2室1厅1厨1卫,104㎡,,高楼层 (共32层),东南,280万,26924元/平米,2008年
交大智能二期,2室2厅1厨1卫,90.86㎡,,高楼层 (共6层),南,158万,17390元/平米,2000年
营康巷32号,4室2厅1厨2卫,257.65㎡,,低楼层 (共7层),西南,200万,7763元/平米,1993年
泰基花语廊,2室1厅1厨1卫,88.88㎡,,中楼层 (共11层),东南,180万,20253元/平米,2007年
风林假日,3室2厅1厨2卫,115.61㎡,,高楼层 (共6层),西南,180万,15570元/平米,2003年
沙河源上金府,3室2厅1厨2卫,127㎡,,高楼层 (共22层),北,213万,16772元/平米,2009年
营和街60号,2室2厅1厨1卫,78.8㎡,,高楼层 (共7层),东南 南,86万,10914元/平米,1995年
金荷名邸,2室2厅1厨1卫,103.41㎡,,中楼层 (共17层),南,176万,17020元/平米,2005年
恒大西锦城,3室2厅1厨1卫,128㎡,,低楼层 (共29层),东,268万,20938元/平米,2012年
瑞安城中汇,2室2厅1厨1卫,87.31㎡,,中楼层 (共39层),东,198万,22678元/平米,2015年
金琴路南一巷1号,2室1厅1厨1卫,54.74㎡,,高楼层 (共7层),南,75万,13702元/平米,1998年
西城星座,2室2厅1厨1卫,86.68㎡,,中楼层 (共18层),南,122万,14075元/平米,2007年
华凌尚城,3室2厅1厨2卫,138.96㎡,,中楼层 (共11层),南,225万,16192元/平米,2006年
青房尚瑞天韵,2室2厅1厨1卫,89.93㎡,,低楼层 (共26层),南 北,150万,16680元/平米,2009年
蓝光花满庭一期,2室2厅1厨1卫,68.57㎡,,高楼层 (共20层),北,130万,18959元/平米,2009年
路劲高家庄,2室1厅1厨1卫,53.86㎡,,中楼层 (共21层),东南,67万,12440元/平米,未知年建/
两河锦地,2室2厅1厨1卫,77.37㎡,,低楼层 (共18层),东南,115万,14864元/平米,2009年
映日荷花,2室2厅1厨1卫,86.95㎡,,高楼层 (共22层),南,130万,14952元/平米,2009年
东方苑,3室2厅1厨2卫,130㎡,,低楼层 (共25层),东南,199万,15308元/平米,2000年
金桔花园二期南苑,3室1厅1厨2卫,106.04㎡,,中楼层 (共7层),东南 南,150万,14146元/平米,2006年
香榭里,3室1厅1厨2卫,142.88㎡,,高楼层 (共7层),东南,190万,13298元/平米,2000年
荣鑫苑,3室2厅1厨2卫,122.82㎡,,高楼层 (共7层),西南,140万,11399元/平米,1999年
营康西路10号,3室1厅1厨1卫,93.8㎡,,高楼层 (共7层),西南,126万,13433元/平米,1998年
万科加州湾,2室1厅1厨1卫,82.12㎡,,中楼层 (共27层),东南,180万,21920元/平米,2008年
龙湖北城天街二期,3室2厅1厨2卫,116㎡,,高楼层 (共23层),西南,260万,22414元/平米,2013年
城市博客阳光里,2室1厅1厨1卫,86.67㎡,,高楼层 (共22层),西南,175万,20192元/平米,2009年
翡翠海湾,2室2厅1厨1卫,88.95㎡,,中楼层 (共18层),东南,160万,17988元/平米,2008年
两河锦地,2室2厅1厨1卫,88.89㎡,,高楼层 (共18层),东南,140万,15750元/平米,2009年
红花东路20号,3室2厅1厨1卫,78.5㎡,,低楼层 (共7层),东南,116万,14778元/平米,未知年建/
金色阳光,2室2厅1厨1卫,85.1㎡,,中楼层 (共6层),西南,140万,16452元/平米,2003年
沙湾路57号,3室2厅1厨1卫,126.54㎡,,中楼层 (共7层),东南,152万,12013元/平米,未知年建/
金牛新都会,3室2厅1厨2卫,97.56㎡,,高楼层 (共38层),西南,168万,17221元/平米,2013年
金沙路129号,3室2厅1厨2卫,121.85㎡,,低楼层 (共7层),东南,170万,13952元/平米,1996年
天合凯旋港,1室1厅1厨1卫,68.64㎡,,低楼层 (共24层),东,93万,13549元/平米,2008年
懋园国际商住城,3室2厅1厨2卫,148.52㎡,,低楼层 (共6层),东南,348万,23432元/平米,2000年
华侨城纯水岸208区,5室2厅1厨2卫,395.3㎡,,低楼层 (共3层),装修情况其他,1100万,27827元/平米,2010年
凯丽豪景,3室2厅1厨2卫,115.6㎡,,高楼层 (共32层),西南,315万,27250元/平米,2008年
西城上域,2室2厅1厨2卫,100.45㎡,,高楼层 (共18层),西南,110万,10951元/平米,未知年建/
现代城,2室1厅1厨1卫,89.62㎡,,低楼层 (共31层),西北,198万,22094元/平米,2014年
青房尚瑞天韵,所在楼层地下室 (共0层),房屋朝向东南,,建筑面积32.51㎡,,12万,3692元/平米,未知年建
恒大西锦城,所在楼层地下室 (共0层),房屋朝向东,,建筑面积37.47㎡,,15万,4004元/平米,未知年建
西西里二期,所在楼层地下室 (共0层),房屋朝向西南,,建筑面积27.61㎡,,14.5万,5252元/平米,未知年建
西岸观邸,所在楼层地下室 (共0层),房屋朝向东,,建筑面积34.07㎡,,15万,4403元/平米,未知年建
风林假日,4室2厅1厨3卫,173.83㎡,,高楼层 (共6层),东南,258万,14843元/平米,2003年
豪瑞新界,3室1厅1厨1卫,136.99㎡,,中楼层 (共16层),东,180万,13140元/平米,2005年
抚琴街南四巷5号,2室2厅1厨1卫,57.59㎡,,高楼层 (共7层),东南,77万,13371元/平米,1993年
星河小区,2室1厅1厨1卫,57.3㎡,,高楼层 (共7层),东南,81万,14137元/平米,1998年
锦西民园,3室2厅1厨2卫,104.35㎡,,高楼层 (共6层),西北,200万,19167元/平米,2003年
站西桥西巷8号,2室1厅1厨1卫,52.22㎡,,低楼层 (共6层),南,75万,14363元/平米,未知年建/
锦城名都,2室2厅1厨1卫,87.85㎡,,高楼层 (共33层),东南,193万,21970元/平米,2009年
银沙路16号,3室2厅1厨1卫,94.53㎡,,高楼层 (共7层),西南,110万,11637元/平米,1999年
恒德路6号,3室1厅1厨1卫,100.04㎡,,高楼层 (共8层),东,121万,12096元/平米,2000年
鑫城府,3室1厅1厨1卫,93.35㎡,,高楼层 (共32层),西南,175万,18747元/平米,2015年
鑫城府,3室1厅1厨1卫,93.35㎡,,中楼层 (共32层),西南,175万,18747元/平米,2015年
鑫城府,3室1厅1厨1卫,93.35㎡,,中楼层 (共32层),西南,175万,18747元/平米,2015年
丽景湾,4室2厅1厨2卫,201.27㎡,,中楼层 (共7层),东南,261万,12968元/平米,2001年
天地芳苑,1室1厅1厨1卫,113.62㎡,,低楼层 (共6层),东南,170万,14963元/平米,2001年
锦汇花园,3室2厅1厨2卫,135.7㎡,,高楼层 (共9层),东南,216万,15918元/平米,2001年
龙湖源著东区,3室2厅1厨2卫,115㎡,,低楼层 (共16层),西南,260万,22609元/平米,未知年建/
龙湖北城天街一期,3室2厅1厨2卫,108.66㎡,,低楼层 (共23层),北,303万,27886元/平米,2012年
芙蓉华庭,3室1厅1厨2卫,105.25㎡,,低楼层 (共18层),东,175万,16628元/平米,2008年
欣民苑,3室2厅1厨2卫,123.99㎡,,中楼层 (共7层),东南,145万,11695元/平米,2001年
树蓓街42号,2室1厅1厨1卫,91.7㎡,,高楼层 (共7层),东南,120万,13087元/平米,1998年
恒大西锦城,3室2厅1厨2卫,123.58㎡,,低楼层 (共29层),东北,240万,19421元/平米,2012年
沙河源上金府,3室2厅1厨2卫,127.6㎡,,低楼层 (共22层),西,209万,16380元/平米,2009年
金牛花园,1室2厅1厨1卫,69.99㎡,,低楼层 (共17层),南,90万,12859元/平米,2009年
交大南园,2室2厅1厨1卫,54㎡,,低楼层 (共7层),东南,99万,18334元/平米,2001年
保利梧桐语,2室1厅1厨1卫,59.26㎡,,中楼层 (共18层),西南,130万,21938元/平米,2014年
禾正雅居,2室2厅1厨1卫,96.38㎡,,中楼层 (共6层),南,135万,14008元/平米,未知年建
华润银杏华庭,3室2厅1厨2卫,91㎡,,中楼层 (共20层),北,190万,20880元/平米,2012年
青羊北路9号,2室1厅1厨1卫,51.25㎡,,高楼层 (共7层),南,78万,15220元/平米,未知年建/
交桂二巷1号院,3室2厅1厨2卫,88.35㎡,,高楼层 (共7层),南,106万,11998元/平米,1999年
三九绿城,2室2厅1厨1卫,91.4㎡,,高楼层 (共22层),东南,150万,16412元/平米,2008年
金牛新都会,2室2厅1厨2卫,78.61㎡,,高楼层 (共37层),西南,155万,19718元/平米,2013年
西体路新二村,1室1厅1厨1卫,45.32㎡,,中楼层 (共7层),西南,62.8万,13858元/平米,未知年建/
路劲高家庄,2室1厅1厨1卫,45.05㎡,,中楼层 (共21层),东,56万,12431元/平米,未知年建/
两河锦地,3室2厅1厨1卫,88.89㎡,,中楼层 (共18层),西南,140万,15750元/平米,2009年
恒业星园,1室2厅1厨1卫,63.57㎡,,中楼层 (共18层),东,89万,14001元/平米,2008年
东成西就,1室0厅1厨1卫,34.96㎡,,高楼层 (共7层),南,38万,10870元/平米,2003年
金府路6号,5室2厅1厨3卫,226.32㎡,,高楼层 (共11层),东南,330万,14582元/平米,2005年
幸福丽景,1室1厅1厨1卫,35.88㎡,,中楼层 (共5层),东南,55万,15329元/平米,2000年
五丁路9号,3室2厅1厨2卫,141.09㎡,,中楼层 (共15层),南,258万,18287元/平米,2002年
天合凯旋港,1室0厅1厨1卫,51.75㎡,,中楼层 (共24层),东南,77万,14880元/平米,2008年
抚琴街南一巷,2室1厅1厨1卫,57.8㎡,,中楼层 (共5层),西南,87万,15052元/平米,未知年建
两河锦地,2室2厅1厨1卫,86.29㎡,,低楼层 (共18层),南,125万,14487元/平米,2009年
龙湖北城天街二期,3室2厅1厨2卫,130㎡,,中楼层 (共6层),南,460万,35385元/平米,2013年
彩舍大厦,2室2厅1厨1卫,101.38㎡,,中楼层 (共7层),西南,126万,12429元/平米,1996年
泰逸美景,2室2厅1厨2卫,99.89㎡,,高楼层 (共9层),东南,175万,17520元/平米,2005年
水韵天府,3室2厅1厨1卫,91.18㎡,,高楼层 (共22层),东,120万,13161元/平米,2006年
鑫城府,3室1厅1厨1卫,93.35㎡,,高楼层 (共32层),西南,175万,18747元/平米,2015年
鑫城府,3室1厅1厨1卫,93.35㎡,,中楼层 (共32层),西南,175万,18747元/平米,2015年
鑫城府,3室1厅1厨1卫,93.35㎡,,中楼层 (共32层),西南,175万,18747元/平米,2015年
华侨城东岸一期,3室2厅1厨1卫,151㎡,,中楼层 (共4层),南,510万,33775元/平米,2011年
顶峰水岸汇景,3室1厅1厨2卫,149.85㎡,,高楼层 (共32层),北,260万,17351元/平米,2008年
和谐家园,3室2厅1厨2卫,126.35㎡,,低楼层 (共18层),南,220万,17412元/平米,2006年
荷花池公寓,4室2厅1厨2卫,156.38㎡,,高楼层 (共7层),南,190万,12150元/平米,2000年
沙湾商寓,2室2厅1厨1卫,77.6㎡,,低楼层 (共6层),东南,128万,16495元/平米,1998年
蓝光富丽城,2室1厅1厨1卫,75.04㎡,,低楼层 (共18层),东南,118万,15725元/平米,2005年
蓝光花满庭一期,2室2厅1厨1卫,67.66㎡,,低楼层 (共21层),东北,132万,19510元/平米,2009年
十二桥路17号,3室1厅1厨1卫,71.41㎡,,高楼层 (共7层),南,110万,15405元/平米,未知年建/
风林假日,3室1厅1厨2卫,114㎡,,高楼层 (共6层),西北,195万,17106元/平米,2003年
金牛花园,2室2厅1厨2卫,87.35㎡,,高楼层 (共17层),西南,150万,17173元/平米,2009年
惠民苑,3室2厅1厨1卫,89.93㎡,,高楼层 (共7层),东南,136万,15123元/平米,2000年
龙湖北城天街二期,3室1厅1厨1卫,105㎡,,中楼层 (共23层),南,225万,21429元/平米,2013年
保利梧桐语,3室2厅1厨1卫,78.17㎡,,中楼层 (共18层),东北,180万,23027元/平米,2014年
瑞安城中汇,2室2厅1厨1卫,89.27㎡,,高楼层 (共39层),南,170万,19044元/平米,2015年
红花西路9号,2室1厅1厨1卫,60.8㎡,,中楼层 (共6层),东北,86万,14145元/平米,未知年建
科泰公寓,3室2厅1厨2卫,144.1㎡,,高楼层 (共7层),北,174万,12075元/平米,2000年
抚琴街1号,2室2厅1厨1卫,82.4㎡,,高楼层 (共6层),东,136万,16505元/平米,1994年
第一园,3室2厅1厨2卫,116㎡,,中楼层 (共18层),东南,170万,14656元/平米,2007年
华侨城纯水岸二期,4室2厅1厨2卫,127.47㎡,,高楼层 (共33层),东南 南,380万,29811元/平米,2010年
水韵天府,2室2厅1厨1卫,88.45㎡,,高楼层 (共18层),西北,136万,15376元/平米,2006年
马鞍北路社区,3室2厅1厨1卫,99.01㎡,,高楼层 (共7层),南,135万,13635元/平米,2000年
沙湾商寓,2室2厅1厨1卫,77.6㎡,,低楼层 (共6层),东南,128万,16495元/平米,1998年
蓝光富丽城,2室1厅1厨1卫,75.04㎡,,低楼层 (共18层),东南,118万,15725元/平米,2005年
蓝光花满庭一期,2室2厅1厨1卫,67.66㎡,,低楼层 (共21层),东北,132万,19510元/平米,2009年
十二桥路17号,3室1厅1厨1卫,71.41㎡,,高楼层 (共7层),南,110万,15405元/平米,未知年建/
风林假日,3室1厅1厨2卫,114㎡,,高楼层 (共6层),西北,195万,17106元/平米,2003年
金牛花园,2室2厅1厨2卫,87.35㎡,,高楼层 (共17层),西南,150万,17173元/平米,2009年
惠民苑,3室2厅1厨1卫,89.93㎡,,高楼层 (共7层),东南,136万,15123元/平米,2000年
龙湖北城天街二期,3室1厅1厨1卫,105㎡,,中楼层 (共23层),南,225万,21429元/平米,2013年
恒大西锦城,3室2厅1厨2卫,124㎡,,低楼层 (共29层),西北,320万,25807元/平米,2013年
沙湾商寓,3室2厅1厨2卫,98.04㎡,,中楼层 (共6层),东,140万,14280元/平米,1998年
赛云台东二路27号院,2室1厅1厨1卫,55.51㎡,,高楼层 (共7层),南 北,80万,14412元/平米,未知年建/
华侨城纯水岸一期,4室2厅1厨2卫,146.76㎡,,低楼层 (共9层),南,385万,26234元/平米,2009年
光荣北路8号,3室2厅1厨1卫,90.84㎡,,高楼层 (共6层),西南,110万,12110元/平米,1997年
新世界丽晶花园,1室0厅1厨1卫,46.77㎡,,低楼层 (共12层),北,65万,13898元/平米,2003年
映日荷花,2室2厅1厨1卫,84.58㎡,,低楼层 (共20层),南,135万,15962元/平米,2009年
成华街5号,3室2厅1厨2卫,106㎡,,中楼层 (共7层),南,180万,16982元/平米,2000年
外化成小区,1室1厅1厨1卫,49.47㎡,,中楼层 (共7层),东南,69.5万,14049元/平米,未知年建/
一环路北三段2号,3室2厅1厨2卫,120㎡,,中楼层 (共7层),南,216万,18000元/平米,未知年建/
大华大厦,4室1厅1厨1卫,259.98㎡,,中楼层 (共28层),西南,221万,8501元/平米,2004年
大华大厦,3室1厅1厨2卫,259.98㎡,,中楼层 (共28层),西北,221万,8501元/平米,2004年
新天地,4室2厅1厨2卫,136.68㎡,,低楼层 (共18层),东北,242万,17706元/平米,2002年
金琴路160号,3室2厅1厨2卫,156.99㎡,,中楼层 (共7层),东南,180万,11466元/平米,1996年
抚琴街南四巷1号,3室1厅1厨1卫,88.9㎡,,高楼层 (共7层),南,122万,13724元/平米,1992年
花朝月盈,2室2厅1厨1卫,87.54㎡,,高楼层 (共6层),东南,125万,14280元/平米,2005年
西青路53号,3室1厅1厨2卫,355㎡,,低楼层 (共7层),东南,400万,11268元/平米,1999年
万达SOHO公寓,1室0厅0厨1卫,60.97㎡,,中楼层 (共38层),南,67万,10990元/平米,2013年
万达SOHO公寓,1室1厅0厨1卫,70.3㎡,,中楼层 (共38层),南,77.1万,10968元/平米,2013年
金琴路14号,2室1厅1厨1卫,63.39㎡,,高楼层 (共7层),东南,80.9万,12763元/平米,2000年
西城映画,4室2厅1厨2卫,176.19㎡,,高楼层 (共9层),南,300万,17028元/平米,2004年
观音阁前街4号,3室1厅1厨1卫,88.2㎡,,高楼层 (共7层),东,107万,12132元/平米,1996年
九里堤北路40号院,3室1厅1厨1卫,90.75㎡,,高楼层 (共7层),东南,98万,10799元/平米,2001年
御都花园别墅,4室2厅1厨3卫,304.65㎡,,低楼层 (共4层),装修情况其他,750万,24619元/平米,2004年
昭艺大厦,1室0厅1厨1卫,39.92㎡,,高楼层 (共16层),西北,46万,11524元/平米,2002年
沙湾路71号,2室1厅1厨1卫,88.92㎡,,高楼层 (共7层),南,112万,12596元/平米,1998年
金色阳光,3室2厅1厨2卫,106.49㎡,,高楼层 (共6层),东南,165万,15495元/平米,2003年
交大智能二期,2室1厅1厨1卫,91.81㎡,,低楼层 (共6层),南,165万,17972元/平米,2000年
明阳家在回廊,3室2厅1厨2卫,103.46㎡,,高楼层 (共6层),东南,160万,15465元/平米,2002年
华侨城东岸一期,3室2厅1厨2卫,151㎡,,低楼层 (共4层),东南,480万,31789元/平米,2011年
福兴苑,2室1厅1厨1卫,66㎡,,高楼层 (共6层),东南,110万,16667元/平米,1998年
九里堤北路42号院,1室1厅1厨1卫,48.21㎡,,低楼层 (共7层),西南,66万,13691元/平米,1997年
府河路苑,1室1厅1厨1卫,59.82㎡,,低楼层 (共18层),东南,90万,15046元/平米,2012年
曦城,1室1厅1厨1卫,49.75㎡,,低楼层 (共33层),东,94万,18895元/平米,2009年
交大北园,2室1厅1厨1卫,54㎡,,中楼层 (共7层),南,85万,15741元/平米,1998年
幸福丽景,2室1厅1厨1卫,82.9㎡,,高楼层 (共5层),东南,83万,10013元/平米,2000年
人和逸景,2室1厅1厨1卫,90.42㎡,,中楼层 (共22层),西北,117万,12940元/平米,2001年
福宁路8号小区,1室1厅1厨1卫,43.23㎡,,高楼层 (共6层),东,52万,12029元/平米,2002年
枫桥晓月,1室1厅1厨1卫,49.5㎡,,低楼层 (共12层),东南,101万,20405元/平米,2004年
抚琴街南三巷1号,3室1厅1厨1卫,76.54㎡,,中楼层 (共6层),南,114万,14895元/平米,1999年
二环路北三段191号,1室0厅1厨1卫,53.67㎡,,高楼层 (共9层),东南,45万,8385元/平米,2005年
普罗旺斯,5室2厅1厨2卫,269.63㎡,,低楼层 (共3层),东,405万,15021元/平米,2004年
蓉北商贸大道199号,2室2厅1厨1卫,90.8㎡,,中楼层 (共7层),东,90.8万,10000元/平米,2000年
曦城,1室1厅1厨1卫,40㎡,,中楼层 (共33层),南,80万,20000元/平米,2009年
鑫城府,1室1厅1厨1卫,43.53㎡,,中楼层 (共32层),东南,85万,19527元/平米,2015年
光荣北路86号,2室1厅1厨1卫,65.38㎡,,中楼层 (共6层),东,105万,16060元/平米,未知年建/
九里教师苑,2室1厅1厨1卫,67.68㎡,,高楼层 (共7层),东,98万,14480元/平米,1999年
普罗旺斯,5室2厅1厨2卫,269.63㎡,,低楼层 (共3层),东,405万,15021元/平米,2004年
曦城,1室1厅1厨1卫,40㎡,,中楼层 (共33层),南,80万,20000元/平米,2009年
四季香榭,2室2厅1厨1卫,104.17㎡,,中楼层 (共9层),东南,148万,14208元/平米,2003年
九里教师苑,2室1厅1厨1卫,67.68㎡,,高楼层 (共7层),东,98万,14480元/平米,1999年
龙湖源著西区,5室3厅1厨3卫,306.95㎡,,低楼层 (共4层),装修情况其他,930万,30299元/平米,2016年
金泉阳光佳新苑,2室1厅1厨1卫,61.94㎡,,低楼层 (共6层),东,80万,12916元/平米,未知年建/
鑫源公寓,5室3厅1厨3卫,210.74㎡,,高楼层 (共7层),东北,208万,9870元/平米,2002年
蓝光云鼎,3室1厅1厨2卫,97.52㎡,,低楼层 (共31层),西南,240万,24611元/平米,2012年
同心苑,3室2厅1厨1卫,112㎡,,中楼层 (共7层),南,168万,15000元/平米,1997年
蓝光云鼎,1室1厅1厨1卫,48.08㎡,,高楼层 (共31层),东南,115万,23919元/平米,2012年
银沙横街13号院,1室1厅1厨1卫,45.47㎡,,高楼层 (共7层),南,60万,13196元/平米,2000年
曦城,1室1厅1厨1卫,40.05㎡,,高楼层 (共33层),南,78万,19476元/平米,2009年
都市人家一期,1室1厅1厨1卫,36.66㎡,,高楼层 (共7层),西南,47万,12821元/平米,1998年
华侨城东岸一期,5室3厅1厨4卫,346.06㎡,,中楼层 (共4层),装修情况其他,800万,23118元/平米,2011年
九里园,3室2厅1厨2卫,119.4㎡,,中楼层 (共7层),南,140万,11726元/平米,1998年
檀香花园,所在楼层地下室 (共1层),房屋朝向东南,,建筑面积34.16㎡,,12万,3513元/平米,2012年
金沙国际花园,所在楼层地下室 (共1层),房屋朝向东,,建筑面积19.04㎡,,16.5万,8666元/平米,未知年建
檀香花园,所在楼层地下室 (共1层),房屋朝向南,,建筑面积64.46㎡,,15.5万,2405元/平米,未知年建
凌江尚府,所在楼层地下室 (共0层),房屋朝向东,,建筑面积40.4㎡,,10.5万,2600元/平米,未知年建
曦城,所在楼层地下室 (共0层),房屋朝向东,,建筑面积56.45㎡,,27万,4783元/平米,未知年建
锦城名都,所在楼层地下室 (共0层),房屋朝向南,,建筑面积20.02㎡,,17万,8492元/平米,2009年
新天地民苑,3室1厅1厨1卫,61㎡,,低楼层 (共6层),东,112万,18361元/平米,2000年
金鹏雅舍,2室2厅1厨1卫,80.02㎡,,低楼层 (共11层),西北,120万,14997元/平米,未知年建
金都花园,3室2厅1厨2卫,148.16㎡,,中楼层 (共16层),西南,230万,15524元/平米,2003年
凌江尚府,3室2厅1厨2卫,126㎡,,高楼层 (共22层),东,163万,12937元/平米,2009年
凌江尚府,2室2厅1厨1卫,63㎡,,低楼层 (共22层),西北,128万,20318元/平米,2009年
华夏之家,1室2厅1厨1卫,50.63㎡,,高楼层 (共7层),东南,75万,14814元/平米,1998年
瑞安城中汇,2室2厅1厨1卫,89.27㎡,,高楼层 (共39层),南,170万,19044元/平米,2015年
嘉怡苑,2室1厅1厨1卫,78.3㎡,,中楼层 (共11层),东,120万,15326元/平米,2004年
经典2000,1室0厅0厨1卫,49.6㎡,,高楼层 (共7层),南,47万,9476元/平米,2002年
阳曦芙蓉城,2室1厅1厨1卫,88.81㎡,,低楼层 (共28层),西北,160万,18016元/平米,2009年
交大智能八期,3室2厅1厨2卫,123.25㎡,,高楼层 (共6层),东南,185万,15011元/平米,2003年
上层建筑,所在楼层地下室 (共0层),房屋朝向西南,,建筑面积36.6㎡,,13.8万,3771元/平米,2008年
万科金域西岭,所在楼层地下室 (共0层),房屋朝向东,,建筑面积33.28㎡,,16.5万,4958元/平米,未知年建
西城天下,所在楼层地下室 (共1层),房屋朝向东南,,建筑面积32.46㎡,,18.5万,5700元/平米,未知年建
富丽碧蔓汀,所在楼层地下室 (共0层),房屋朝向北,,建筑面积24.37㎡,,19万,7797元/平米,未知年建
水韵天府,所在楼层地下室 (共0层),房屋朝向东,,建筑面积43.55㎡,,9万,2067元/平米,2006年
西锦国际一期,所在楼层地下室 (共0层),房屋朝向东,,建筑面积47.39㎡,,15.8万,3335元/平米,未知年建
交大智能八期,1室1厅1厨1卫,51.57㎡,,高楼层 (共6层),东南,71万,13768元/平米,2003年
九里苑,2室2厅1厨1卫,88.65㎡,,中楼层 (共7层),东南,123万,13875元/平米,2001年
华侨城东岸二期,5室3厅1厨4卫,377.25㎡,,低楼层 (共4层),装修情况其他,750万,19881元/平米,2015年
幸福丽景,2室0厅0厨0卫,88.66㎡,,中楼层 (共5层),东南,88.6万,9994元/平米,2000年
博雅庭韵,5室2厅1厨3卫,223.43㎡,,高楼层 (共11层),西南,480万,21484元/平米,2003年
抚琴西苑北区,2室2厅1厨1卫,75.22㎡,,高楼层 (共6层),东南,98万,13029元/平米,1995年
蓝光花满庭一期,所在楼层地下室 (共0层),房屋朝向东,,建筑面积29.7㎡,,10.5万,3536元/平米,2009年
恒大西锦城,所在楼层地下室 (共0层),房屋朝向东南,,建筑面积39.03㎡,,15万,3844元/平米,未知年建
秀城嘉园,所在楼层地下室 (共1层),房屋朝向南,,建筑面积38.74㎡,,18万,4647元/平米,2011年
水韵天府,所在楼层地下室 (共0层),房屋朝向西北 北,,建筑面积30.54㎡,,10万,3275元/平米,2006年
千和馨城,所在楼层地下室 (共0层),房屋朝向南,,建筑面积42.92㎡,,13万,3029元/平米,未知年建
泰基花语廊,所在楼层地下室 (共1层),房屋朝向东,,建筑面积29.4㎡,,19万,6463元/平米,2007年
西岸观邸,所在楼层地下室 (共0层),房屋朝向东南,,建筑面积34.07㎡,,14.5万,4256元/平米,2013年
仁和迎宾,所在楼层地下室 (共1层),房屋朝向东,,建筑面积38.97㎡,,10万,2567元/平米,2003年
三和花园,所在楼层地下室 (共0层),房屋朝向西南,,建筑面积32.38㎡,,16万,4942元/平米,未知年建
金奥苑,所在楼层地下室 (共0层),房屋朝向东,,建筑面积19.47㎡,,15万,7705元/平米,未知年建
檀香花园,所在楼层地下室 (共1层),房屋朝向东南,,建筑面积34.15㎡,,12万,3514元/平米,2012年
迪康银色诗典,所在楼层地下室 (共1层),房屋朝向东,,建筑面积23.66㎡,,15万,6340元/平米,未知年建
富丽碧蔓汀,所在楼层地下室 (共0层),房屋朝向南,,建筑面积35.23㎡,,20万,5677元/平米,未知年建
上层建筑,所在楼层地下室 (共0层),房屋朝向东,,建筑面积52.91㎡,,15万,2836元/平米,2008年
华侨城东岸一期,5室3厅1厨4卫,449.41㎡,,低楼层 (共3层),装修情况其他,1500万,33378元/平米,2011年
华侨城东岸一期,5室2厅1厨3卫,447.03㎡,,低楼层 (共3层),装修情况其他,1980万,44293元/平米,2011年
普罗旺斯,所在楼层地下室 (共0层),房屋朝向西南,,建筑面积20.7㎡,,14万,6764元/平米,2004年
千和馨城,所在楼层地下室 (共0层),房屋朝向南,,建筑面积42.92㎡,,13万,3029元/平米,未知年建
泰基花语廊,所在楼层地下室 (共1层),房屋朝向东,,建筑面积29.4㎡,,19万,6463元/平米,2007年
西岸观邸,所在楼层地下室 (共0层),房屋朝向东南,,建筑面积34.07㎡,,14.5万,4256元/平米,2013年
仁和迎宾,所在楼层地下室 (共1层),房屋朝向东,,建筑面积38.97㎡,,10万,2567元/平米,2003年
御都花园别墅,3室3厅1厨5卫,314.37㎡,,中楼层 (共4层),装修情况精装,595万,18927元/平米,2004年
营康巷32号,3室1厅1厨1卫,113㎡,,低楼层 (共7层),西南,136万,12036元/平米,1993年
营福苑,3室2厅1厨2卫,119.85㎡,,高楼层 (共7层),西南,160万,13351元/平米,2000年
新村河边街12号,3室2厅1厨2卫,129.57㎡,,高楼层 (共7层),西北,145万,11191元/平米,1996年
昭艺大厦,1室0厅1厨1卫,39.23㎡,,低楼层 (共16层),东,50万,12746元/平米,2002年
华侨城东岸一期,6室3厅1厨4卫,568.28㎡,,低楼层 (共3层),装修情况其他,2200万,38714元/平米,2012年
西线阳光,2室2厅1厨1卫,87.35㎡,,高楼层 (共18层),西南,140万,16028元/平米,2007年
欧波罗,1室1厅1厨1卫,41.69㎡,,低楼层 (共19层),东 北,62万,14872元/平米,2008年
西线阳光,4室2厅1厨2卫,137.02㎡,,低楼层 (共18层),东南,193万,14086元/平米,2007年
西城丽景,2室1厅1厨1卫,78.2㎡,,低楼层 (共18层),东南,120万,15346元/平米,2000年
公安局宿舍,2室1厅1厨1卫,78.47㎡,,中楼层 (共7层),东南,118万,15038元/平米,1998年
花朝月盈,3室2厅1厨1卫,125.93㎡,,低楼层 (共6层),东南,200万,15882元/平米,2005年
现代城,2室1厅1厨1卫,69.56㎡,,中楼层 (共31层),东,150万,21565元/平米,2014年
嘉宇天琢城,1室1厅1厨1卫,60.37㎡,,中楼层 (共32层),西,84.6万,14014元/平米,2008年
万科加州湾,2室1厅1厨1卫,83.08㎡,,中楼层 (共31层),东,186万,22389元/平米,2008年
路劲高家庄,1室1厅1厨1卫,50.41㎡,,中楼层 (共21层),西北,65万,12895元/平米,未知年建/
西体路新二村,2室1厅1厨1卫,56.84㎡,,高楼层 (共7层),南,80万,14075元/平米,未知年建/
枣子巷15号,2室1厅1厨1卫,75.24㎡,,低楼层 (共7层),南,150万,19937元/平米,1996年
顶峰水岸汇景,3室2厅1厨2卫,118.16㎡,,高楼层 (共33层),西南,280万,23697元/平米,2008年
金琴路南一巷1号,3室1厅1厨1卫,78.64㎡,,中楼层 (共7层),东南,120万,15260元/平米,1998年
金城丽景,2室2厅1厨1卫,82.14㎡,,中楼层 (共11层),西北,155万,18871元/平米,2004年
蓝光富丽城,3室1厅1厨1卫,89.32㎡,,低楼层 (共18层),东南,125万,13995元/平米,2005年
秀城嘉园,1室0厅0厨1卫,51.16㎡,,中楼层 (共23层),北,50.2万,9813元/平米,2011年
秀城嘉园,1室0厅0厨1卫,45.38㎡,,中楼层 (共23层),北,44.5万,9807元/平米,2011年
西安北路91号,2室2厅1厨2卫,93.96㎡,,低楼层 (共7层),西南,150万,15965元/平米,1999年
树蓓街1号,3室1厅1厨1卫,77.86㎡,,高楼层 (共7层),东南,90万,11560元/平米,1997年
西体路新二村,2室2厅1厨1卫,97.8㎡,,中楼层 (共7层),东南,133万,13600元/平米,1991年
万科金域西岭,2室2厅1厨1卫,89.81㎡,,低楼层 (共34层),西北,175万,19486元/平米,2012年
锦城豪庭,5室2厅1厨3卫,288.54㎡,,低楼层 (共2层),装修情况其他,468万,16220元/平米,2003年
嘉怡苑,2室1厅1厨1卫,78.3㎡,,中楼层 (共11层),东,120万,15326元/平米,2004年
上品优空间,1室0厅0厨1卫,42.53㎡,,高楼层 (共11层),东北,44万,10346元/平米,2006年
幸福枫景,3室2厅1厨2卫,217㎡,,中楼层 (共11层),西南,458万,21106元/平米,2001年
中铁马家公馆,3室1厅1厨2卫,96.18㎡,,高楼层 (共32层),东南,240万,24954元/平米,2014年
顶峰水岸汇景,2室2厅1厨1卫,88.78㎡,,高楼层 (共33层),西南,180万,20275元/平米,2008年
富丽碧蔓汀,3室1厅1厨2卫,96㎡,,低楼层 (共26层),西,240万,25000元/平米,2009年
状元府邸,2室1厅1厨1卫,54.52㎡,,中楼层 (共31层),东南,92万,16875元/平米,2008年
金都花园,3室2厅1厨2卫,153.28㎡,,低楼层 (共16层),东北,260万,16963元/平米,2000年
花牌坊公寓,1室1厅1厨1卫,66.7㎡,,中楼层 (共7层),西北,90万,13494元/平米,2004年
西线阳光,3室1厅1厨2卫,89.9㎡,,高楼层 (共18层),东南,180万,20023元/平米,2007年
荷里活,4室2厅1厨2卫,77㎡,,高楼层 (共24层),东南,220万,28572元/平米,2012年
泰丰花苑,5室2厅2厨2卫,199.56㎡,,高楼层 (共11层),东 西南,235万,11776元/平米,2005年
交大智能九期,3室2厅1厨2卫,123.69㎡,,高楼层 (共6层),东南,212万,17140元/平米,2004年
鑫源公寓,3室2厅1厨2卫,126.48㎡,,中楼层 (共8层),西,135万,10674元/平米,2002年
白鸽岛尚,4室2厅1厨2卫,148.51㎡,,中楼层 (共19层),西南,230万,15488元/平米,2008年
肖家新居,2室2厅1厨1卫,79.54㎡,,中楼层 (共6层),东,105万,13201元/平米,未知年建/
金城丽景,所在楼层地下室 (共1层),房屋朝向东南,,建筑面积47.73㎡,,18万,3772元/平米,2004年
幸福枫景,1室0厅0厨0卫,29.42㎡,,地下室 (共0层),东南,17万,5779元/平米,2001年
香木林加州国际,所在楼层地下室 (共1层),房屋朝向南,,建筑面积31.07㎡,,14.5万,4667元/平米,2009年
文家东巷14号,2室1厅1厨1卫,54.57㎡,,中楼层 (共7层),东南,70万,12828元/平米,1995年
华侨城纯水岸一期,2室2厅1厨1卫,89.6㎡,,高楼层 (共25层),南,210万,23438元/平米,2009年
花牌坊街6号,2室1厅1厨1卫,72.1㎡,,中楼层 (共7层),东南,116.2万,16110元/平米,1993年
西西里二期,1室1厅1厨1卫,56.58㎡,,中楼层 (共34层),东北,120万,21209元/平米,2009年
西城丽景,3室2厅1厨1卫,91.49㎡,,高楼层 (共18层),西北,130万,14210元/平米,2000年
华侨城东岸一期,5室3厅2厨5卫,345.75㎡,,中楼层 (共4层),装修情况其他,880万,25452元/平米,2011年
聚贤苑,3室2厅1厨2卫,137.12㎡,,高楼层 (共7层),东北,222万,16191元/平米,2002年
四季香榭,2室2厅1厨1卫,88.54㎡,,高楼层 (共9层),东南,150万,16942元/平米,2003年
九峰花园,所在楼层地下室 (共0层),房屋朝向南,,建筑面积37.16㎡,,20万,5383元/平米,2013年
两河锦地,所在楼层地下室 (共0层),房屋朝向西北,,建筑面积42.97㎡,,12万,2793元/平米,未知年建
沙河源上金府,所在楼层地下室 (共0层),房屋朝向西,,建筑面积33.45㎡,,13.5万,4036元/平米,未知年建
万科金域西岭,所在楼层地下室 (共0层),房屋朝向东,,建筑面积33.28㎡,,17万,5109元/平米,未知年建
交大智能一期北苑,2室1厅1厨1卫,68.55㎡,,低楼层 (共7层),东,150万,21882元/平米,2000年
华侨城东岸一期,3室2厅1厨2卫,150㎡,,中楼层 (共4层),东南,560万,37334元/平米,2011年
幸福枫景,1室0厅0厨0卫,23.92㎡,,地下室 (共0层),东,17万,7108元/平米,2001年
西景花园,1室0厅1厨1卫,38.05㎡,,中楼层 (共9层),西北,70万,18397元/平米,2004年
万科金域西岭,3室2厅1厨2卫,129.65㎡,,中楼层 (共33层),东北,278万,21443元/平米,2012年
华润银杏华庭,3室2厅1厨2卫,90.75㎡,,低楼层 (共20层),南,185万,20386元/平米,2012年
华侨城东岸二期,4室2厅1厨3卫,330㎡,,低楼层 (共4层),装修情况其他,920万,27879元/平米,2011年
华侨城纯水岸208区,5室3厅1厨4卫,341.76㎡,,低楼层 (共3层),装修情况其他,798万,23350元/平米,2010年
九里堤北路42号院,3室1厅1厨1卫,67.71㎡,,高楼层 (共7层),西南,81万,11963元/平米,1997年
九里小区,2室2厅1厨1卫,88.33㎡,,高楼层 (共7层),西北,110万,12454元/平米,2000年
西雅图,1室1厅0厨1卫,84㎡,,低楼层 (共12层),东南,80万,9524元/平米,2005年
华侨城纯水岸一期,3室2厅1厨1卫,89.05㎡,,低楼层 (共25层),西北,220万,24706元/平米,2009年
怡欣苑,4室2厅1厨2卫,144.32㎡,,中楼层 (共6层),东南,210万,14551元/平米,2002年
茗苑公寓,3室2厅2厨3卫,164.37㎡,,高楼层 (共7层),东南,200万,12168元/平米,1999年
和睦新天地,4室2厅1厨2卫,129.8㎡,,高楼层 (共11层),南,260万,20031元/平米,2006年
为民路45号,2室1厅1厨1卫,53.5㎡,,高楼层 (共7层),东南,82万,15328元/平米,未知年建/
枣子巷15号,2室1厅1厨1卫,61.68㎡,,中楼层 (共6层),西南,108万,17510元/平米,1996年
小沙河东路40号院,2室1厅1厨1卫,59.8㎡,,高楼层 (共7层),东南,72万,12041元/平米,未知年建/
恒大西锦城,5室3厅1厨4卫,268㎡,,高楼层 (共29层),东南,700万,26120元/平米,2012年
恒大西锦城,3室2厅1厨2卫,121.16㎡,,高楼层 (共29层),东南,260万,21460元/平米,2012年
第一园,2室2厅1厨1卫,102㎡,,低楼层 (共11层),南 北,145万,14216元/平米,2007年
金府世家,3室2厅1厨1卫,118㎡,,低楼层 (共17层),南,193万,16356元/平米,2009年
华凌尚城,4室2厅1厨2卫,193㎡,,高楼层 (共11层),东,258万,13368元/平米,2006年
金泉阳光佳新苑,2室1厅1厨1卫,61.94㎡,,高楼层 (共6层),东南,70万,11302元/平米,未知年建/
锦西国际,2室1厅1厨1卫,56.89㎡,,中楼层 (共22层),北,102万,17930元/平米,2008年
幸福枫景,1室0厅0厨0卫,26.04㎡,,地下室 (共0层),西,17万,6529元/平米,2001年
西延锦绣,3室1厅1厨2卫,152.38㎡,,低楼层 (共5层),东南,330万,21657元/平米,2003年
西岸观邸,3室2厅1厨2卫,115.89㎡,,中楼层 (共30层),东南,208万,17949元/平米,2013年
青羊北路17号,2室1厅1厨1卫,62.5㎡,,高楼层 (共7层),南,95万,15200元/平米,1999年
顶峰水岸汇景,3室2厅1厨2卫,132.52㎡,,低楼层 (共33层),东南,320万,24148元/平米,2008年
云景豪庭,3室1厅1厨1卫,88.31㎡,,低楼层 (共29层),北,85万,9626元/平米,2010年
西城首峻,2室1厅1厨1卫,84.86㎡,,低楼层 (共34层),东南,125万,14731元/平米,2009年
西雅图,1室0厅0厨1卫,45㎡,,低楼层 (共12层),东南,45万,10000元/平米,2005年
佳美榕苑,6室4厅1厨3卫,187.57㎡,,高楼层 (共6层),南,265万,14129元/平米,2003年
华侨城东岸一期,4室2厅1厨2卫,303.77㎡,,中楼层 (共4层),装修情况其他,990万,32591元/平米,2012年
茗苑公寓,4室2厅1厨2卫,208.56㎡,,高楼层 (共7层),西北,292万,14001元/平米,1999年
金房苑琴园,5室3厅1厨3卫,273.35㎡,,高楼层 (共11层),东南,786万,28755元/平米,2000年
御都花园别墅,4室2厅1厨2卫,323㎡,,中楼层 (共4层),装修情况其他,666万,20620元/平米,2004年
华侨城纯水岸一期,6室2厅2厨3卫,146.37㎡,,低楼层 (共9层),东北,480万,32794元/平米,2009年
荷花池公寓,4室2厅1厨2卫,167㎡,,高楼层 (共7层),南,178万,10659元/平米,2001年
金卉苑,2室2厅1厨1卫,60.73㎡,,高楼层 (共6层),东,61万,10045元/平米,2003年
人和佳苑,4室2厅1厨2卫,215㎡,,高楼层 (共8层),东南,310万,14419元/平米,2000年
荷里活,所在楼层地下室 (共0层),房屋朝向东,,建筑面积29.39㎡,,12.6万,4288元/平米,未知年建
交大北园,2室2厅1厨1卫,54㎡,,中楼层 (共7层),南,98万,18149元/平米,1998年
凌江尚府,所在楼层地下室 (共0层),房屋朝向南,,建筑面积43.45㎡,,13.5万,3108元/平米,未知年建
尚锦城,所在楼层地下室 (共0层),房屋朝向南,,建筑面积33.44㎡,,9.8万,2931元/平米,未知年建
西城首峻,所在楼层地下室 (共0层),房屋朝向东南,,建筑面积35.32㎡,,10万,2832元/平米,未知年建
锦城名都,所在楼层地下室 (共0层),房屋朝向南,,建筑面积29.02㎡,,16万,5514元/平米,2009年
新桥丽景B区,3室2厅1厨2卫,117.25㎡,,高楼层 (共6层),东南,130万,11088元/平米,2004年
荷花池公寓,3室2厅1厨1卫,107.75㎡,,高楼层 (共7层),东南,125万,11601元/平米,2000年
华侨城纯水岸一期,3室2厅1厨2卫,136.92㎡,,低楼层 (共25层),东南,350万,25563元/平米,2009年
蓝光花满庭一期,所在楼层地下室 (共0层),房屋朝向东,,建筑面积29.7㎡,,10.8万,3637元/平米,2009年
聚贤公寓,4室2厅1厨2卫,163.17㎡,,高楼层 (共7层),西,195万,11951元/平米,2001年
水韵天府,所在楼层地下室 (共0层),房屋朝向东,,建筑面积38.32㎡,,10万,2610元/平米,2006年
幸福彼岸,所在楼层地下室 (共1层),房屋朝向南,,建筑面积28.63㎡,,11万,3843元/平米,未知年建
聚贤公寓,4室2厅1厨2卫,163.17㎡,,高楼层 (共7层),西,195万,11951元/平米,2001年
水韵天府,所在楼层地下室 (共0层),房屋朝向东,,建筑面积38.32㎡,,10万,2610元/平米,2006年
华侨城纯水岸一期,3室2厅1厨2卫,136.92㎡,,低楼层 (共25层),东南,350万,25563元/平米,2009年
二道桥街72号,4室2厅1厨2卫,156.96㎡,,高楼层 (共7层),南,220万,14017元/平米,2000年
锦城名都,所在楼层地下室 (共0层),房屋朝向东南,,建筑面积25.02㎡,,16万,6395元/平米,2009年
翡翠海湾,3室2厅1厨2卫,131㎡,,中楼层 (共18层),北,200万,15268元/平米,2008年
营中巷32号,3室1厅1厨1卫,71.28㎡,,高楼层 (共7层),南,99万,13889元/平米,1995年
抚琴南路2号,3室1厅1厨2卫,81.7㎡,,高楼层 (共8层),南,120万,14688元/平米,1996年
宏源新居,3室2厅1厨2卫,127.42㎡,,高楼层 (共6层),南,190万,14912元/平米,2001年
金牛花园,3室2厅1厨2卫,138.36㎡,,中楼层 (共17层),东南,220万,15901元/平米,2009年
锦城名都,所在楼层地下室 (共0层),房屋朝向东南,,建筑面积25.68㎡,,16万,6231元/平米,2009年
香木林加州国际,1室1厅1厨1卫,43.4㎡,,低楼层 (共18层),南,75万,17282元/平米,2009年
长福苑,1室1厅1厨1卫,42.64㎡,,中楼层 (共6层),南,62.8万,14728元/平米,2004年
西城星座,2室1厅1厨1卫,95.17㎡,,低楼层 (共18层),南,140万,14711元/平米,2007年
金牛万达D组团,3室1厅1厨1卫,81.08㎡,,低楼层 (共32层),东北,162万,19981元/平米,2013年
金色阳光,4室2厅1厨1卫,134.69㎡,,高楼层 (共6层),东南,182万,13513元/平米,2003年
红花北路19号,2室2厅1厨1卫,64.5㎡,,低楼层 (共6层),西南,88万,13644元/平米,1998年
幸福枫景,3室2厅1厨2卫,153.75㎡,,低楼层 (共11层),东南,340万,22114元/平米,2001年
颐园,4室2厅1厨2卫,145㎡,,高楼层 (共6层),北,200万,13794元/平米,1995年
博雅庭韵,3室2厅1厨2卫,127.51㎡,,低楼层 (共11层),东,210万,16470元/平米,2003年
翡翠海湾,所在楼层地下室 (共0层),房屋朝向东南,,建筑面积33.64㎡,,15万,4459元/平米,未知年建
绿洲华苑,所在楼层地下室 (共0层),房屋朝向西南,,建筑面积21.11㎡,,12万,5685元/平米,未知年建
营康西路16号,3室1厅1厨1卫,72.26㎡,,低楼层 (共7层),东南,99万,13701元/平米,未知年建/
龙湖北城天街一期,所在楼层地下室 (共0层),房屋朝向东,,建筑面积20.97㎡,,12万,5723元/平米,2012年
青房天韵华庭,所在楼层地下室 (共1层),房屋朝向东,,建筑面积36.39㎡,,18万,4947元/平米,2013年
沙河源上金府,所在楼层地下室 (共0层),房屋朝向南,,建筑面积33.45㎡,,14万,4186元/平米,未知年建
龙湖北城天街一期,所在楼层地下室 (共0层),房屋朝向东,,建筑面积28.88㎡,,13万,4502元/平米,2012年
上品优空间,1室0厅0厨1卫,39.8㎡,,高楼层 (共11层),东,35万,8794元/平米,2006年
西线阳光,所在楼层地下室 (共1层),房屋朝向东,,建筑面积28.89㎡,,10万,3462元/平米,未知年建
西线阳光,所在楼层地下室 (共1层),房屋朝向东,,建筑面积30.1㎡,,10万,3323元/平米,未知年建
西线阳光,所在楼层地下室 (共1层),房屋朝向东,,建筑面积28.89㎡,,10万,3462元/平米,未知年建
西线阳光,所在楼层地下室 (共1层),房屋朝向东,,建筑面积30.1㎡,,10万,3323元/平米,未知年建
水韵天府,3室1厅1厨2卫,127.03㎡,,高楼层 (共18层),东,200万,15745元/平米,2006年
蓝光花满庭一期,1室2厅1厨1卫,48.12㎡,,高楼层 (共21层),西,83万,17249元/平米,2009年
上品优空间,1室0厅1厨1卫,44.07㎡,,高楼层 (共11层),西南,40万,9077元/平米,2006年
荷花池公寓,4室1厅1厨2卫,167㎡,,高楼层 (共7层),西南,180万,10779元/平米,2000年
观景台,3室2厅1厨2卫,177㎡,,中楼层 (共9层),东南,188万,10622元/平米,未知年建/
城市绿舟花园,3室2厅1厨2卫,129.31㎡,,高楼层 (共6层),东南,190万,14694元/平米,2004年
水韵天府,所在楼层地下室 (共0层),房屋朝向南,,建筑面积31.67㎡,,8.8万,2779元/平米,2006年
金璐天下,2室1厅1厨1卫,97.23㎡,,中楼层 (共31层),西北,165万,16971元/平米,2010年
金港商城,4室2厅1厨2卫,232.17㎡,,中楼层 (共7层),东北,186万,8012元/平米,未知年建/
蓝光富丽城,3室2厅1厨1卫,89.41㎡,,低楼层 (共18层),南,142万,15882元/平米,2005年
香榭里,3室2厅1厨2卫,129.48㎡,,中楼层 (共7层),东 东南,193万,14906元/平米,2000年
富丽碧蔓汀,2室1厅1厨1卫,62.33㎡,,中楼层 (共26层),西南,140万,22462元/平米,2009年
市委机关宿舍二期,2室2厅1厨1卫,86.87㎡,,中楼层 (共7层),西北,130万,14965元/平米,1998年
城市绿舟花园,3室2厅1厨2卫,129.6㎡,,低楼层 (共6层),东南,200万,15433元/平米,2004年
市委机关宿舍二期,3室2厅1厨2卫,108.26㎡,,中楼层 (共7层),西南,150万,13856元/平米,1998年
映日荷花,3室2厅1厨2卫,118.31㎡,,高楼层 (共20层),东北,175万,14792元/平米,2009年
康馨源,2室2厅1厨2卫,143㎡,,中楼层 (共6层),南,180万,12588元/平米,2003年
金仙桥路20号,3室2厅1厨2卫,121.12㎡,,高楼层 (共7层),东南,200万,16513元/平米,1999年
九峰花园,1室2厅1厨1卫,58.92㎡,,低楼层 (共32层),东南,80万,13578元/平米,2013年
金域港湾,3室2厅1厨2卫,108.69㎡,,中楼层 (共11层),东北,185万,17021元/平米,2006年
华侨城纯水岸208区,5室2厅1厨4卫,335.85㎡,,低楼层 (共3层),装修情况其他,750万,22332元/平米,2010年
黄忠爱丽舍,1室1厅1厨1卫,59.15㎡,,低楼层 (共12层),东南,99万,16738元/平米,2003年
西岸观邸,所在楼层地下室 (共0层),房屋朝向东南,,建筑面积34.07㎡,,16万,4697元/平米,2013年
映日荷花,所在楼层地下室 (共0层),房屋朝向东,,建筑面积32.13㎡,,10万,3113元/平米,2009年
银沙路40号院,4室2厅1厨2卫,150㎡,,高楼层 (共6层),东,148万,9867元/平米,2000年
凯瑞花都,3室2厅1厨1卫,118.16㎡,,中楼层 (共18层),东南,195万,16504元/平米,2008年
万福花园,3室2厅1厨2卫,157.66㎡,,中楼层 (共7层),南,277万,17570元/平米,2000年
星辉中路6号,3室3厅1厨2卫,153㎡,,高楼层 (共7层),南,190万,12419元/平米,2000年
富丽碧蔓汀,所在楼层地下室 (共0层),房屋朝向东南,,建筑面积35.23㎡,,19万,5394元/平米,未知年建
映日荷花,3室2厅1厨1卫,122.79㎡,,低楼层 (共22层),东南,180万,14660元/平米,2009年
第一园,3室2厅1厨1卫,120.21㎡,,低楼层 (共18层),南,170万,14142元/平米,2007年
青羊东二路41号,2室1厅1厨1卫,50㎡,,中楼层 (共6层),南,75万,15000元/平米,1988年
锦城名都,所在楼层地下室 (共0层),房屋朝向西北,,建筑面积25.68㎡,,16万,6231元/平米,2009年
新和理想家,所在楼层地下室 (共0层),房屋朝向东,,建筑面积33.76㎡,,15万,4444元/平米,未知年建
保利梧桐语,3室2厅1厨1卫,79.9㎡,,中楼层 (共18层),西南,149万,18649元/平米,2014年
千和馨城,2室2厅1厨1卫,80.85㎡,,中楼层 (共17层),东南,170万,21027元/平米,2006年
文华路22号,2室1厅1厨1卫,51.94㎡,,低楼层 (共7层),东南,85万,16366元/平米,1998年
金牛万达D组团,1室1厅1厨1卫,55.33㎡,,高楼层 (共32层),东南 南,110万,19881元/平米,2013年
蓝光云鼎,1室1厅1厨1卫,56.1㎡,,中楼层 (共28层),东南 西南,135万,24065元/平米,2012年
兴元绿洲一期,1室1厅1厨1卫,44.33㎡,,高楼层 (共22层),西南,64万,14438元/平米,2007年
万基兰御,3室2厅1厨1卫,81.3㎡,,低楼层 (共18层),东南,185万,22756元/平米,2013年
天府名苑,3室3厅1厨2卫,143.15㎡,,中楼层 (共8层),东南,210万,14670元/平米,2002年
西体路新二村,2室1厅1厨1卫,50.31㎡,,高楼层 (共6层),东南,70万,13914元/平米,1991年
西锦国际二期,2室2厅1厨1卫,87.84㎡,,低楼层 (共13层),西南,220万,25046元/平米,2013年
燕宇康品,2室2厅1厨1卫,86.73㎡,,中楼层 (共26层),南,150万,17296元/平米,2009年
交大智能三期,3室2厅1厨2卫,119.58㎡,,高楼层 (共9层),东南,252万,21074元/平米,2001年
锦城名都,所在楼层地下室 (共0层),房屋朝向东南,,建筑面积25.02㎡,,20万,7994元/平米,2009年
人和逸景,1室1厅1厨1卫,54.43㎡,,高楼层 (共22层),东南,75万,13780元/平米,2001年
协和村14号,3室1厅1厨1卫,61.61㎡,,高楼层 (共8层),南 北,74万,12012元/平米,1999年
正成拉斐,2室1厅1厨1卫,60.01㎡,,高楼层 (共18层),西北,155万,25830元/平米,2012年
西线阳光,4室2厅1厨2卫,128.9㎡,,中楼层 (共18层),东南,195万,15129元/平米,2007年
金罗路12号,2室1厅1厨1卫,65.71㎡,,高楼层 (共7层),西,86万,13088元/平米,1997年
翡翠海湾,所在楼层地下室 (共0层),房屋朝向东,,建筑面积33.64㎡,,15万,4459元/平米,未知年建
正成拉斐,3室2厅1厨2卫,86.53㎡,,中楼层 (共18层),东北,200万,23114元/平米,2012年
金荷名邸,3室2厅1厨2卫,132.68㎡,,低楼层 (共17层),东,212万,15979元/平米,2005年
上品优空间,1室1厅1厨1卫,43.62㎡,,中楼层 (共11层),东南,36万,8254元/平米,2006年
金泉阳光雅新苑,2室2厅1厨1卫,76.16㎡,,中楼层 (共6层),东北,85万,11161元/平米,2009年
维达北苑,2室1厅1厨1卫,66.15㎡,,高楼层 (共7层),东南,80万,12094元/平米,1999年
西体路新二村,2室1厅1厨1卫,50.31㎡,,高楼层 (共6层),东南,70万,13914元/平米,1991年
协和村14号,3室1厅1厨1卫,61.61㎡,,高楼层 (共8层),南 北,74万,12012元/平米,1999年
人和逸景,1室1厅1厨1卫,54.43㎡,,高楼层 (共22层),东南,75万,13780元/平米,2001年
锦城名都,所在楼层地下室 (共0层),房屋朝向东南,,建筑面积25.02㎡,,20万,7994元/平米,2009年
工人村,2室2厅1厨1卫,84.3㎡,,高楼层 (共7层),东北,135万,16015元/平米,1990年
金沙国际花园,4室2厅1厨2卫,177.03㎡,,高楼层 (共5层),西南,480万,27115元/平米,2005年
青羊东一路68号,2室1厅1厨1卫,53.23㎡,,高楼层 (共7层),东南,82万,15405元/平米,1990年
交大智能二期,2室2厅1厨1卫,90.86㎡,,低楼层 (共6层),东南,155万,17060元/平米,2000年
交大智能二期,2室2厅1厨1卫,90.86㎡,,低楼层 (共6层),东南,155万,17060元/平米,2000年
西安中路一巷35号,3室1厅1厨1卫,83.93㎡,,高楼层 (共7层),东南,122万,14536元/平米,1988年
马鞍北路社区,3室2厅1厨1卫,80.2㎡,,高楼层 (共7层),南,112万,13966元/平米,2000年
一环路北三段72号,2室1厅1厨1卫,62.75㎡,,中楼层 (共6层),南,100万,15937元/平米,未知年建/
惠民苑,2室2厅1厨1卫,77.75㎡,,低楼层 (共7层),南,130万,16721元/平米,2000年
锦西国际,1室0厅1厨1卫,28.96㎡,,低楼层 (共22层),南,30.5万,10532元/平米,2008年
富丽碧蔓汀,3室1厅1厨1卫,81.25㎡,,高楼层 (共26层),西南,228万,28062元/平米,2009年
映日荷花,所在楼层地下室 (共0层),房屋朝向东 西北,,建筑面积32.13㎡,,12万,3735元/平米,2009年
锦城名都,所在楼层地下室 (共0层),房屋朝向东,,建筑面积25.68㎡,,17万,6620元/平米,2009年
恒大西锦城,所在楼层地下室 (共0层),房屋朝向东,,建筑面积34㎡,,15万,4412元/平米,未知年建
青羊西路2号院,3室1厅1厨1卫,62㎡,,低楼层 (共7层),南,130万,20968元/平米,1986年
青羊东二路78号,2室1厅1厨1卫,70.47㎡,,低楼层 (共6层),西南,200万,28381元/平米,1993年
翡翠海湾,所在楼层地下室 (共0层),房屋朝向南,,建筑面积21.06㎡,,10万,4749元/平米,未知年建
凌江尚府,所在楼层地下室 (共0层),房屋朝向东,,建筑面积52.93㎡,,12万,2268元/平米,未知年建
西岸观邸,所在楼层地下室 (共0层),房屋朝向东南,,建筑面积32.7㎡,,16万,4893元/平米,2013年
青西路7号,3室2厅1厨1卫,72.14㎡,,低楼层 (共6层),东南,118万,16358元/平米,2000年
映日荷花,所在楼层地下室 (共0层),房屋朝向西南,,建筑面积32.13㎡,,13万,4047元/平米,2009年
西岸观邸,所在楼层地下室 (共0层),房屋朝向南,,建筑面积34.07㎡,,15万,4403元/平米,2013年
锦城名都,所在楼层地下室 (共0层),房屋朝向东南,,建筑面积25.68㎡,,17.5万,6815元/平米,2009年
西岸观邸,所在楼层地下室 (共0层),房屋朝向西南,,建筑面积34.07㎡,,15万,4403元/平米,2013年
曦城,所在楼层地下室 (共0层),房屋朝向西南,,建筑面积28.85㎡,,15万,5200元/平米,未知年建
曦城,所在楼层地下室 (共0层),房屋朝向东,,建筑面积28.85㎡,,14.5万,5026元/平米,未知年建
锦城名都,所在楼层地下室 (共0层),房屋朝向西南,,建筑面积24㎡,,19万,7917元/平米,2009年
交大智能二期,所在楼层地下室 (共0层),房屋朝向东,,建筑面积18㎡,,22万,12223元/平米,未知年建
上品优空间,1室1厅0厨1卫,42.52㎡,,中楼层 (共11层),东,33万,7762元/平米,2006年
映日荷花,所在楼层地下室 (共0层),房屋朝向南,,建筑面积32.5㎡,,10万,3077元/平米,2009年
西雅图,1室0厅0厨1卫,45.11㎡,,低楼层 (共12层),东南,43万,9533元/平米,2005年
西雅图,1室0厅0厨1卫,45.11㎡,,低楼层 (共12层),东南,43万,9533元/平米,2005年
瑞安城中汇,3室2厅1厨2卫,131.85㎡,,低楼层 (共29层),北,280万,21237元/平米,2015年
蓝光花好月圆,2室1厅1厨1卫,63.22㎡,,中楼层 (共11层),东南,100万,15818元/平米,2004年
万科金域西岭,所在楼层地下室 (共0层),房屋朝向东南,,建筑面积33.28㎡,,18万,5409元/平米,未知年建
万科金域西岭,所在楼层地下室 (共0层),房屋朝向南,,建筑面积24.16㎡,,18万,7451元/平米,未知年建
翡翠海湾,所在楼层地下室 (共0层),房屋朝向西北,,建筑面积21.06㎡,,10万,4749元/平米,未知年建
富丽碧蔓汀,所在楼层地下室 (共0层),房屋朝向北,,建筑面积35.23㎡,,19万,5394元/平米,未知年建
万科金域西岭,所在楼层地下室 (共0层),房屋朝向东,,建筑面积34.93㎡,,16万,4581元/平米,未知年建
万科金域西岭,所在楼层地下室 (共0层),房屋朝向东南 南,,建筑面积33.28㎡,,16.8万,5049元/平米,未知年建
西城天下,所在楼层地下室 (共1层),房屋朝向东,,建筑面积29.64㎡,,14万,4724元/平米,2009年
顶峰水岸汇景,所在楼层地下室 (共0层),房屋朝向南,,建筑面积28.95㎡,,29万,10018元/平米,2008年
锦城名都,所在楼层地下室 (共0层),房屋朝向东,,建筑面积25.02㎡,,17万,6795元/平米,2009年
上品优空间,1室0厅0厨1卫,38.61㎡,,中楼层 (共11层),西南,40万,10361元/平米,2006年
锦城名都,所在楼层地下室 (共0层),房屋朝向东南,,建筑面积20.55㎡,,15万,7300元/平米,2009年
锦城名都,所在楼层地下室 (共0层),房屋朝向东南,,建筑面积24.61㎡,,16.5万,6705元/平米,2009年
西岸观邸,所在楼层地下室 (共0层),房屋朝向东,,建筑面积32.7㎡,,14万,4282元/平米,2013年
西岸观邸,所在楼层地下室 (共0层),房屋朝向东南,,建筑面积21.8㎡,,13万,5964元/平米,未知年建
锦城名都,所在楼层地下室 (共0层),房屋朝向东南,,建筑面积16.68㎡,,14万,8394元/平米,未知年建
交大智能二期,所在楼层地下室 (共0层),房屋朝向南,,建筑面积12.9㎡,,20万,15504元/平米,未知年建
金牛万达A组团,所在楼层地下室 (共0层),房屋朝向东,,建筑面积32.46㎡,,16万,4930元/平米,2012年
西岸观邸,所在楼层地下室 (共0层),房屋朝向东南,,建筑面积34.07㎡,,18万,5284元/平米,2013年
水韵天府,所在楼层地下室 (共0层),房屋朝向南,,建筑面积31.67㎡,,10万,3158元/平米,2006年
富丽碧蔓汀,所在楼层地下室 (共0层),房屋朝向南,,建筑面积35.23㎡,,20万,5677元/平米,未知年建
翡翠海湾,所在楼层地下室 (共0层),房屋朝向东,,建筑面积33.64㎡,,15万,4459元/平米,未知年建
欧波罗,1室1厅1厨1卫,42.18㎡,,中楼层 (共19层),东南,62万,14699元/平米,2008年
九峰花园,2室2厅1厨1卫,72.91㎡,,中楼层 (共32层),东,105万,14402元/平米,2013年
锦城名都,所在楼层地下室 (共0层),房屋朝向东,,建筑面积25.02㎡,,17万,6795元/平米,未知年建
尚锦城,所在楼层地下室 (共0层),房屋朝向南,,建筑面积36.35㎡,,10万,2752元/平米,未知年建
香木林加州国际,所在楼层地下室 (共1层),房屋朝向东,,建筑面积31.07㎡,,15万,4828元/平米,2009年
仁和迎宾,所在楼层地下室 (共1层),房屋朝向东南,,建筑面积35㎡,,9万,2572元/平米,2003年
水韵天府,所在楼层地下室 (共0层),房屋朝向东,,建筑面积32.99㎡,,9万,2729元/平米,2006年
保利梧桐语,所在楼层地下室 (共1层),房屋朝向东北,,建筑面积32.22㎡,,14万,4346元/平米,未知年建
馨宁居一期,1室1厅1厨1卫,52.58㎡,,低楼层 (共7层),东北,170万,32332元/平米,未知年建/
西线阳光,所在楼层地下室 (共1层),房屋朝向东,,建筑面积28.89㎡,,11万,3808元/平米,未知年建
万科金域西岭,所在楼层地下室 (共0层),房屋朝向东南,,建筑面积44.59㎡,,17万,3813元/平米,未知年建
香山苑,所在楼层地下室 (共0层),房屋朝向南,,建筑面积31.12㎡,,14万,4499元/平米,未知年建
金城丽景,所在楼层地下室 (共1层),房屋朝向东南,,建筑面积26.48㎡,,15万,5665元/平米,2004年
金牛花园,所在楼层地下室 (共1层),房屋朝向西南,,建筑面积36.01㎡,,11万,3055元/平米,2009年
龙湖北城天街一期,所在楼层地下室 (共0层),房屋朝向东,,建筑面积28.88㎡,,12万,4156元/平米,2012年
恒大西锦城,所在楼层地下室 (共0层),房屋朝向北,,建筑面积39.03㎡,,16.5万,4228元/平米,未知年建
金牛花园,所在楼层地下室 (共1层),房屋朝向南,,建筑面积24.91㎡,,9.5万,3814元/平米,2009年
金奥苑,所在楼层地下室 (共0层),房屋朝向东南,,建筑面积19.47㎡,,15万,7705元/平米,未知年建
顶峰水岸汇景,所在楼层地下室 (共0层),房屋朝向东南,,建筑面积34.12㎡,,35万,10258元/平米,2008年
锦城名都,所在楼层地下室 (共0层),房屋朝向东南,,建筑面积55.04㎡,,28万,5088元/平米,2009年
保利梧桐语,所在楼层地下室 (共1层),房屋朝向东南,,建筑面积32.22㎡,,15万,4656元/平米,未知年建
西城天下,所在楼层地下室 (共1层),房屋朝向南,,建筑面积47.42㎡,,23万,4851元/平米,未知年建
恒大西锦城,所在楼层地下室 (共0层),房屋朝向南,,建筑面积39.03㎡,,16万,4100元/平米,未知年建
尚锦城,所在楼层地下室 (共0层),房屋朝向南,,建筑面积36.35㎡,,14万,3852元/平米,未知年建
恒大西锦城,所在楼层地下室 (共0层),房屋朝向南,,建筑面积40.6㎡,,16万,3941元/平米,未知年建
水韵天府,所在楼层地下室 (共0层),房屋朝向南,,建筑面积30㎡,,9万,3000元/平米,2006年
仁和迎宾,所在楼层地下室 (共1层),房屋朝向东,,建筑面积38.87㎡,,10万,2573元/平米,2003年
龙门镇,1室1厅1厨1卫,55.31㎡,,高楼层 (共33层),东,110万,19888元/平米,2013年
金牛花园,所在楼层地下室 (共1层),房屋朝向南,,建筑面积36.01㎡,,11万,3055元/平米,2009年
万科金域西岭,所在楼层地下室 (共0层),房屋朝向东南,,建筑面积33.47㎡,,15万,4482元/平米,未知年建
龙湖北城天街二期,所在楼层地下室 (共0层),房屋朝向南,,建筑面积35.22㎡,,11万,3124元/平米,2013年
仁和迎宾,所在楼层地下室 (共1层),房屋朝向东,,建筑面积38.87㎡,,10万,2573元/平米,2003年
龙门镇,1室1厅1厨1卫,55.31㎡,,高楼层 (共33层),东,110万,19888元/平米,2013年
金牛花园,所在楼层地下室 (共1层),房屋朝向南,,建筑面积36.01㎡,,11万,3055元/平米,2009年
交大智能六期,2室1厅1厨1卫,55.84㎡,,高楼层 (共7层),南,111.8万,20022元/平米,2000年
西岸观邸,所在楼层地下室 (共0层),房屋朝向东,,建筑面积34.07㎡,,20万,5871元/平米,2013年
万科金域西岭,所在楼层地下室 (共0层),房屋朝向东南,,建筑面积24.16㎡,,13.8万,5712元/平米,未知年建
状元府邸,3室1厅1厨1卫,99.25㎡,,低楼层 (共31层),西南,170万,17129元/平米,2008年
中铁马家公馆,所在楼层地下室 (共1层),房屋朝向南,,建筑面积49.44㎡,,20万,4046元/平米,未知年建
白鸽岛尚,所在楼层地下室 (共0层),房屋朝向东,,建筑面积36.32㎡,,10.5万,2891元/平米,未知年建
御都花园别墅,5室2厅1厨3卫,304㎡,,中楼层 (共4层),西南,450万,14803元/平米,2004年
三和花园,3室2厅1厨2卫,158㎡,,低楼层 (共7层),东南,320万,20254元/平米,2001年
新世界丽晶花园,1室0厅1厨1卫,46.77㎡,,低楼层 (共12层),西北,72万,15395元/平米,2003年
蓝光花满庭一期,所在楼层地下室 (共0层),房屋朝向南,,建筑面积20㎡,,12.5万,6250元/平米,2009年
欣园,4室2厅1厨2卫,185.9㎡,,高楼层 (共7层),北,286万,15385元/平米,1998年
金罗路3号,2室2厅1厨1卫,115㎡,,高楼层 (共6层),南,163万,14174元/平米,1998年
欧波罗,1室1厅1厨1卫,41.68㎡,,中楼层 (共19层),南,62万,14876元/平米,2008年
营和街60号,2室2厅1厨1卫,78.5㎡,,高楼层 (共7层),东南,92万,11720元/平米,1995年
惠民苑,2室1厅1厨1卫,77.4㎡,,高楼层 (共7层),南,108万,13954元/平米,2000年
锦西国际,1室1厅1厨1卫,34.69㎡,,低楼层 (共22层),北,45万,12973元/平米,2008年
青羊北路7号,2室1厅1厨1卫,72.79㎡,,高楼层 (共8层),南,125万,17173元/平米,未知年建
红花东路22号,2室1厅1厨1卫,53㎡,,高楼层 (共7层),南 西南,71万,13397元/平米,未知年建/
晓初公寓,9室0厅9厨9卫,260.17㎡,,中楼层 (共7层),东南,230万,8841元/平米,2000年
嘉恒商寓,3室2厅1厨2卫,149.08㎡,,中楼层 (共7层),东南,210万,14087元/平米,2000年
富丽碧蔓汀,所在楼层地下室 (共0层),房屋朝向东,,建筑面积35.23㎡,,19万,5394元/平米,未知年建
现代城,2室1厅1厨1卫,78.39㎡,,高楼层 (共31层),西南,148万,18880元/平米,2014年
西城天下,3室1厅1厨2卫,125.06㎡,,低楼层 (共31层),东北,210万,16792元/平米,2009年
锦城名都,3室2厅1厨1卫,114.95㎡,,高楼层 (共33层),东南,253万,22010元/平米,2009年
龙湖北城天街一期,1室0厅1厨1卫,39.5㎡,,低楼层 (共18层),东南,60万,15190元/平米,2012年
德意馨苑,3室2厅1厨2卫,138.45㎡,,中楼层 (共6层),南,221.5万,15999元/平米,2003年
蓝光花满庭一期,3室2厅1厨1卫,86.67㎡,,高楼层 (共21层),北,155万,17884元/平米,2009年
香山苑,2室1厅1厨1卫,82㎡,,低楼层 (共23层),东北,125万,15244元/平米,2007年
西岸观邸,所在楼层地下室 (共0层),房屋朝向东,,建筑面积21.8㎡,,14万,6423元/平米,2013年
万达SOHO公寓,1室0厅0厨0卫,58.72㎡,,高楼层 (共38层),南,70.5万,12007元/平米,2013年
万达SOHO公寓,1室0厅0厨1卫,36.18㎡,,高楼层 (共38层),南,43.5万,12024元/平米,2013年
万达SOHO公寓,1室0厅0厨0卫,44.95㎡,,高楼层 (共38层),北,54万,12014元/平米,2013年
路劲高家庄,1室0厅1厨1卫,29.76㎡,,中楼层 (共21层),东 东南,48万,16130元/平米,未知年建/
西岸观邸,所在楼层地下室 (共0层),房屋朝向东,,建筑面积32.7㎡,,14.5万,4435元/平米,2013年
万科金域西岭,所在楼层地下室 (共0层),房屋朝向东南,,建筑面积25㎡,,14.8万,5920元/平米,未知年建
西岸观邸,所在楼层地下室 (共0层),房屋朝向东南,,建筑面积34.07㎡,,15万,4403元/平米,2013年
三和花园,2室2厅1厨1卫,111.43㎡,,中楼层 (共7层),东南,165万,14808元/平米,2001年
荷花池公寓,3室2厅1厨2卫,132.43㎡,,中楼层 (共7层),南,160万,12082元/平米,2000年
金泉阳光雅新苑,1室1厅1厨1卫,47.53㎡,,中楼层 (共6层),东南,62万,13045元/平米,2008年
万科金域西岭,3室2厅1厨3卫,173㎡,,低楼层 (共34层),东南,350万,20232元/平米,2012年
两河锦地,2室1厅1厨1卫,77.37㎡,,高楼层 (共18层),东南,122万,15769元/平米,2009年
九里欣园,2室1厅1厨1卫,68㎡,,高楼层 (共6层),西南,130万,19118元/平米,2002年
兴元绿洲一期,1室1厅1厨1卫,41㎡,,中楼层 (共22层),东,66万,16098元/平米,2007年
泰逸美景,2室2厅1厨2卫,97.11㎡,,高楼层 (共11层),东南,160万,16477元/平米,2005年
天彩菁华,1室0厅1厨1卫,37.2㎡,,中楼层 (共6层),南,55.8万,15000元/平米,2003年
德意馨苑,4室2厅1厨3卫,112.47㎡,,高楼层 (共6层),东,222万,19739元/平米,2003年
金牛万达B组团,2室2厅1厨1卫,69.53㎡,,高楼层 (共32层),东南,142万,20423元/平米,2012年
状元府邸,2室1厅1厨1卫,69.08㎡,,高楼层 (共31层),东南 南,130万,18819元/平米,2008年
映日荷花,2室2厅1厨1卫,86.95㎡,,高楼层 (共22层),南,139万,15987元/平米,2009年
金都花园,4室3厅1厨3卫,231.19㎡,,低楼层 (共10层),东南,380万,16437元/平米,2003年
西岸观邸,所在楼层地下室 (共0层),房屋朝向东,,建筑面积65.41㎡,,24万,3670元/平米,2013年
上品优空间,1室0厅1厨1卫,50.55㎡,,中楼层 (共11层),东南,43.6万,8626元/平米,2006年
西岸观邸,所在楼层地下室 (共0层),房屋朝向东南,,建筑面积65.41㎡,,25万,3823元/平米,2013年
五里墩东路18号,1室0厅0厨0卫,80.83㎡,,高楼层 (共7层),东南,100万,12372元/平米,2002年
龙湖北城天街一期,所在楼层地下室 (共0层),房屋朝向南,,建筑面积20.97㎡,,7.5万,3577元/平米,2012年
明阳家在回廊,2室2厅1厨1卫,75.58㎡,,低楼层 (共7层),南,130万,17201元/平米,2002年
百仁安盛,3室2厅1厨1卫,145.29㎡,,低楼层 (共18层),东南,200万,13766元/平米,2008年
曦城,所在楼层地下室 (共0层),房屋朝向西,,建筑面积31.36㎡,,25万,7972元/平米,未知年建
曦城,所在楼层地下室 (共0层),房屋朝向南,,建筑面积31.36㎡,,16万,5103元/平米,未知年建
曦城,所在楼层地下室 (共0层),房屋朝向东南,,建筑面积53.94㎡,,20万,3708元/平米,未知年建
泉水北苑,1室1厅1厨1卫,49.6㎡,,中楼层 (共6层),西南,58万,11694元/平米,2003年
兴元绿洲一期,1室1厅1厨1卫,44.15㎡,,低楼层 (共22层),东,56万,12685元/平米,2007年
路劲高家庄,2室1厅1厨1卫,49.42㎡,,低楼层 (共22层),南 西南,67万,13558元/平米,未知年建/
西锦国际一期,所在楼层地下室 (共0层),房屋朝向东南,,建筑面积48.37㎡,,14万,2895元/平米,未知年建
富丽碧蔓汀,所在楼层地下室 (共0层),房屋朝向东,,建筑面积35.3㎡,,18万,5100元/平米,未知年建
西锦国际一期,所在楼层地下室 (共0层),房屋朝向西南,,建筑面积43.19㎡,,14万,3242元/平米,未知年建
西锦国际一期,所在楼层地下室 (共0层),房屋朝向西南,,建筑面积43.19㎡,,14万,3242元/平米,未知年建
西锦国际一期,所在楼层地下室 (共0层),房屋朝向东,,建筑面积39.73㎡,,13.5万,3398元/平米,未知年建
香江岸,3室2厅1厨1卫,126.35㎡,,中楼层 (共18层),南,160万,12664元/平米,2009年
龙湖北城天街二期,3室2厅1厨1卫,105㎡,,低楼层 (共23层),东,268万,25524元/平米,2013年
西城星座,2室2厅1厨2卫,88.95㎡,,高楼层 (共18层),东南,130万,14615元/平米,2007年
曦城,1室1厅1厨1卫,49.9㎡,,低楼层 (共33层),东南,96万,19239元/平米,2009年
蓝光花满庭一期,所在楼层地下室 (共0层),房屋朝向南,,建筑面积29.7㎡,,13万,4378元/平米,2009年
龙湖北城天街二期,3室1厅1厨2卫,129.16㎡,,高楼层 (共6层),东南,323万,25008元/平米,2013年
华明庭院,2室2厅1厨2卫,98.65㎡,,低楼层 (共7层),南,135万,13685元/平米,2002年
水韵天府,所在楼层地下室 (共0层),房屋朝向东,,建筑面积32.99㎡,,10万,3032元/平米,2006年
蓝光花满庭一期,所在楼层地下室 (共0层),房屋朝向东,,建筑面积29.7㎡,,11万,3704元/平米,2009年
交通巷36号,2室1厅1厨1卫,53.71㎡,,中楼层 (共7层),东北,76万,14151元/平米,1990年
益民苑,2室2厅1厨1卫,80.89㎡,,中楼层 (共7层),东南,118万,14588元/平米,1998年
凯瑞花都,所在楼层地下室 (共0层),房屋朝向东北,,建筑面积25.93㎡,,22万,8485元/平米,未知年建
富丽碧蔓汀,所在楼层地下室 (共0层),房屋朝向东南,,建筑面积24.37㎡,,18万,7387元/平米,未知年建
千和银杏花苑,所在楼层低楼层 (共1层),房屋朝向南,,建筑面积27.7㎡,,30万,10831元/平米,未知年建
水韵天府,所在楼层地下室 (共0层),房屋朝向东 东南,,建筑面积29.38㎡,,8万,2723元/平米,2006年
西锦国际一期,所在楼层地下室 (共0层),房屋朝向西南,,建筑面积30.33㎡,,15万,4946元/平米,未知年建
西锦国际一期,所在楼层地下室 (共0层),房屋朝向东南,,建筑面积45.49㎡,,20万,4397元/平米,未知年建
绿杨邨,所在楼层地下室 (共1层),房屋朝向东南,,建筑面积16㎡,,20万,12500元/平米,未知年建
菁华园,1室0厅1厨1卫,37.65㎡,,低楼层 (共6层),东南,60万,15937元/平米,2001年
爱民路124号,2室1厅1厨1卫,84.18㎡,,高楼层 (共7层),南,115万,13662元/平米,1991年
三九绿城,所在楼层地下室 (共0层),房屋朝向东,,建筑面积28.97㎡,,13万,4488元/平米,未知年建
金桔花园一期,3室2厅1厨2卫,119.8㎡,,高楼层 (共7层),东南,152万,12688元/平米,2000年
西城天下,3室2厅1厨2卫,125.06㎡,,中楼层 (共31层),东南,260万,20791元/平米,2009年
明苑公寓,3室2厅1厨2卫,156.78㎡,,高楼层 (共7层),东南,185万,11800元/平米,2000年
香山苑,所在楼层地下室 (共0层),房屋朝向东南,,建筑面积37.12㎡,,15万,4041元/平米,未知年建
欧美苑,2室1厅1厨1卫,86.59㎡,,低楼层 (共9层),东南,110万,12704元/平米,2003年
信禾人家,3室2厅1厨2卫,138.41㎡,,中楼层 (共6层),南,193万,13945元/平米,2004年
金沙逸苑,1室1厅1厨1卫,46.53㎡,,中楼层 (共7层),西南,60万,12895元/平米,2003年
香木林加州国际,所在楼层地下室 (共1层),房屋朝向南,,建筑面积31.07㎡,,15万,4828元/平米,2009年
抚琴西南街45号,2室1厅1厨1卫,65.57㎡,,低楼层 (共6层),南,80万,12201元/平米,1995年
