南湖国际社区,3室2厅1厨3卫,160.12㎡,,高楼层 (共34层),南,258万,16113元/平米,2010年
宏信南樾,4室1厅1厨2卫,132.9㎡,,低楼层 (共26层),南 西南,248万,18661元/平米,2007年
麓山国际拉佩维尔,4室2厅1厨3卫,240㎡,,中楼层 (共5层),装修情况毛坯,480万,20000元/平米,2006年
御景台,2室2厅1厨1卫,81.41㎡,,中楼层 (共16层),南,150万,18426元/平米,2005年
南湖国际社区,3室2厅1厨2卫,120.06㎡,,低楼层 (共34层),东,192万,15993元/平米,2010年
华阳滨河花园,3室2厅1厨2卫,132.16㎡,,高楼层 (共6层),东南,185万,13999元/平米,2003年
蓝岸丽景,2室1厅1厨1卫,96.82㎡,,高楼层 (共18层),西,142万,14667元/平米,2009年
南湖国际社区一期,2室1厅1厨1卫,77.43㎡,,中楼层 (共34层),西南 西,145万,18727元/平米,2010年
新鸿基悦城,3室2厅1厨2卫,151.25㎡,,中楼层 (共30层),西北,290万,19174元/平米,2012年
蜀郡,3室2厅1厨2卫,118.4㎡,,低楼层 (共18层),南,230万,19426元/平米,2010年
府河音乐花园,4室3厅1厨3卫,167.93㎡,,高楼层 (共6层),西南,185万,11017元/平米,2001年
麓山国际茵特拉肯A,4室2厅1厨2卫,160㎡,,低楼层 (共18层),南,286万,17875元/平米,2016年
雅居乐花园,4室3厅1厨3卫,172.57㎡,,低楼层 (共30层),西南,230万,13328元/平米,2010年
凯莱丽景雅筑,3室2厅1厨2卫,147.29㎡,,中楼层 (共6层),东南,210万,14258元/平米,2007年
锦华苑,2室2厅1厨1卫,90.13㎡,,低楼层 (共6层),西,105万,11650元/平米,2004年
慕和南道,2室2厅1厨1卫,79.94㎡,,高楼层 (共26层),北,145万,18139元/平米,2010年
御景台,2室2厅1厨1卫,84.64㎡,,高楼层 (共16层),南,158万,18668元/平米,2005年
府河音乐花园,5室2厅1厨3卫,167.93㎡,,低楼层 (共6层),南,260万,15483元/平米,2001年
戛纳湾滨江,5室2厅1厨4卫,175.77㎡,,中楼层 (共32层),西北,293万,16670元/平米,2010年
利通出水芙蓉,3室2厅1厨1卫,93.36㎡,,中楼层 (共6层),东南,158万,16924元/平米,2005年
黄金海岸,3室2厅1厨2卫,126.28㎡,,高楼层 (共6层),南 北,170万,13463元/平米,2003年
佳兆业君汇上品,3室2厅1厨2卫,105.55㎡,,高楼层 (共33层),西南,182万,17244元/平米,2013年
万科海悦汇城西区,2室1厅1厨1卫,62.54㎡,,低楼层 (共35层),西北,143万,22866元/平米,2015年
蜀郡,4室2厅1厨2卫,173.83㎡,,高楼层 (共4层),南,350万,20135元/平米,2010年
南阳盛世二期,2室1厅1厨1卫,75.52㎡,,中楼层 (共26层),东南,108万,14301元/平米,2011年
金茂光明城市,4室2厅1厨2卫,127.78㎡,,中楼层 (共33层),西 北,230万,18000元/平米,2016年
恒大天府半岛一期,5室2厅1厨2卫,245.04㎡,,低楼层 (共17层),西南,366万,14937元/平米,2017年
蓝岸丽景,2室2厅1厨1卫,94.33㎡,,高楼层 (共18层),南,150万,15902元/平米,2009年
南湖国际社区,3室2厅1厨2卫,160.12㎡,,低楼层 (共34层),南,260万,16238元/平米,2010年
南湖国际社区,3室2厅1厨2卫,134.62㎡,,中楼层 (共34层),东,207万,15377元/平米,2010年
远光水印城,3室2厅1厨2卫,117.69㎡,,低楼层 (共35层),东北,190万,16145元/平米,2009年
阳光华苑,5室2厅1厨2卫,175.8㎡,,低楼层 (共5层),东南,280万,15928元/平米,2008年
雅居乐花园,3室2厅1厨2卫,129.16㎡,,低楼层 (共18层),南,180万,13937元/平米,2009年
华阳滨河花园,3室2厅1厨2卫,113.32㎡,,高楼层 (共6层),西南,150万,13237元/平米,2003年
恒大名都,3室2厅1厨2卫,104.19㎡,,高楼层 (共31层),西南,190万,18236元/平米,2012年
福泽花苑,3室1厅1厨1卫,89.8㎡,,高楼层 (共6层),东,103万,11470元/平米,未知年建
恒大名都,2室1厅1厨1卫,75.48㎡,,高楼层 (共31层),东,142万,18813元/平米,2012年
恒大名都,2室2厅1厨1卫,72.72㎡,,中楼层 (共31层),东 西,140万,19252元/平米,2012年
地源吾舍,2室2厅1厨1卫,98.7㎡,,中楼层 (共11层),西南,130万,13172元/平米,2002年
成南领寓,2室2厅1厨1卫,90.93㎡,,中楼层 (共31层),西,100万,10998元/平米,未知年建/
新鸿基悦城,3室2厅1厨2卫,141.82㎡,,低楼层 (共31层),东 南,275万,19391元/平米,2011年
欣宇都市港湾,3室2厅1厨2卫,110.37㎡,,低楼层 (共16层),东,165万,14950元/平米,2010年
恒大名都,3室2厅1厨2卫,124㎡,,低楼层 (共31层),南,205万,16533元/平米,2012年
恒大名都,2室1厅1厨1卫,73㎡,,低楼层 (共32层),东南,150万,20548元/平米,2012年
左岸花都,3室2厅1厨2卫,139.21㎡,,低楼层 (共6层),南 北,212万,15229元/平米,2003年
万科海悦汇城西区,4室2厅1厨2卫,124.99㎡,,高楼层 (共44层),东南,235万,18802元/平米,2015年
万科海悦汇城西区,2室2厅1厨1卫,62.34㎡,,高楼层 (共27层),西,145万,23260元/平米,2015年
成南领寓,1室1厅1厨1卫,42.59㎡,,低楼层 (共31层),北,40万,9392元/平米,2008年
雅居乐花园,3室2厅1厨2卫,120.27㎡,,中楼层 (共18层),西南 东北,200万,16630元/平米,2009年
南湖国际社区一期,2室2厅1厨1卫,76.58㎡,,低楼层 (共34层),西,142万,18543元/平米,2010年
万科海悦汇城西区,2室1厅1厨1卫,58.83㎡,,高楼层 (共35层),北,143万,24308元/平米,2015年
慕和南道,2室2厅1厨1卫,76.2㎡,,高楼层 (共18层),东南,146万,19161元/平米,2010年
麓山国际拉佩维尔,4室2厅1厨2卫,240.11㎡,,中楼层 (共5层),装修情况其他,480万,19991元/平米,2006年
黄金海岸,3室2厅1厨2卫,191㎡,,中楼层 (共6层),南,250万,13090元/平米,2003年
麓山国际塞尔维蒙,5室2厅1厨2卫,190.78㎡,,高楼层 (共4层),装修情况其他,496万,25999元/平米,2008年
华阳滨河花园,3室2厅1厨2卫,113㎡,,低楼层 (共6层),南,166万,14691元/平米,2003年
宏达世纪锦城,4室2厅1厨2卫,134.55㎡,,低楼层 (共32层),东南,280万,20811元/平米,2012年
南湖国际社区,4室2厅1厨4卫,234.94㎡,,低楼层 (共34层),西南,460万,19580元/平米,2010年
洛森堡,4室2厅1厨2卫,112.64㎡,,中楼层 (共34层),北,199万,17667元/平米,2009年
蜀郡,3室2厅1厨2卫,127.45㎡,,中楼层 (共4层),南,285万,22362元/平米,2010年
地源吾舍,3室2厅1厨1卫,85.04㎡,,中楼层 (共18层),东,130万,15287元/平米,2002年
戛纳湾滨江,3室2厅1厨2卫,89.19㎡,,高楼层 (共32层),东南,170万,19061元/平米,2010年
凯华丽景,3室1厅1厨1卫,120.66㎡,,高楼层 (共20层),东南,188万,15581元/平米,2009年
南湖国际社区,2室2厅1厨1卫,86.16㎡,,中楼层 (共34层),东北,156万,18106元/平米,2010年
万科海悦汇城西区,2室2厅1厨1卫,57.04㎡,,高楼层 (共35层),东南 东北,142万,24895元/平米,2015年
南湖国际社区一期,2室1厅1厨1卫,76.07㎡,,高楼层 (共34层),东,140万,18405元/平米,2010年
万科海悦汇城东区,2室1厅1厨1卫,58.81㎡,,中楼层 (共35层),东,145万,24656元/平米,2014年
四川省地矿局区域地质调查队宿舍,3室2厅1厨1卫,71.59㎡,,低楼层 (共7层),东北,76万,10617元/平米,2000年
南阳盛世,2室2厅1厨1卫,83.22㎡,,高楼层 (共32层),西北,136万,16343元/平米,2011年
麓山国际半月湾,4室2厅1厨3卫,209.65㎡,,低楼层 (共32层),西南,340万,16218元/平米,2013年
心怡德盛苑,4室2厅1厨2卫,224㎡,,中楼层 (共10层),南,300万,13393元/平米,2007年
麓山国际塞尔维蒙,3室2厅1厨2卫,186.42㎡,,高楼层 (共4层),装修情况其他,360万,19312元/平米,2008年
麓山国际茵特拉肯B区,4室2厅2厨3卫,226.39㎡,,高楼层 (共29层),东南 西北,385万,17007元/平米,2006年
蓝山美树,4室2厅1厨2卫,159.29㎡,,中楼层 (共5层),东南,350万,21973元/平米,2009年
怡瑞苑,4室2厅1厨2卫,164.35㎡,,高楼层 (共6层),东北,145万,8823元/平米,未知年建/
凯华丽景,4室2厅1厨2卫,155㎡,,高楼层 (共20层),东南,255万,16452元/平米,2009年
雅居乐花园,3室2厅1厨2卫,139.43㎡,,高楼层 (共18层),东北,198万,14201元/平米,2009年
南阳盛世,3室2厅1厨2卫,122.12㎡,,低楼层 (共27层),东南,183万,14986元/平米,2011年
利通出水芙蓉,3室2厅2厨2卫,124.64㎡,,高楼层 (共6层),西北,190万,15244元/平米,2005年
麓山国际塞尔维蒙,3室2厅1厨2卫,134.66㎡,,中楼层 (共4层),装修情况其他,290万,21536元/平米,2008年
利通出水芙蓉,1室1厅1厨1卫,47.19㎡,,高楼层 (共6层),西南,88万,18649元/平米,2005年
御景台,3室2厅1厨2卫,132㎡,,低楼层 (共16层),南 北,230万,17425元/平米,2005年
雅居乐花园,4室2厅1厨2卫,184.52㎡,,低楼层 (共30层),东北,239万,12953元/平米,2010年
阳光华苑,3室2厅1厨3卫,143.41㎡,,中楼层 (共5层),东南,290万,20222元/平米,2008年
麓山印象,3室2厅1厨2卫,117.91㎡,,低楼层 (共9层),南,170万,14418元/平米,2013年
雅居乐花园,3室2厅1厨2卫,121.29㎡,,低楼层 (共30层),东北,160万,13192元/平米,2010年
远光水印城,3室2厅1厨2卫,139.21㎡,,高楼层 (共35层),西北,230万,16522元/平米,2009年
恒大名都,2室2厅1厨1卫,75.42㎡,,中楼层 (共32层),西南 西,150万,19889元/平米,2012年
恒大天府半岛一期,3室2厅1厨2卫,136.74㎡,,中楼层 (共33层),西南,260万,19015元/平米,2017年
万科海悦汇城东区,2室2厅1厨1卫,58.81㎡,,低楼层 (共35层),南,135万,22956元/平米,2014年
成南领寓,1室0厅0厨1卫,53.87㎡,,中楼层 (共31层),南,43万,7983元/平米,2008年
三和南庭,3室2厅1厨2卫,116.07㎡,,低楼层 (共6层),南,175万,15078元/平米,2005年
慕和南道,3室2厅1厨2卫,105.56㎡,,高楼层 (共26层),南,200万,18947元/平米,2010年
麓山国际茵特拉肯B区,4室1厅1厨4卫,176.73㎡,,低楼层 (共26层),南,398万,22521元/平米,2006年
金茂光明城市,2室1厅1厨1卫,80.09㎡,,高楼层 (共33层),东 西,165万,20602元/平米,2016年
佳兆业君汇上品,3室2厅1厨1卫,86㎡,,高楼层 (共25层),西,165万,19187元/平米,2013年
凯莱丽景雅筑,3室2厅1厨2卫,139.66㎡,,中楼层 (共6层),东南,240万,17185元/平米,2007年
金茂光明城市,4室2厅1厨2卫,141.47㎡,,高楼层 (共33层),东南,305万,21560元/平米,2016年
利通出水芙蓉,4室3厅1厨2卫,172.17㎡,,高楼层 (共6层),西南,238万,13824元/平米,2005年
成南领寓,1室0厅1厨1卫,42.36㎡,,低楼层 (共31层),南,50万,11804元/平米,2008年
阳光华苑,4室2厅1厨2卫,138㎡,,低楼层 (共5层),南,260万,18841元/平米,2008年
南阳盛世,3室2厅1厨2卫,109.4㎡,,高楼层 (共30层),东南,165万,15083元/平米,2011年
利通出水芙蓉,1室1厅1厨1卫,44.6㎡,,高楼层 (共6层),南,76万,17041元/平米,2005年
府河音乐花园,5室2厅1厨4卫,260.92㎡,,中楼层 (共5层),东,410万,15714元/平米,2001年
府河音乐花园,5室3厅1厨4卫,263㎡,,中楼层 (共5层),南,380万,14449元/平米,2001年
万科海悦汇城西区,2室2厅1厨1卫,57.05㎡,,中楼层 (共35层),东,138万,24190元/平米,2015年
南阳锦城,3室2厅1厨2卫,151.43㎡,,低楼层 (共6层),南,208万,13736元/平米,2008年
御景台,2室2厅1厨1卫,83.2㎡,,低楼层 (共16层),南,155万,18630元/平米,2005年
凯华丽景,3室1厅1厨2卫,123.45㎡,,中楼层 (共20层),北,253万,20495元/平米,2009年
恒大名都,2室2厅1厨1卫,73㎡,,中楼层 (共31层),东,138万,18905元/平米,2012年
南阳锦城晶品,2室2厅1厨1卫,73.57㎡,,高楼层 (共14层),南,146.5万,19914元/平米,2012年
欣宇都市港湾,3室2厅1厨2卫,104.3㎡,,中楼层 (共12层),北,168万,16108元/平米,2010年
麓山国际茵特拉肯B区,3室2厅1厨3卫,225.82㎡,,高楼层 (共27层),南,450万,19928元/平米,2006年
阳光华庭,4室2厅1厨2卫,179.36㎡,,高楼层 (共6层),西南,228万,12712元/平米,2005年
麓山国际帕萨迪纳1组,2室1厅1厨1卫,93.13㎡,,低楼层 (共6层),东南,300万,32214元/平米,2006年
蓝岸丽景,3室2厅1厨2卫,125.1㎡,,低楼层 (共18层),东南,155万,12391元/平米,2009年
恒大名都,2室2厅1厨1卫,72.72㎡,,低楼层 (共31层),东南,145万,19940元/平米,2012年
蓝岸丽景,3室2厅1厨2卫,125.1㎡,,低楼层 (共18层),东南,155万,12391元/平米,2009年
万科海悦汇城西区,2室2厅1厨1卫,62.4㎡,,低楼层 (共35层),北,135万,21635元/平米,2015年
左岸花都,5室2厅1厨4卫,193.17㎡,,高楼层 (共4层),南,320万,16566元/平米,2003年
南湖国际社区,3室2厅1厨2卫,129㎡,,高楼层 (共34层),北,245万,18993元/平米,2010年
御景台,2室1厅1厨1卫,86.86㎡,,高楼层 (共16层),南,148万,17039元/平米,2005年
慕和南道,3室2厅1厨2卫,140.11㎡,,中楼层 (共26层),东 西,298万,21270元/平米,2010年
恒大名都,3室2厅1厨1卫,87.17㎡,,中楼层 (共32层),东南,175万,20076元/平米,2012年
华阳教师苑,3室2厅1厨1卫,108.53㎡,,高楼层 (共6层),南,120万,11057元/平米,未知年建/
金茂光明城市,3室2厅1厨1卫,89.74㎡,,低楼层 (共33层),东,210万,23401元/平米,2016年
恒大天府半岛一期,4室2厅1厨2卫,190.93㎡,,中楼层 (共18层),北,320万,16761元/平米,2017年
滨江公寓,4室2厅1厨2卫,180.8㎡,,高楼层 (共6层),南 北,215万,11892元/平米,未知年建/
蓝山美树,3室2厅1厨2卫,195㎡,,中楼层 (共4层),南,580万,29744元/平米,2009年
华阳镇广福社区,4室2厅1厨3卫,178.65㎡,,中楼层 (共5层),南,210万,11755元/平米,未知年建/
宏信南樾,3室2厅2厨2卫,123㎡,,低楼层 (共26层),西南,220万,17887元/平米,2007年
麓山国际茵特拉肯B区,3室2厅2厨3卫,224.84㎡,,低楼层 (共29层),南,380万,16901元/平米,2006年
宏信南樾,3室2厅1厨1卫,93.52㎡,,中楼层 (共26层),南,155万,16574元/平米,2007年
鸿阁新座,2室1厅1厨1卫,58.88㎡,,高楼层 (共29层),西,135万,22928元/平米,2013年
南阳锦城,3室2厅1厨2卫,130.15㎡,,高楼层 (共6层),东 西,183万,14061元/平米,2008年
景茂城果,2室2厅1厨1卫,72.22㎡,,低楼层 (共18层),东,154万,21324元/平米,2012年
麓山国际茵特拉肯B区,4室2厅2厨5卫,255.4㎡,,高楼层 (共27层),南,520万,20361元/平米,2006年
碧桂园海昌天澜,4室2厅1厨4卫,240.3㎡,,低楼层 (共3层),装修情况其他,380万,15814元/平米,2016年
南湖国际社区一期,2室1厅1厨1卫,84㎡,,高楼层 (共34层),东,160万,19048元/平米,2010年
宏信南樾,3室1厅1厨1卫,109.38㎡,,低楼层 (共26层),东南,180万,16457元/平米,2007年
麓山国际塞尔维蒙,3室2厅1厨2卫,134.66㎡,,中楼层 (共4层),装修情况毛坯,256万,19011元/平米,2008年
慕和南道,3室2厅1厨2卫,105.59㎡,,中楼层 (共26层),南,230万,21783元/平米,2010年
远光水印城,3室2厅1厨2卫,109.91㎡,,低楼层 (共35层),东南,220万,20017元/平米,2009年
宏达世纪锦城,2室1厅1厨1卫,77.94㎡,,低楼层 (共32层),东,156万,20016元/平米,2012年
锦官丽城亲水湾,3室2厅1厨2卫,131.89㎡,,高楼层 (共6层),东南,208万,15771元/平米,未知年建/
鸿阁新座,2室1厅1厨1卫,58.52㎡,,高楼层 (共29层),东,138万,23582元/平米,2013年
麓山国际茵特拉肯B区,3室2厅1厨2卫,169㎡,,低楼层 (共29层),东南,340万,20119元/平米,2006年
佳兆业君汇上品,3室1厅1厨1卫,86.68㎡,,低楼层 (共33层),西,155万,17882元/平米,2013年
蜀郡,3室2厅1厨2卫,141.82㎡,,中楼层 (共4层),南,335万,23622元/平米,2010年
麓山国际半月湾,2室1厅1厨1卫,86.87㎡,,高楼层 (共18层),南,185万,21297元/平米,2013年
成南领寓,2室2厅1厨1卫,90.26㎡,,低楼层 (共31层),东,110万,12188元/平米,2008年
万科海悦汇城西区,2室1厅1厨1卫,56.88㎡,,中楼层 (共35层),东南,140万,24614元/平米,2015年
金茂光明城市,2室2厅1厨1卫,81.25㎡,,低楼层 (共33层),西北,155万,19077元/平米,2016年
万科海悦汇城西区,2室1厅1厨1卫,56.87㎡,,低楼层 (共35层),西南,140万,24618元/平米,2015年
鸿阁新座,2室2厅1厨1卫,58.88㎡,,中楼层 (共29层),西,130万,22079元/平米,2013年
阳光华庭,3室2厅1厨2卫,136.7㎡,,中楼层 (共6层),南,180万,13168元/平米,2005年
南湖国际社区一期,2室2厅1厨1卫,76.58㎡,,中楼层 (共34层),西,150万,19588元/平米,2010年
蜀郡又一城,3室1厅1厨1卫,97㎡,,低楼层 (共31层),北,202万,20825元/平米,2014年
万科海悦汇城西区,2室1厅1厨1卫,58.96㎡,,低楼层 (共35层),东南,140万,23745元/平米,2015年
双峰嶺,2室2厅1厨1卫,84.42㎡,,高楼层 (共28层),南,132万,15637元/平米,2012年
心怡中丝园,2室1厅1厨1卫,74.61㎡,,低楼层 (共33层),西,145万,19435元/平米,2015年
佳兆业君汇上品,3室1厅1厨2卫,110㎡,,中楼层 (共33层),西,192万,17455元/平米,2013年
恒大名都,2室2厅1厨1卫,78㎡,,高楼层 (共32层),北,136万,17436元/平米,2012年
华阳滨河花园,3室1厅1厨2卫,133.33㎡,,中楼层 (共6层),南,168万,12601元/平米,2003年
万科海悦汇城西区,2室2厅1厨1卫,52.88㎡,,高楼层 (共35层),西南,140万,26476元/平米,2015年
双华麓港,2室1厅1厨1卫,63.37㎡,,高楼层 (共26层),西,110万,17359元/平米,2009年
南湖世纪,2室2厅1厨1卫,71.42㎡,,高楼层 (共30层),东,120万,16803元/平米,2016年
茗景苑,3室2厅1厨2卫,113.2㎡,,低楼层 (共6层),南,136万,12015元/平米,未知年建/
南湖国际社区,4室2厅1厨2卫,141.13㎡,,低楼层 (共34层),南,220万,15589元/平米,2010年
南湖国际社区,4室2厅1厨3卫,234.99㎡,,低楼层 (共34层),南,328万,13959元/平米,2010年
成南领寓,3室2厅1厨2卫,119.1㎡,,中楼层 (共31层),南,152万,12763元/平米,未知年建/
万科海悦汇城东区,2室2厅1厨1卫,58.7㎡,,高楼层 (共34层),东南,145万,24702元/平米,2014年
阳光华苑,3室2厅1厨2卫,109㎡,,中楼层 (共4层),西,170万,15597元/平米,2008年
双华麓港,3室2厅1厨1卫,108.8㎡,,低楼层 (共26层),南,187万,17188元/平米,2009年
金南园,3室2厅1厨2卫,140.96㎡,,高楼层 (共6层),西北,154万,10926元/平米,2004年
麓山国际拉佩维尔,4室2厅1厨2卫,240.41㎡,,中楼层 (共5层),装修情况毛坯,430万,17887元/平米,2006年
景茂城果,2室1厅1厨1卫,52.09㎡,,高楼层 (共24层),北,110万,21118元/平米,2012年
新鸿基悦城,5室2厅1厨3卫,289.9㎡,,中楼层 (共31层),北,600万,20697元/平米,2011年
麓山国际拉佩维尔,4室2厅1厨4卫,234.79㎡,,中楼层 (共5层),装修情况其他,550万,23426元/平米,2006年
麓山国际茵特拉肯A,4室2厅1厨2卫,176.41㎡,,低楼层 (共18层),南,380万,21541元/平米,2016年
麓山国际茵特拉肯B区,5室2厅2厨5卫,255.77㎡,,低楼层 (共29层),南,550万,21504元/平米,2006年
青南美湾,2室2厅1厨1卫,72.88㎡,,低楼层 (共18层),西,130万,17838元/平米,未知年建/
金山角,3室2厅1厨2卫,128.43㎡,,高楼层 (共6层),南,120万,9344元/平米,未知年建/
麓山印象,4室1厅1厨2卫,167.42㎡,,中楼层 (共9层),东南,220万,13141元/平米,2013年
心怡紫晶城,3室2厅1厨2卫,131.27㎡,,低楼层 (共26层),东,195万,14855元/平米,2011年
六菱社区,3室2厅1厨2卫,137.29㎡,,中楼层 (共11层),东南,190万,13840元/平米,未知年建/
戛纳湾畔,3室2厅1厨2卫,112.69㎡,,低楼层 (共14层),东,181万,16062元/平米,2006年
黄金海岸,4室3厅1厨4卫,251.46㎡,,中楼层 (共5层),南,480万,19089元/平米,2003年
凯华丽景,3室2厅1厨2卫,114.64㎡,,高楼层 (共18层),西,218万,19017元/平米,2009年
佳兆业君汇上品,3室2厅1厨1卫,86.42㎡,,中楼层 (共33层),西,165万,19093元/平米,2013年
景茂城果,1室0厅0厨1卫,35.3㎡,,低楼层 (共25层),东,44.5万,12601元/平米,2012年
景茂城果,1室0厅0厨1卫,35.3㎡,,低楼层 (共25层),东,44.5万,12601元/平米,2012年
锦官丽城亲水湾,3室2厅1厨2卫,122.17㎡,,中楼层 (共6层),东,312万,25539元/平米,2006年
景茂城果,1室0厅0厨0卫,36.58㎡,,低楼层 (共25层),东,46.1万,12600元/平米,2012年
家益欣城,3室2厅1厨2卫,139㎡,,中楼层 (共6层),南,249万,17914元/平米,2010年
蜀郡,5室2厅1厨4卫,325.14㎡,,低楼层 (共3层),装修情况其他,460万,14148元/平米,2010年
石化家园,4室2厅1厨2卫,121.97㎡,,高楼层 (共33层),南,180万,14758元/平米,2011年
宏达世纪锦城,3室1厅1厨2卫,121.12㎡,,中楼层 (共32层),南,230万,18990元/平米,2012年
南湖国际社区,4室2厅1厨3卫,156.42㎡,,低楼层 (共33层),西,338万,21609元/平米,2010年
麓山国际茵特拉肯A,3室2厅1厨2卫,178㎡,,低楼层 (共18层),南,334万,18765元/平米,2016年
宏信南樾,3室2厅1厨1卫,109.39㎡,,低楼层 (共26层),南,165万,15084元/平米,2007年
金茂光明城市,4室2厅1厨2卫,123㎡,,低楼层 (共33层),东,235万,19106元/平米,2016年
金南园,4室2厅1厨2卫,162.02㎡,,高楼层 (共6层),南,175万,10802元/平米,2004年
双华麓港,3室2厅2厨2卫,114.35㎡,,中楼层 (共18层),东南,175万,15304元/平米,2009年
御景台,4室2厅1厨2卫,161.59㎡,,高楼层 (共15层),南,303万,18752元/平米,2005年
万科海悦汇城西区,4室2厅1厨2卫,124.42㎡,,低楼层 (共44层),西南,226万,18165元/平米,2015年
御景台,3室2厅1厨2卫,120.33㎡,,高楼层 (共16层),南,192万,15957元/平米,2005年
万科海悦汇城西区,3室1厅1厨2卫,105.11㎡,,中楼层 (共44层),东,208万,19789元/平米,2015年
府河音乐花园,3室2厅1厨2卫,132㎡,,中楼层 (共6层),东,175万,13258元/平米,2001年
万科海悦汇城东区,2室2厅1厨1卫,60.41㎡,,低楼层 (共34层),西南,145万,24003元/平米,2014年
麓山国际半月湾,2室1厅1厨1卫,81.02㎡,,高楼层 (共18层),东南,180万,22217元/平米,2013年
利通出水芙蓉,3室2厅1厨2卫,114.42㎡,,低楼层 (共6层),东,182万,15907元/平米,2005年
万科海悦汇城西区,2室2厅1厨1卫,58.96㎡,,低楼层 (共35层),南,141万,23915元/平米,2015年
慕和南道,2室2厅1厨1卫,91.42㎡,,中楼层 (共26层),东,175万,19143元/平米,2010年
楠域丽景,3室2厅1厨2卫,115.7㎡,,低楼层 (共18层),北,160万,13829元/平米,2007年
锦官丽城亲水湾,2室2厅1厨1卫,93.38㎡,,高楼层 (共6层),东南,168万,17992元/平米,2006年
鸿阁新座,2室1厅1厨1卫,55.59㎡,,低楼层 (共29层),东,130万,23386元/平米,2013年
洛森堡,3室2厅1厨1卫,92.79㎡,,高楼层 (共34层),北,165万,17783元/平米,2009年
顺心苑,4室2厅1厨3卫,126.77㎡,,高楼层 (共6层),南,140万,11044元/平米,2005年
麓山国际茵特拉肯A,3室2厅1厨2卫,128.32㎡,,低楼层 (共18层),东南 西北,300万,23380元/平米,2016年
南湖国际社区,3室2厅1厨2卫,117.6㎡,,低楼层 (共34层),东 东南,188万,15987元/平米,2010年
金南园,3室2厅1厨2卫,129.1㎡,,高楼层 (共6层),南,160万,12394元/平米,2004年
麓山国际帕萨迪纳3组,2室2厅1厨1卫,103.43㎡,,中楼层 (共8层),东南,200万,19337元/平米,2008年
南阳锦城,3室2厅1厨2卫,136.73㎡,,低楼层 (共6层),东,206万,15067元/平米,2008年
石化家园,1室1厅1厨1卫,60㎡,,低楼层 (共33层),南,90万,15000元/平米,2011年
戛纳湾畔,1室1厅1厨1卫,44.51㎡,,中楼层 (共11层),西北,65万,14604元/平米,2006年
仁和居,2室2厅1厨1卫,86.13㎡,,中楼层 (共6层),西南,98万,11379元/平米,未知年建/
黄金海岸,3室2厅1厨1卫,104.92㎡,,低楼层 (共6层),东,165万,15727元/平米,2003年
麓山国际茵特拉肯B区,4室2厅1厨3卫,278.88㎡,,高楼层 (共27层),南,680万,24384元/平米,2006年
新疆石油花园三期,4室3厅1厨2卫,149.38㎡,,高楼层 (共4层),西北,180万,12050元/平米,2002年
金茂光明城市,3室1厅1厨2卫,123.29㎡,,高楼层 (共33层),北,248万,20116元/平米,2016年
成南领寓,1室0厅0厨1卫,48.07㎡,,高楼层 (共31层),南,40万,8322元/平米,2008年
景茂城果,3室2厅1厨1卫,85.96㎡,,中楼层 (共24层),南,170万,19777元/平米,2012年
万科海悦汇城西区,2室1厅1厨1卫,56.87㎡,,高楼层 (共35层),东南,138万,24266元/平米,2015年
南湖国际社区,3室1厅1厨2卫,124㎡,,中楼层 (共34层),西北,195万,15726元/平米,2010年
佳兆业君汇上品,3室2厅1厨2卫,109.06㎡,,高楼层 (共33层),北,196万,17972元/平米,2013年
佳兆业君汇上品,3室2厅1厨2卫,120.12㎡,,高楼层 (共39层),西南,205万,17067元/平米,未知年建/
麓山国际塞尔维蒙,3室2厅1厨2卫,138㎡,,中楼层 (共4层),装修情况其他,300万,21740元/平米,2008年
麓山国际云曦台,2室2厅1厨1卫,78.06㎡,,低楼层 (共22层),西南 西,136万,17423元/平米,2015年
蜀郡,5室2厅1厨3卫,263.26㎡,,低楼层 (共3层),装修情况其他,450万,17094元/平米,2010年
绿水康城,4室2厅1厨3卫,220.19㎡,,低楼层 (共4层),装修情况精装,380万,17258元/平米,2003年
宏达世纪锦城,2室2厅1厨1卫,80.3㎡,,中楼层 (共32层),南,165万,20548元/平米,2012年
府河音乐花园,4室3厅1厨3卫,168.21㎡,,中楼层 (共6层),西,208万,12366元/平米,2001年
麓山国际帕萨迪纳2组,3室2厅1厨2卫,134.42㎡,,中楼层 (共4层),装修情况其他,270万,20087元/平米,2006年
双华麓港,4室2厅1厨2卫,118.38㎡,,中楼层 (共26层),东 西,230万,19429元/平米,2009年
南阳盛世二期,4室1厅2厨2卫,102.98㎡,,高楼层 (共33层),东,240万,23306元/平米,2011年
麓山国际SOLO公寓,1室1厅1厨1卫,45.85㎡,,中楼层 (共10层),东南,79万,17231元/平米,2010年
黄金海岸,4室3厅1厨4卫,251.46㎡,,中楼层 (共5层),西,330万,13124元/平米,2003年
蓝岸丽景,2室2厅1厨1卫,94.33㎡,,高楼层 (共18层),南 北,140万,14842元/平米,2009年
丽都新城三期,3室2厅1厨2卫,121.31㎡,,高楼层 (共6层),东南,150万,12366元/平米,2005年
福泽美庐,3室2厅1厨2卫,142.3㎡,,高楼层 (共5层),南,170万,11947元/平米,未知年建/
万科海悦汇城西区,2室1厅1厨1卫,56.88㎡,,低楼层 (共35层),西北,145万,25493元/平米,2015年
万科海悦汇城西区,2室2厅1厨1卫,56.88㎡,,中楼层 (共35层),西北,135万,23735元/平米,2015年
恒大名都,2室1厅1厨1卫,72.65㎡,,高楼层 (共32层),西南,160万,22024元/平米,2012年
蓝山美树,3室2厅1厨2卫,131.51㎡,,中楼层 (共6层),南,260万,19771元/平米,2009年
南湖国际社区一期,2室2厅1厨1卫,76.98㎡,,高楼层 (共34层),东,152万,19746元/平米,2010年
府河名居二期,2室2厅1厨1卫,90.12㎡,,中楼层 (共6层),南,130万,14426元/平米,未知年建/
雅居乐花园,4室2厅1厨2卫,143㎡,,低楼层 (共11层),东南,260万,18182元/平米,2008年
万科海悦汇城西区,2室2厅1厨1卫,60.3㎡,,低楼层 (共35层),南,145万,24047元/平米,2015年
慕和南道,3室2厅1厨1卫,138.07㎡,,低楼层 (共26层),西,248万,17962元/平米,2010年
恒大天府半岛一期,3室2厅1厨2卫,136㎡,,中楼层 (共33层),西南,260万,19118元/平米,2017年
雅居乐花园,4室2厅1厨2卫,160.23㎡,,高楼层 (共11层),西南,230万,14355元/平米,2008年
万科海悦汇城西区,2室2厅1厨1卫,60.29㎡,,中楼层 (共35层),南,142万,23553元/平米,2015年
麓山国际帕萨迪纳1组,2室2厅1厨1卫,85.7㎡,,高楼层 (共6层),南,170万,19837元/平米,2006年
南湖国际社区,4室2厅1厨3卫,177㎡,,低楼层 (共34层),西南,265万,14972元/平米,2010年
金城花园跃层社区,4室2厅1厨2卫,144.17㎡,,低楼层 (共6层),西南,143万,9919元/平米,2000年
华阳花苑,4室2厅1厨2卫,219.54㎡,,高楼层 (共18层),西南,260万,11843元/平米,2008年
家益欣城,4室2厅1厨2卫,241.93㎡,,中楼层 (共5层),西北,370万,15294元/平米,2010年
成南领寓,1室1厅0厨1卫,42.59㎡,,低楼层 (共31层),东南,36万,8453元/平米,2008年
麓山国际茵特拉肯B区,4室2厅1厨3卫,226.39㎡,,中楼层 (共29层),西南,535万,23632元/平米,2006年
宏达世纪锦城,2室2厅1厨1卫,80.4㎡,,低楼层 (共32层),西南,165万,20523元/平米,2012年
雅居乐铂雅苑,4室2厅1厨4卫,286.85㎡,,中楼层 (共24层),南,580万,20220元/平米,2014年
麓山国际塞尔维蒙,4室2厅1厨2卫,186.41㎡,,高楼层 (共4层),装修情况精装,500万,26823元/平米,2008年
华阳滨河花园,2室2厅1厨1卫,92.25㎡,,中楼层 (共5层),北,130万,14093元/平米,2003年
恒大名都,2室2厅1厨1卫,84.92㎡,,低楼层 (共31层),南,140万,16487元/平米,2012年
蜀郡,3室2厅1厨2卫,117.49㎡,,中楼层 (共18层),南,230万,19577元/平米,2010年
凯莱丽景雅筑,3室2厅1厨2卫,157.29㎡,,中楼层 (共6层),东南 西北,220万,13987元/平米,2007年
麓山国际半月湾,3室2厅1厨3卫,144.3㎡,,高楼层 (共18层),南 北,280万,19405元/平米,2013年
麓山国际茵特拉肯B区,5室2厅2厨5卫,255.77㎡,,低楼层 (共29层),东南,610万,23850元/平米,2006年
宏达世纪锦城,4室2厅1厨2卫,135㎡,,高楼层 (共39层),南 北,260万,19260元/平米,2012年
心怡中丝园,4室2厅1厨3卫,160㎡,,高楼层 (共11层),南,300万,18750元/平米,2015年
恒大天府半岛一期,4室2厅1厨2卫,160.4㎡,,高楼层 (共33层),东南,330万,20574元/平米,2017年
锦官丽城亲水湾,3室2厅1厨3卫,188.47㎡,,低楼层 (共4层),装修情况简装,300万,15918元/平米,未知年建
翠拥天地,5室2厅1厨3卫,196.68㎡,,高楼层 (共5层),装修情况其他,260万,13220元/平米,2005年
万科海悦汇城西区,2室2厅1厨1卫,60.29㎡,,中楼层 (共35层),南,160万,26539元/平米,2015年
新鸿基悦城,3室2厅1厨2卫,143㎡,,低楼层 (共31层),东,290万,20280元/平米,2011年
南湖国际社区,3室2厅1厨2卫,142.28㎡,,低楼层 (共34层),东南,220万,15463元/平米,2010年
碧桂园海昌天澜,4室3厅2厨4卫,242.34㎡,,低楼层 (共3层),装修情况其他,340万,14030元/平米,2016年
油建苑,3室2厅1厨2卫,104.88㎡,,高楼层 (共7层),南 北,112万,10679元/平米,1996年
蜀郡又一城,3室2厅1厨1卫,97㎡,,中楼层 (共31层),南,210万,21650元/平米,2014年
慕和南道,1室1厅1厨1卫,59.49㎡,,低楼层 (共26层),南,115万,19331元/平米,2010年
家益欣城,2室2厅1厨1卫,92.72㎡,,低楼层 (共25层),东,160万,17257元/平米,2010年
洛森堡,3室2厅1厨2卫,99.11㎡,,高楼层 (共34层),南 北,190万,19171元/平米,2009年
阳光华苑,3室2厅1厨2卫,111.06㎡,,中楼层 (共5层),南,190万,17108元/平米,2008年
成都玩家,3室2厅1厨2卫,87.5㎡,,高楼层 (共36层),西南,198万,22629元/平米,2016年
洛森堡,2室1厅1厨1卫,88.24㎡,,高楼层 (共34层),北,140万,15866元/平米,2009年
万科海悦汇城西区,2室1厅1厨1卫,52.92㎡,,低楼层 (共35层),西南,140万,26456元/平米,2015年
洛森堡,2室1厅1厨1卫,88.24㎡,,高楼层 (共34层),北,140万,15866元/平米,2009年
万科海悦汇城西区,2室1厅1厨1卫,52.92㎡,,低楼层 (共35层),西南,140万,26456元/平米,2015年
佳兆业君汇上品,3室2厅1厨1卫,89.19㎡,,低楼层 (共33层),南,170万,19061元/平米,2013年
恒大名都,3室2厅1厨2卫,105㎡,,高楼层 (共31层),东,190万,18096元/平米,2012年
南湖国际社区,3室2厅1厨2卫,131.32㎡,,中楼层 (共34层),北,208万,15840元/平米,2010年
洛森堡,3室1厅1厨2卫,117㎡,,中楼层 (共34层),南 北,190万,16240元/平米,2009年
恒大天府半岛一期,2室2厅1厨1卫,94.46㎡,,低楼层 (共29层),西南,160万,16939元/平米,2017年
远大中央公园一期,3室2厅1厨2卫,106.74㎡,,中楼层 (共33层),北,195万,18269元/平米,2016年
南阳盛世,2室1厅1厨1卫,79.89㎡,,高楼层 (共28层),南,125万,15647元/平米,2011年
洛森堡,2室1厅1厨1卫,83.87㎡,,高楼层 (共34层),东南,143万,17051元/平米,2009年
万科海悦汇城东区,3室2厅1厨2卫,105.21㎡,,低楼层 (共50层),西南,190万,18060元/平米,2014年
远大中央公园一期,3室2厅1厨2卫,98.96㎡,,低楼层 (共33层),北,182万,18392元/平米,2016年
新鸿基悦城,3室1厅1厨2卫,161.54㎡,,中楼层 (共31层),西北,280万,17334元/平米,2015年
南湖国际社区,3室2厅1厨2卫,131㎡,,中楼层 (共34层),北,200万,15268元/平米,2010年
蜀郡,4室2厅1厨2卫,173㎡,,高楼层 (共4层),南,325万,18787元/平米,2010年
金茂光明城市,2室1厅1厨1卫,56㎡,,低楼层 (共33层),西南,115万,20536元/平米,2016年
南湖国际社区,3室2厅1厨2卫,117.02㎡,,低楼层 (共34层),西,178万,15212元/平米,2010年
南湖国际社区,2室2厅1厨1卫,82㎡,,中楼层 (共34层),西,151万,18415元/平米,2010年
南湖国际社区,2室2厅1厨1卫,85.06㎡,,高楼层 (共34层),西北,149万,17518元/平米,2010年
新鸿基悦城,3室2厅1厨2卫,143.99㎡,,低楼层 (共29层),东,280万,19446元/平米,2011年
恒大天府半岛一期,3室2厅1厨2卫,144.12㎡,,低楼层 (共33层),南,240万,16653元/平米,2017年
利通出水芙蓉,3室1厅1厨2卫,128.11㎡,,中楼层 (共6层),西 西北,185万,14441元/平米,2005年
戛纳湾金棕榈,3室2厅1厨1卫,81.42㎡,,低楼层 (共32层),西北,135万,16581元/平米,2016年
南湖国际社区,3室2厅1厨2卫,123.75㎡,,中楼层 (共34层),东北,195万,15758元/平米,2010年
万科海悦汇城西区,2室2厅1厨1卫,58.71㎡,,高楼层 (共35层),西南,133.9万,22808元/平米,2015年
鑫苑鑫都汇,2室2厅1厨1卫,64.33㎡,,低楼层 (共32层),西,126万,19587元/平米,2016年
麓山国际云曦台,2室1厅1厨1卫,76.5㎡,,中楼层 (共30层),东南,135万,17648元/平米,2015年
洛森堡,3室2厅1厨1卫,92.74㎡,,高楼层 (共34层),南,175万,18870元/平米,2009年
万科海悦汇城西区,2室1厅1厨1卫,59.03㎡,,中楼层 (共35层),东南,143万,24225元/平米,2015年
成南领寓,2室1厅1厨1卫,66.58㎡,,高楼层 (共31层),西南,80万,12016元/平米,未知年建/
万科海悦汇城西区,2室2厅1厨1卫,57.06㎡,,低楼层 (共35层),东南,145万,25412元/平米,2015年
心怡紫晶城,3室2厅1厨2卫,134.44㎡,,高楼层 (共26层),西南,215万,15993元/平米,2011年
佳兆业君汇上品,4室2厅1厨2卫,176.22㎡,,高楼层 (共38层),东,285万,16173元/平米,2013年
恒大天府半岛一期,5室2厅1厨2卫,245㎡,,高楼层 (共17层),南,380万,15511元/平米,2017年
利通出水芙蓉,4室2厅1厨4卫,303㎡,,低楼层 (共3层),装修情况精装,590万,19472元/平米,2004年
利通出水芙蓉,4室2厅1厨2卫,302.09㎡,,低楼层 (共3层),装修情况其他,590万,19531元/平米,2004年
绿水康城,5室2厅1厨3卫,245.2㎡,,低楼层 (共4层),装修情况简装,380万,15498元/平米,2003年
心怡德盛苑,5室2厅1厨3卫,241.83㎡,,中楼层 (共5层),南,380万,15714元/平米,2007年
蜀郡,3室2厅1厨2卫,116.51㎡,,高楼层 (共18层),北,210万,18025元/平米,2010年
新鸿基悦城,4室2厅1厨3卫,192.57㎡,,低楼层 (共31层),西北,308万,15995元/平米,2012年
金茂光明城市,2室1厅1厨1卫,56.01㎡,,中楼层 (共33层),西南,115万,20533元/平米,2016年
麓山国际圣芭芭拉,4室2厅1厨3卫,205㎡,,中楼层 (共5层),装修情况其他,420万,20488元/平米,2010年
麓山国际长岛,5室3厅2厨5卫,455.3㎡,,低楼层 (共3层),装修情况其他,1600万,35142元/平米,2012年
南湖国际社区,4室1厅1厨3卫,178.76㎡,,中楼层 (共34层),东南,320万,17902元/平米,2010年
南湖国际社区,4室2厅1厨2卫,186.5㎡,,高楼层 (共34层),东,280万,15014元/平米,2010年
中信城左岸,2室2厅1厨1卫,71.52㎡,,中楼层 (共25层),西南,128万,17898元/平米,未知年建/
恒大名都,2室2厅1厨1卫,72.66㎡,,低楼层 (共32层),西南,140万,19268元/平米,2012年
中信城左岸,3室2厅1厨2卫,90.05㎡,,低楼层 (共33层),南,180万,19989元/平米,2015年
雅居乐花园,4室2厅1厨2卫,143.03㎡,,中楼层 (共11层),东北,200万,13984元/平米,2008年
南湖国际社区,2室2厅1厨1卫,82.06㎡,,低楼层 (共34层),东,150万,18280元/平米,2010年
麓山国际塞尔维蒙,3室2厅1厨2卫,135.45㎡,,中楼层 (共4层),装修情况精装,260万,19196元/平米,2008年
雅居乐花园,3室2厅1厨2卫,113㎡,,高楼层 (共11层),东北,158万,13983元/平米,2008年
景茂城果,3室1厅1厨1卫,86.05㎡,,高楼层 (共24层),东,170万,19756元/平米,2012年
南湖国际社区,3室2厅1厨2卫,129.98㎡,,中楼层 (共34层),南,210万,16157元/平米,2010年
心怡中丝园,3室2厅1厨2卫,102.48㎡,,中楼层 (共29层),北,183万,17858元/平米,2015年
远光水印城,3室2厅1厨1卫,104.4㎡,,高楼层 (共33层),西南,180万,17242元/平米,2009年
蜀郡又一城,2室1厅1厨1卫,76.27㎡,,低楼层 (共32层),东 北,140万,18356元/平米,2014年
阳光华庭,3室2厅1厨2卫,139㎡,,高楼层 (共6层),东南,145万,10432元/平米,2005年
恒大天府半岛一期,4室2厅1厨2卫,190.03㎡,,中楼层 (共18层),北,325万,17103元/平米,2017年
南湖国际社区一期,2室2厅1厨1卫,76.48㎡,,高楼层 (共34层),西,145万,18960元/平米,2010年
南湖国际社区,3室2厅1厨2卫,129.98㎡,,中楼层 (共34层),南,210万,16157元/平米,2010年
三利麓山城翠薇谷,3室2厅1厨2卫,128.37㎡,,中楼层 (共11层),南,235万,18307元/平米,2015年
新鸿基悦城,3室2厅1厨2卫,154.4㎡,,中楼层 (共32层),南,285万,18459元/平米,2015年
麓山国际云堤曦岸,3室2厅1厨2卫,113㎡,,中楼层 (共32层),南,210万,18585元/平米,2006年
南湖国际社区,3室2厅1厨2卫,134㎡,,中楼层 (共34层),西,225万,16792元/平米,2010年
戛纳湾畔,2室2厅1厨1卫,86.23㎡,,高楼层 (共19层),东北,135万,15656元/平米,2006年
蜀郡,3室1厅1厨2卫,118.61㎡,,低楼层 (共26层),北,280万,23607元/平米,2010年
麓山国际茵特拉肯A,2室2厅1厨1卫,90.18㎡,,中楼层 (共27层),北,185万,20515元/平米,2016年
金茂光明城市,4室2厅1厨2卫,128.4㎡,,中楼层 (共33层),北,245万,19081元/平米,2016年
麓山国际帕萨迪纳3组,2室1厅1厨1卫,99.2㎡,,低楼层 (共6层),南,197万,19859元/平米,2008年
华阳滨河花园,4室2厅1厨2卫,157.13㎡,,中楼层 (共6层),东南,202万,12856元/平米,2003年
金南园,3室2厅1厨2卫,121.15㎡,,中楼层 (共6层),南,150万,12382元/平米,2004年
佳兆业君汇上品,3室2厅1厨2卫,105.63㎡,,低楼层 (共33层),东南,205万,19408元/平米,2013年
凯莱丽景雅筑,3室2厅1厨2卫,139㎡,,高楼层 (共6层),东,210万,15108元/平米,2007年
恒大名都,2室1厅1厨1卫,72.66㎡,,低楼层 (共32层),东,140万,19268元/平米,2012年
恒大天府半岛一期,4室2厅1厨2卫,166.12㎡,,高楼层 (共33层),东南,310万,18662元/平米,2017年
蜀郡,3室1厅1厨2卫,117.49㎡,,低楼层 (共18层),南,260万,22130元/平米,2010年
南湖世纪,3室2厅1厨1卫,86.5㎡,,中楼层 (共33层),东北,160万,18498元/平米,2016年
恒大名都,2室1厅1厨1卫,75㎡,,中楼层 (共31层),东,145万,19334元/平米,2012年
戛纳湾金棕榈,3室2厅1厨2卫,119.53㎡,,高楼层 (共32层),南 北,220万,18406元/平米,2016年
麓山国际半月湾,2室2厅1厨1卫,101.3㎡,,高楼层 (共18层),东南,195万,19250元/平米,2013年
鑫苑鑫都汇,3室2厅1厨2卫,84.62㎡,,中楼层 (共32层),南 北,150万,17727元/平米,2016年
黄金海岸,3室2厅1厨2卫,120.42㎡,,中楼层 (共6层),南,180万,14948元/平米,2003年
雅居乐花园峰会南区,4室2厅1厨4卫,468.28㎡,,低楼层 (共2层),装修情况毛坯,1700万,36304元/平米,未知年建
伯爵山,6室2厅1厨4卫,331.55㎡,,低楼层 (共3层),装修情况其他,518万,15624元/平米,2011年
达达公馆,4室3厅1厨4卫,259.12㎡,,低楼层 (共3层),装修情况精装,345万,13315元/平米,未知年建
华阳滨河花园,4室2厅1厨4卫,180㎡,,高楼层 (共6层),东北,260万,14445元/平米,2003年
金茂光明城市,3室1厅1厨1卫,82.13㎡,,中楼层 (共27层),东,180万,21917元/平米,2016年
恒大名都,3室2厅1厨1卫,129.35㎡,,低楼层 (共31层),南 北,206万,15926元/平米,2012年
南阳锦城晶品,2室2厅1厨1卫,82.74㎡,,高楼层 (共24层),北,170万,20547元/平米,2012年
双华麓港,3室2厅1厨2卫,117.55㎡,,低楼层 (共26层),南,200万,17015元/平米,2009年
蓝岸丽景,3室2厅1厨2卫,127.21㎡,,高楼层 (共18层),北,188万,14779元/平米,2009年
金茂光明城市,3室2厅1厨2卫,120.01㎡,,低楼层 (共27层),西,230万,19166元/平米,2016年
成南领寓,2室1厅0厨2卫,82.25㎡,,中楼层 (共31层),南,95万,11551元/平米,2008年
南阳盛世,3室2厅1厨2卫,104.82㎡,,低楼层 (共32层),南,155万,14788元/平米,2011年
枫渡莱茵,3室2厅1厨2卫,146.37㎡,,高楼层 (共11层),东,228万,15577元/平米,2008年
万科海悦汇城西区,2室1厅1厨1卫,56.88㎡,,中楼层 (共35层),东南,140万,24614元/平米,2015年
麓山国际半月湾,2室1厅1厨1卫,91.52㎡,,低楼层 (共32层),东,175万,19122元/平米,2013年
双兴名居,2室2厅1厨1卫,116㎡,,高楼层 (共6层),东,137万,11811元/平米,未知年建/
双华麓港,3室2厅1厨2卫,115.47㎡,,低楼层 (共26层),南 北,195万,16888元/平米,2009年
南湖国际社区,3室2厅1厨2卫,116㎡,,中楼层 (共34层),南,230万,19828元/平米,2010年
华阳滨河花园,3室2厅1厨2卫,132.74㎡,,中楼层 (共6层),南,180万,13561元/平米,2005年
麓山国际半月湾,2室2厅1厨1卫,86.87㎡,,中楼层 (共18层),东南,170万,19570元/平米,2013年
蜀郡,3室2厅1厨2卫,115.54㎡,,中楼层 (共18层),南,265万,22936元/平米,2010年
阳光华苑,2室2厅1厨1卫,92.01㎡,,中楼层 (共4层),南,159万,17281元/平米,2008年
慕和南道,3室2厅1厨2卫,111.55㎡,,低楼层 (共26层),西,200万,17930元/平米,2010年
慕和南道,3室2厅1厨2卫,104.83㎡,,低楼层 (共26层),南,200万,19079元/平米,2010年
家益欣城,3室1厅1厨2卫,130.31㎡,,低楼层 (共6层),南,220万,16883元/平米,2010年
南阳锦城,3室2厅1厨2卫,137.83㎡,,中楼层 (共6层),南,213.6万,15498元/平米,2008年
翠拥天地,2室2厅1厨1卫,89.28㎡,,中楼层 (共5层),装修情况其他,142万,15906元/平米,2005年
佳兆业君汇上品,5室1厅1厨3卫,172㎡,,中楼层 (共32层),西南,292万,16977元/平米,2013年
麓山国际圣安德鲁,5室3厅2厨3卫,341㎡,,低楼层 (共2层),装修情况其他,710万,20822元/平米,2014年
佳兆业君汇上品,4室2厅1厨2卫,134.43㎡,,中楼层 (共33层),东,249万,18523元/平米,2013年
恒大天府半岛一期,5室2厅1厨2卫,245.12㎡,,高楼层 (共17层),东南,392万,15993元/平米,2017年
府河音乐花园,5室3厅1厨4卫,260.92㎡,,中楼层 (共5层),西南,416万,15944元/平米,2001年
南湖国际社区,4室2厅1厨3卫,163㎡,,高楼层 (共34层),南,270万,16565元/平米,2010年
麓山国际翠云岭,4室2厅2厨3卫,302.21㎡,,低楼层 (共3层),装修情况毛坯,700万,23163元/平米,2010年
成南领寓,1室0厅0厨1卫,43.44㎡,,低楼层 (共31层),东南,41万,9439元/平米,2008年
凯莱丽景雅筑,4室2厅1厨3卫,209㎡,,高楼层 (共6层),南,288万,13780元/平米,2007年
蓝山美树,4室2厅1厨3卫,201.15㎡,,低楼层 (共4层),南,310万,15412元/平米,2009年
南延线蔚蓝卡地亚,5室2厅1厨4卫,413.27㎡,,低楼层 (共3层),装修情况其他,980万,23714元/平米,2015年
黄金海岸,4室3厅1厨2卫,171.6㎡,,中楼层 (共6层),东,205万,11947元/平米,2003年
万科海悦汇城东区,2室2厅1厨1卫,60.51㎡,,高楼层 (共35层),东北,150万,24790元/平米,2014年
蓝山美树,3室2厅1厨2卫,169㎡,,高楼层 (共6层),东南 南,254万,15030元/平米,2009年
麓山国际圣芭芭拉,7室3厅2厨6卫,417.99㎡,,低楼层 (共5层),装修情况其他,600万,14355元/平米,2010年
华阳滨河花园,4室2厅1厨2卫,157.39㎡,,中楼层 (共6层),西南,235.5万,14963元/平米,2003年
麓山国际帕萨迪纳3组,3室2厅1厨2卫,158.32㎡,,低楼层 (共11层),南,350万,22108元/平米,2008年
南阳盛世,3室2厅1厨2卫,135.6㎡,,高楼层 (共27层),东北,205万,15118元/平米,2011年
黄金海岸,3室2厅1厨3卫,176.15㎡,,中楼层 (共6层),南,258万,14647元/平米,2003年
麓山国际茵特拉肯A,2室1厅1厨1卫,89.42㎡,,低楼层 (共11层),南,170万,19012元/平米,2016年
新鸿基悦城,3室2厅1厨2卫,153.16㎡,,高楼层 (共32层),西南,330万,21547元/平米,2013年
向阳名居,3室2厅1厨2卫,188.71㎡,,高楼层 (共6层),南 北,210万,11129元/平米,2002年
新鸿基悦城,4室2厅1厨2卫,163.51㎡,,中楼层 (共30层),南,316万,19327元/平米,2012年
远光水印城,3室1厅1厨2卫,120.54㎡,,低楼层 (共33层),东北,192万,15929元/平米,2009年
佳兆业君汇上品,3室1厅1厨2卫,120.93㎡,,中楼层 (共33层),东,235万,19433元/平米,2013年
麓山国际拉佩维尔,3室2厅1厨3卫,216㎡,,低楼层 (共5层),装修情况毛坯,568万,26297元/平米,2006年
慕和南道,3室2厅1厨2卫,132.21㎡,,高楼层 (共25层),西,237万,17927元/平米,2010年
绿水康城,4室2厅1厨3卫,220㎡,,低楼层 (共4层),装修情况其他,330万,15000元/平米,2003年
雅居乐花园香草山,7室2厅1厨7卫,430.71㎡,,低楼层 (共5层),南,350万,8127元/平米,2011年
南湖国际社区,3室2厅1厨2卫,129.66㎡,,高楼层 (共34层),南,200万,15425元/平米,2010年
麓山国际云堤曦岸,4室2厅1厨2卫,151㎡,,高楼层 (共32层),西南,320万,21193元/平米,2006年
麓山国际茵特拉肯A,2室2厅1厨1卫,90.18㎡,,低楼层 (共27层),南,152万,16856元/平米,2016年
万科海悦汇城西区,2室2厅1厨1卫,60.3㎡,,中楼层 (共35层),东 东北,137万,22720元/平米,2015年
麓山国际圣芭芭拉,4室2厅1厨2卫,208㎡,,中楼层 (共5层),装修情况其他,420万,20193元/平米,2010年
佳兆业君汇上品,2室1厅1厨1卫,80.56㎡,,低楼层 (共38层),西南,140万,17379元/平米,2013年
家益欣城,2室2厅1厨1卫,92.34㎡,,低楼层 (共24层),东,167万,18086元/平米,2010年
利通出水芙蓉,3室2厅1厨1卫,93.96㎡,,中楼层 (共6层),南,158万,16816元/平米,2005年
心怡中丝园,3室2厅1厨2卫,120.33㎡,,中楼层 (共11层),东 西,230万,19115元/平米,2015年
洛森堡,2室2厅1厨1卫,71.73㎡,,高楼层 (共28层),北,125万,17427元/平米,2009年
中信城左岸,2室1厅1厨1卫,71.52㎡,,高楼层 (共25层),西南,135万,18876元/平米,未知年建/
成都玩家,3室1厅1厨2卫,108㎡,,中楼层 (共27层),南,195万,18056元/平米,2016年
南湖国际社区,2室2厅1厨1卫,89㎡,,高楼层 (共34层),西,150万,16854元/平米,2010年
万科海悦汇城西区,2室2厅1厨1卫,62.54㎡,,低楼层 (共35层),东南,140万,22386元/平米,2015年
益州国际,2室2厅1厨1卫,72.07㎡,,中楼层 (共28层),东,125万,17345元/平米,2014年
万科海悦汇城西区,3室2厅1厨1卫,79.4㎡,,中楼层 (共27层),北,188万,23678元/平米,2015年
万科海悦汇城西区,4室2厅1厨2卫,124.99㎡,,高楼层 (共44层),西南,220万,17602元/平米,2015年
中信城左岸,3室2厅2厨2卫,98.11㎡,,高楼层 (共33层),西北,185万,18857元/平米,未知年建/
宏达世纪锦城,2室2厅1厨1卫,83.22㎡,,中楼层 (共32层),北,168万,20188元/平米,2012年
和泓半山一期,5室2厅3厨4卫,315.77㎡,,低楼层 (共3层),装修情况毛坯,600万,19002元/平米,2011年
雅居乐花园香草山,5室2厅1厨4卫,354.73㎡,,低楼层 (共4层),装修情况其他,300万,8458元/平米,2011年
万科海悦汇城东区,2室2厅1厨1卫,58.8㎡,,低楼层 (共35层),西南,135万,22960元/平米,2014年
万科海悦汇城西区,3室2厅1厨2卫,104.94㎡,,低楼层 (共50层),西北,212万,20203元/平米,2015年
万科海悦汇城东区,2室2厅1厨1卫,58.7㎡,,低楼层 (共34层),西南,156万,26576元/平米,2014年
麓山国际SOLO公寓,1室1厅1厨1卫,57㎡,,低楼层 (共10层),南,118万,20702元/平米,未知年建/
南湖国际社区,3室2厅1厨2卫,130.01㎡,,高楼层 (共34层),南,250万,19230元/平米,2010年
金茂光明城市,3室1厅1厨2卫,119㎡,,高楼层 (共27层),东,240万,20169元/平米,2016年
金茂光明城市,4室2厅1厨1卫,89.21㎡,,高楼层 (共33层),南,180万,20178元/平米,2016年
华阳街道华新中街92号,3室2厅1厨1卫,129.56㎡,,高楼层 (共7层),东南,109万,8414元/平米,未知年建/
万科海悦汇城东区,2室2厅1厨1卫,60.22㎡,,低楼层 (共34层),东南,150万,24909元/平米,2014年
麓山国际茵特拉肯A,2室2厅1厨1卫,91.74㎡,,中楼层 (共11层),南,185万,20166元/平米,2016年
宏信南樾,3室2厅1厨2卫,132.9㎡,,中楼层 (共26层),西南,240万,18059元/平米,2007年
佳兆业君汇上品,3室2厅1厨1卫,85.89㎡,,中楼层 (共25层),东,173万,20143元/平米,2013年
蓝山美树,3室2厅1厨2卫,135.85㎡,,中楼层 (共6层),西南,230万,16931元/平米,2009年
南湖国际社区一期,2室2厅1厨1卫,76.07㎡,,低楼层 (共34层),西,146万,19193元/平米,2010年
金茂光明城市,4室2厅1厨2卫,123.8㎡,,中楼层 (共33层),东南,230万,18579元/平米,2016年
金南园,4室2厅1厨2卫,161.22㎡,,中楼层 (共6层),南,175万,10855元/平米,2004年
麓山国际长岛,5室3厅2厨4卫,464.07㎡,,低楼层 (共3层),装修情况其他,1100万,23704元/平米,2012年
南延线蔚蓝卡地亚,3室2厅1厨2卫,276.8㎡,,高楼层 (共8层),南 北,560万,20232元/平米,未知年建/
麓山国际云曦台,3室2厅1厨2卫,99.37㎡,,低楼层 (共18层),东南,170万,17108元/平米,2015年
青南美湾,2室2厅1厨1卫,89.09㎡,,中楼层 (共24层),东,148万,16613元/平米,未知年建/
麓山国际云曦台,3室2厅1厨2卫,99.37㎡,,低楼层 (共18层),东南,170万,17108元/平米,2015年
洛森堡,3室2厅1厨1卫,92.43㎡,,低楼层 (共34层),南,186万,20124元/平米,2009年
欣宇都市港湾,2室2厅1厨1卫,80.03㎡,,中楼层 (共16层),南,130万,16244元/平米,2010年
麓山国际茵特拉肯B区,5室2厅1厨4卫,313㎡,,高楼层 (共26层),东南,480万,15336元/平米,2006年
佳兆业君汇上品,5室2厅1厨3卫,172.2㎡,,低楼层 (共32层),南,245万,14228元/平米,2013年
远大中央公园一期,4室2厅1厨2卫,140.99㎡,,高楼层 (共38层),东南,285万,20215元/平米,未知年建/
景茂城果,1室0厅0厨1卫,36.27㎡,,低楼层 (共25层),东,45.7万,12600元/平米,2012年
心怡紫晶城,3室2厅1厨2卫,152.04㎡,,低楼层 (共31层),西南,300万,19732元/平米,2011年
南延线蔚蓝卡地亚,4室4厅1厨3卫,305㎡,,高楼层 (共8层),南 北,600万,19673元/平米,2015年
天府美岸,4室2厅1厨2卫,116.2㎡,,低楼层 (共32层),西北,230万,19794元/平米,未知年建/
南湖国际社区,4室2厅1厨2卫,177.49㎡,,高楼层 (共34层),西南,260万,14649元/平米,2010年
蜀郡,3室2厅1厨2卫,120.07㎡,,高楼层 (共18层),南 北,350万,29150元/平米,2010年
瑞升橡树林华府,4室2厅1厨2卫,117.33㎡,,中楼层 (共26层),南,215万,18325元/平米,未知年建/
万科海悦汇城东区,2室2厅1厨1卫,59㎡,,低楼层 (共34层),东北,142万,24068元/平米,2014年
美城悦荣府,3室2厅1厨2卫,101.11㎡,,高楼层 (共34层),西,200万,19781元/平米,2017年
麓山国际茵特拉肯B区,3室2厅1厨2卫,182.39㎡,,低楼层 (共27层),西,330万,18094元/平米,2006年
中信城左岸,3室2厅1厨1卫,88.89㎡,,高楼层 (共26层),南,168万,18900元/平米,未知年建/
雅居乐花园,3室2厅1厨2卫,110.58㎡,,高楼层 (共11层),南,150万,13565元/平米,2008年
新鸿基悦城,3室2厅1厨2卫,132.46㎡,,低楼层 (共29层),东北,260万,19629元/平米,2012年
阳光华苑,3室2厅1厨3卫,144.45㎡,,中楼层 (共5层),南,260万,18000元/平米,2008年
戛纳湾金棕榈,3室2厅1厨2卫,133.33㎡,,低楼层 (共32层),南,260万,19501元/平米,2016年
青南美湾,3室1厅1厨1卫,91.86㎡,,中楼层 (共26层),西南,155万,16874元/平米,未知年建/
恒大名都,3室2厅1厨2卫,124㎡,,高楼层 (共32层),南 西,200万,16130元/平米,2012年
万科海悦汇城西区,3室2厅1厨2卫,105.61㎡,,高楼层 (共50层),西北,200万,18938元/平米,2015年
家益欣城,3室2厅1厨2卫,130.36㎡,,中楼层 (共6层),北,210万,16110元/平米,2010年
佳兆业君汇上品,3室1厅1厨1卫,86㎡,,中楼层 (共33层),西,155万,18024元/平米,2013年
万科海悦汇城东区,3室2厅1厨2卫,105㎡,,高楼层 (共50层),东南,190万,18096元/平米,2014年
青南美湾,2室2厅1厨1卫,72.88㎡,,高楼层 (共18层),西,128万,17564元/平米,未知年建/
心怡紫晶城,4室1厅1厨2卫,151㎡,,低楼层 (共31层),东南,226.5万,15000元/平米,2011年
恒大名都,3室2厅1厨2卫,124㎡,,高楼层 (共32层),南 西,200万,16130元/平米,2012年
戛纳湾金棕榈,3室2厅1厨2卫,133.33㎡,,低楼层 (共32层),南,260万,19501元/平米,2016年
家益欣城,3室2厅1厨2卫,130.36㎡,,中楼层 (共6层),北,210万,16110元/平米,2010年
佳兆业君汇上品,3室1厅1厨1卫,86㎡,,中楼层 (共33层),西,155万,18024元/平米,2013年
万科海悦汇城东区,3室2厅1厨2卫,105㎡,,高楼层 (共50层),东南,190万,18096元/平米,2014年
青南美湾,3室1厅1厨1卫,91.86㎡,,中楼层 (共26层),西南,155万,16874元/平米,未知年建/
万科海悦汇城东区,3室1厅1厨2卫,104.28㎡,,高楼层 (共48层),西南,180万,17262元/平米,2014年
欧香小镇,3室2厅1厨3卫,201.78㎡,,高楼层 (共31层),南,295万,14620元/平米,2014年
三利麓山城翠薇谷,3室2厅1厨2卫,126.57㎡,,中楼层 (共11层),南,238万,18804元/平米,未知年建/
雅居乐花园,3室2厅1厨1卫,117㎡,,高楼层 (共11层),东南,180万,15385元/平米,2008年
佳兆业君汇上品,4室1厅1厨2卫,145㎡,,高楼层 (共32层),北,310万,21380元/平米,2013年
麓山国际塞尔维蒙,7室2厅1厨3卫,159.32㎡,,低楼层 (共4层),装修情况其他,280万,17575元/平米,2008年
恒大天府半岛一期,3室2厅1厨2卫,135.26㎡,,中楼层 (共29层),东南,283万,20923元/平米,2017年
利通出水芙蓉,4室2厅1厨3卫,143.06㎡,,低楼层 (共6层),东南,229万,16008元/平米,2005年
南湖国际社区,5室2厅1厨3卫,442㎡,,高楼层 (共30层),东,500万,11313元/平米,2010年
阳光华苑,3室2厅1厨2卫,113㎡,,低楼层 (共5层),西,170万,15045元/平米,2008年
三利宅院白云渡,4室2厅1厨4卫,275.25㎡,,地下室 (共3层),装修情况毛坯,430万,15623元/平米,2008年
南延线蔚蓝卡地亚,4室2厅1厨3卫,284.64㎡,,低楼层 (共3层),装修情况其他,750万,26350元/平米,2015年
宏达世纪锦城,1室1厅1厨1卫,55.89㎡,,高楼层 (共32层),东南,120万,21471元/平米,2012年
恒大名都,1室2厅1厨1卫,50.79㎡,,中楼层 (共31层),南,90万,17721元/平米,2012年
青南美湾,2室1厅2厨1卫,74.67㎡,,高楼层 (共17层),东南,140万,18750元/平米,未知年建/
瑞升橡树林华府,3室2厅1厨1卫,85.6㎡,,低楼层 (共34层),东南,171万,19977元/平米,未知年建/
成都玩家,3室1厅1厨2卫,96.82㎡,,高楼层 (共27层),东南,248万,25615元/平米,未知年建/
三利云锦,3室2厅1厨2卫,131.84㎡,,高楼层 (共39层),南,328万,24879元/平米,2013年
益州国际,2室2厅1厨1卫,72.25㎡,,中楼层 (共28层),南,127万,17578元/平米,2014年
南湖国际社区,4室2厅1厨3卫,276.2㎡,,高楼层 (共33层),东,428万,15497元/平米,2010年
南湖国际社区,4室2厅1厨3卫,178.76㎡,,高楼层 (共34层),南,300万,16783元/平米,2010年
麓山国际圣安德鲁,5室2厅1厨4卫,315.2㎡,,低楼层 (共3层),装修情况其他,960万,30457元/平米,2014年
蜀郡,3室2厅1厨2卫,123.16㎡,,中楼层 (共4层),南,280万,22735元/平米,2010年
戛纳湾滨江,3室2厅1厨2卫,89.18㎡,,中楼层 (共32层),东,170万,19063元/平米,2010年
世发名居,2室1厅1厨1卫,67.29㎡,,中楼层 (共6层),南,88万,13078元/平米,未知年建/
洛森堡,2室1厅1厨1卫,87.39㎡,,中楼层 (共34层),南,150万,17165元/平米,2009年
戛纳湾滨江,3室2厅1厨2卫,89.18㎡,,中楼层 (共32层),东,170万,19063元/平米,2010年
御景台,3室2厅1厨2卫,118.9㎡,,高楼层 (共16层),南 北,205万,17242元/平米,2005年
凯华丽景,3室2厅1厨1卫,94.02㎡,,低楼层 (共18层),南,168万,17869元/平米,2009年
新鸿基悦城,2室1厅1厨1卫,99㎡,,高楼层 (共32层),东北,205万,20708元/平米,2015年
金茂光明城市,3室2厅1厨2卫,88.82㎡,,高楼层 (共33层),西,190万,21392元/平米,2016年
明珠怡园,2室2厅1厨1卫,101㎡,,高楼层 (共6层),东,140万,13862元/平米,2006年
心怡紫晶城,3室2厅1厨2卫,130.85㎡,,中楼层 (共31层),西北,238万,18189元/平米,2011年
宏达世纪锦城,3室1厅1厨1卫,98.33㎡,,中楼层 (共39层),南,186万,18916元/平米,2012年
楠域丽景,2室2厅1厨1卫,88㎡,,低楼层 (共18层),南,150万,17046元/平米,2007年
海棠金宇府河花园,3室2厅1厨2卫,135.4㎡,,高楼层 (共6层),南,149万,11005元/平米,未知年建/
洛森堡,4室2厅1厨2卫,146㎡,,中楼层 (共34层),西南,240万,16439元/平米,2009年
景茂城果,1室1厅1厨1卫,35.3㎡,,高楼层 (共25层),南,45万,12748元/平米,2012年
鸿阁新座,3室1厅1厨1卫,71.09㎡,,中楼层 (共29层),西,160万,22507元/平米,2013年
宏达世纪锦城,3室2厅1厨2卫,99.74㎡,,高楼层 (共32层),西北,200万,20053元/平米,2012年
麓山国际茵特拉肯A,4室2厅1厨2卫,176㎡,,高楼层 (共18层),南,305万,17330元/平米,2016年
远光水印城,2室2厅1厨1卫,77㎡,,中楼层 (共35层),西北,140万,18182元/平米,2009年
成都玩家,2室2厅1厨2卫,83.29㎡,,低楼层 (共36层),南,166.6万,20000元/平米,2016年
麓山国际云曦台,3室2厅1厨1卫,93.54㎡,,中楼层 (共18层),东南,180万,19244元/平米,2015年
绿水康城,4室2厅1厨3卫,207.54㎡,,低楼层 (共4层),装修情况其他,385万,18551元/平米,2003年
南湖国际社区,3室1厅1厨2卫,152㎡,,高楼层 (共34层),西南,260万,17106元/平米,2010年
左岸花都,3室2厅1厨2卫,139.7㎡,,中楼层 (共5层),西南,260万,18612元/平米,2003年
府河音乐花园,3室2厅1厨2卫,181.74㎡,,高楼层 (共6层),东,249万,13701元/平米,2001年
府河音乐花园,4室2厅1厨3卫,208.1㎡,,低楼层 (共5层),西南,370万,17780元/平米,2001年
麓山国际圣芭芭拉,5室2厅1厨4卫,409.13㎡,,低楼层 (共5层),装修情况其他,650万,15888元/平米,2010年
双兴名邸四季春天,4室2厅1厨2卫,151.69㎡,,中楼层 (共6层),南,160万,10548元/平米,2006年
麓山国际塞尔维蒙,4室3厅1厨2卫,205㎡,,高楼层 (共4层),装修情况精装,610万,29757元/平米,2008年
恒大名都,1室1厅1厨1卫,50㎡,,高楼层 (共32层),东,90万,18000元/平米,2012年
蓝山美树,2室2厅1厨1卫,88.58㎡,,低楼层 (共6层),北,180万,20321元/平米,2009年
原乡,5室3厅1厨3卫,248.65㎡,,低楼层 (共3层),装修情况精装,515万,20712元/平米,2008年
南湖国际社区,5室2厅1厨5卫,442.35㎡,,低楼层 (共30层),东,470万,10626元/平米,2010年
双华麓港,3室2厅1厨2卫,114.35㎡,,高楼层 (共18层),西南,180万,15742元/平米,2009年
远大中央公园一期,4室2厅1厨2卫,140.99㎡,,低楼层 (共38层),东南,252万,17874元/平米,2016年
成南领寓,3室2厅1厨1卫,131.97㎡,,高楼层 (共31层),西南,160万,12124元/平米,未知年建/
远大中央公园一期,2室1厅1厨1卫,84.04㎡,,低楼层 (共32层),东,160万,19039元/平米,2016年
戛纳湾金棕榈,3室2厅1厨2卫,119.7㎡,,低楼层 (共32层),东 西,205万,17127元/平米,2016年
美城悦荣府,3室2厅1厨1卫,100.98㎡,,低楼层 (共34层),南,200万,19806元/平米,2017年
鑫苑鑫都汇,3室2厅1厨1卫,75.7㎡,,高楼层 (共32层),东 东南,139万,18362元/平米,2016年
新鸿基悦城,3室2厅1厨2卫,141.82㎡,,中楼层 (共31层),东 西,300万,21154元/平米,2011年
宏达世纪锦城,3室2厅1厨2卫,96.32㎡,,低楼层 (共39层),东南,209万,21699元/平米,2012年
南湖国际社区一期,3室2厅1厨2卫,114.05㎡,,中楼层 (共34层),东,195万,17098元/平米,2010年
慕和南道,3室2厅1厨1卫,93.5㎡,,中楼层 (共26层),北,205万,21926元/平米,2010年
鑫苑鑫都汇,3室2厅1厨1卫,73.86㎡,,中楼层 (共32层),北,152万,20580元/平米,2016年
瑞升橡树林华府,3室1厅1厨1卫,85.9㎡,,中楼层 (共34层),东南,149万,17346元/平米,未知年建/
瑞升橡树林华府,3室2厅1厨2卫,83.05㎡,,中楼层 (共26层),西南,152万,18303元/平米,未知年建/
阳光华庭,2室2厅1厨1卫,96.14㎡,,高楼层 (共5层),东,112万,11650元/平米,2005年
雅居乐花园,3室2厅1厨2卫,123㎡,,高楼层 (共30层),东北,196万,15935元/平米,2010年
南湖国际社区一期,2室2厅1厨1卫,77.39㎡,,低楼层 (共34层),东,140万,18091元/平米,2010年
洛森堡,3室2厅1厨2卫,92.12㎡,,高楼层 (共34层),东,160万,17369元/平米,2009年
洛森堡,3室2厅1厨2卫,128.18㎡,,低楼层 (共34层),东南,188万,14667元/平米,2009年
青南美湾,3室2厅1厨1卫,91.79㎡,,低楼层 (共26层),东南,150万,16342元/平米,未知年建/
凯莱丽景雅筑,4室2厅1厨2卫,147.29㎡,,低楼层 (共6层),东南,210万,14258元/平米,2007年
万科海悦汇城东区,4室2厅1厨2卫,123.95㎡,,低楼层 (共50层),南,210万,16943元/平米,2014年
南湖国际社区一期,3室2厅1厨2卫,127.76㎡,,低楼层 (共34层),东,185万,14481元/平米,2010年
心怡中丝园,3室2厅1厨2卫,102.4㎡,,低楼层 (共29层),东,185万,18067元/平米,2015年
三利云锦,4室2厅1厨2卫,163.07㎡,,低楼层 (共39层),南,386万,23671元/平米,2013年
青南美湾,2室2厅1厨1卫,77.65㎡,,中楼层 (共26层),南,132万,17000元/平米,未知年建/
南湖国际社区,2室1厅1厨1卫,76.45㎡,,高楼层 (共17层),东,121.2万,15854元/平米,2010年
金茂光明城市,4室2厅1厨2卫,128.19㎡,,高楼层 (共33层),南,255万,19893元/平米,2016年
青南美湾,2室2厅1厨1卫,77.65㎡,,中楼层 (共26层),南,132万,17000元/平米,未知年建/
慕和南道,3室2厅1厨2卫,146.58㎡,,低楼层 (共25层),东,230万,15692元/平米,2010年
洛森堡,4室2厅1厨2卫,137.3㎡,,高楼层 (共28层),西南,210万,15295元/平米,2009年
恒大名都,3室2厅1厨2卫,100.25㎡,,高楼层 (共31层),东,185万,18454元/平米,2012年
南湖国际社区,4室2厅1厨3卫,276.13㎡,,中楼层 (共34层),东,350万,12676元/平米,2010年
南湖国际社区,4室1厅1厨3卫,186㎡,,低楼层 (共34层),东南,288万,15484元/平米,2010年
麓山国际茵特拉肯B区,4室2厅2厨3卫,225.75㎡,,低楼层 (共29层),南,480万,21263元/平米,2006年
蜀郡,3室2厅1厨2卫,116㎡,,中楼层 (共18层),南 北,230万,19828元/平米,2010年
恒大天府半岛一期,3室2厅1厨1卫,107㎡,,高楼层 (共23层),东南,200万,18692元/平米,2017年
远光水印城,4室2厅1厨2卫,124.79㎡,,中楼层 (共35层),西南,200万,16027元/平米,2009年
蜀郡,4室2厅1厨3卫,266.01㎡,,低楼层 (共3层),装修情况其他,468万,17594元/平米,2010年
美城悦荣府,5室3厅1厨3卫,329.43㎡,,低楼层 (共3层),装修情况其他,700万,21249元/平米,未知年建
府河音乐花园,4室2厅1厨3卫,224.69㎡,,低楼层 (共5层),南,330万,14687元/平米,2001年
三和南庭,3室2厅1厨2卫,118.72㎡,,高楼层 (共6层),南,155万,13056元/平米,2005年
雅居乐花园香草山,4室2厅1厨3卫,393.96㎡,,低楼层 (共5层),装修情况其他,400万,10154元/平米,2011年
蜀郡,3室2厅1厨2卫,117.49㎡,,高楼层 (共18层),南,230万,19577元/平米,2010年
瑞升橡树林华府,4室2厅1厨2卫,121.38㎡,,高楼层 (共32层),东 西,218万,17961元/平米,2015年
雅居乐花园香草山,7室2厅1厨7卫,432.7㎡,,低楼层 (共4层),装修情况其他,380万,8783元/平米,2011年
三利麓山城翠薇谷,4室2厅1厨2卫,154.55㎡,,高楼层 (共11层),南,298万,19282元/平米,2015年
佳兆业君汇上品,3室2厅1厨2卫,128.48㎡,,低楼层 (共33层),东,283万,22027元/平米,2013年
新鸿基悦城,3室2厅1厨2卫,148.97㎡,,低楼层 (共31层),南,280万,18796元/平米,2015年
成都玩家,3室2厅1厨2卫,85.78㎡,,中楼层 (共24层),东,200万,23316元/平米,2016年
万科海悦汇城西区,2室1厅1厨1卫,60㎡,,高楼层 (共35层),东南,145万,24167元/平米,2015年
万科海悦汇城东区,2室2厅1厨1卫,58.8㎡,,中楼层 (共35层),南,142万,24150元/平米,2014年
雅居乐花园,3室1厅1厨1卫,105㎡,,中楼层 (共11层),东南,158万,15048元/平米,2008年
成都玩家,3室1厅1厨1卫,89.07㎡,,中楼层 (共36层),东,185万,20771元/平米,2016年
南阳盛世二期,1室1厅1厨1卫,60.71㎡,,高楼层 (共26层),南,80万,13178元/平米,2011年
和泓半山二期,5室2厅1厨4卫,287.57㎡,,低楼层 (共3层),装修情况毛坯,340万,11824元/平米,2014年
麓山国际拉佩维尔,3室2厅1厨3卫,218.32㎡,,低楼层 (共5层),装修情况其他,450万,20612元/平米,2006年
南延线蔚蓝卡地亚,5室2厅1厨4卫,612.09㎡,,低楼层 (共3层),装修情况其他,1600万,26140元/平米,2015年
滨江公寓,4室2厅1厨2卫,180.8㎡,,高楼层 (共6层),南 北,213万,11781元/平米,未知年建/
雅居乐花园,4室2厅1厨2卫,155.94㎡,,中楼层 (共26层),东南,242万,15519元/平米,2009年
府河菁华,4室3厅1厨3卫,178.96㎡,,高楼层 (共6层),东南,248万,13858元/平米,未知年建
恒大名都,4室2厅1厨2卫,240㎡,,低楼层 (共31层),东,310万,12917元/平米,2013年
万科海悦汇城西区,4室2厅1厨2卫,112㎡,,低楼层 (共44层),南,230万,20536元/平米,2015年
阳光华庭,4室2厅1厨3卫,158.69㎡,,高楼层 (共6层),东 西,210万,13234元/平米,2005年
凯莱丽景雅筑,4室2厅1厨2卫,195㎡,,高楼层 (共6层),南,295万,15129元/平米,2007年
南湖国际社区,3室2厅1厨2卫,131.44㎡,,高楼层 (共34层),北,205万,15597元/平米,2010年
瑞升橡树林华府,2室1厅1厨1卫,64.29㎡,,中楼层 (共26层),南,148万,23021元/平米,未知年建/
南湖国际社区,3室2厅1厨2卫,129.13㎡,,低楼层 (共34层),西,199万,15411元/平米,2010年
雅居乐花园,3室2厅1厨2卫,117.57㎡,,低楼层 (共11层),东南,200万,17012元/平米,2008年
心怡中丝园,3室2厅1厨2卫,102.43㎡,,中楼层 (共29层),东,200万,19526元/平米,2015年
戛纳湾金棕榈,4室2厅1厨2卫,173.92㎡,,低楼层 (共32层),南 北,294万,16905元/平米,2016年
南湖世纪,3室2厅1厨2卫,110.35㎡,,低楼层 (共32层),西,205万,18578元/平米,2016年
成都玩家,2室2厅1厨1卫,85㎡,,中楼层 (共36层),东北,165万,19412元/平米,2016年
麓山国际塞尔维蒙,4室2厅1厨3卫,189.09㎡,,低楼层 (共4层),装修情况其他,410万,21683元/平米,2008年
蓝岸丽景,4室2厅1厨2卫,129.08㎡,,高楼层 (共18层),南,200万,15495元/平米,2009年
心怡中丝园,3室2厅1厨2卫,102㎡,,高楼层 (共29层),东,195万,19118元/平米,2015年
南湖国际社区,2室1厅1厨1卫,75.36㎡,,低楼层 (共17层),东南,128万,16986元/平米,2010年
中信城左岸,2室2厅1厨1卫,72㎡,,中楼层 (共33层),东南,136.8万,19000元/平米,未知年建/
佳兆业君汇上品,5室2厅1厨3卫,172.2㎡,,高楼层 (共32层),南,300万,17422元/平米,2013年
心怡中丝园,2室2厅1厨1卫,74.61㎡,,低楼层 (共33层),西,150万,20105元/平米,2015年
万科海悦汇城西区,2室2厅1厨1卫,56.89㎡,,低楼层 (共35层),南,138万,24258元/平米,2015年
佳兆业君汇上品,4室2厅1厨2卫,146.02㎡,,中楼层 (共33层),西,275万,18834元/平米,2013年
佳兆业君汇上品,3室2厅1厨2卫,103.06㎡,,高楼层 (共33层),东,189万,18339元/平米,2013年
南湖国际社区,4室2厅1厨3卫,156.42㎡,,低楼层 (共33层),西,260万,16622元/平米,2010年
南湖世纪,3室2厅1厨2卫,98.87㎡,,高楼层 (共30层),西北,178万,18004元/平米,2016年
麓山国际茵特拉肯B区,3室2厅2厨2卫,169.66㎡,,中楼层 (共29层),南 北,310万,18272元/平米,2006年
南湖国际社区,3室2厅1厨2卫,131.9㎡,,中楼层 (共34层),东,245万,18575元/平米,2010年
宏信南樾,4室2厅1厨2卫,132.9㎡,,低楼层 (共26层),西南,215万,16178元/平米,2007年
南湖国际社区,3室2厅1厨3卫,162.74㎡,,低楼层 (共34层),东,280万,17206元/平米,2010年
麓山国际云曦台,3室2厅1厨2卫,99㎡,,低楼层 (共30层),南 北,180万,18182元/平米,2015年
南湖国际社区,4室2厅1厨3卫,180.41㎡,,低楼层 (共34层),东南,260万,14412元/平米,2010年
南湖国际社区,4室2厅1厨3卫,234.76㎡,,低楼层 (共34层),南,300万,12780元/平米,2010年
蜀郡,3室2厅1厨2卫,162.74㎡,,中楼层 (共4层),南,350万,21507元/平米,2010年
景茂城果,1室0厅0厨0卫,41.53㎡,,低楼层 (共25层),东,52.4万,12601元/平米,2012年
心怡紫晶城,3室2厅1厨2卫,135.41㎡,,高楼层 (共26层),南,251万,18537元/平米,2011年
洛森堡,3室2厅1厨1卫,93.51㎡,,低楼层 (共34层),西北,165万,17646元/平米,2009年
洛森堡,4室2厅1厨2卫,128.6㎡,,高楼层 (共34层),南,207万,16097元/平米,2009年
南湖国际社区,3室2厅1厨2卫,129㎡,,高楼层 (共34层),北,200万,15504元/平米,2010年
南湖国际社区一期,3室1厅1厨2卫,114㎡,,低楼层 (共34层),东,195万,17106元/平米,2010年
六菱社区,3室2厅1厨2卫,123.3㎡,,低楼层 (共6层),东,132万,10706元/平米,2000年
麓山国际云堤曦岸,4室2厅2厨2卫,158.36㎡,,高楼层 (共32层),东南,330万,20839元/平米,2006年
心怡中丝园,3室2厅1厨2卫,102㎡,,高楼层 (共33层),南 北,180万,17648元/平米,2015年
麓山国际云堤曦岸,3室1厅1厨2卫,125.72㎡,,高楼层 (共32层),西南,260万,20681元/平米,2006年
南湖左岸,2室2厅1厨1卫,74㎡,,低楼层 (共25层),西北,143万,19325元/平米,2015年
新鸿基悦城,3室1厅1厨2卫,165.67㎡,,低楼层 (共31层),西南,298万,17988元/平米,2015年
阳光花园,3室2厅1厨2卫,97.5㎡,,高楼层 (共6层),南,126万,12924元/平米,2003年
雅居乐花园峰会北区,4室2厅2厨3卫,199.16㎡,,低楼层 (共3层),装修情况其他,599万,30077元/平米,2009年
南湖左岸,3室1厅1厨1卫,85.39㎡,,中楼层 (共18层),东北,170万,19909元/平米,2015年
顺心苑,3室2厅1厨2卫,150.63㎡,,中楼层 (共6层),东南,168万,11154元/平米,未知年建/
佳兆业君汇上品,3室2厅1厨2卫,111.49㎡,,高楼层 (共33层),北,220万,19733元/平米,2013年
心怡紫晶城,4室2厅1厨2卫,127.25㎡,,低楼层 (共31层),东南,240万,18861元/平米,2011年
麓山国际云曦台,3室1厅1厨2卫,105.29㎡,,高楼层 (共22层),东南,218万,20705元/平米,2015年
和泓半山一期,5室2厅1厨3卫,313.81㎡,,低楼层 (共3层),装修情况其他,480万,15296元/平米,2011年
麓山国际圣芭芭拉,5室2厅1厨4卫,407.93㎡,,低楼层 (共5层),装修情况其他,680万,16670元/平米,2010年
静香庭园,3室2厅1厨2卫,129.27㎡,,中楼层 (共6层),北,142万,10985元/平米,未知年建/
宏达世纪锦城,2室1厅1厨1卫,84㎡,,高楼层 (共32层),东南 北,160万,19048元/平米,2012年
万科海悦汇城西区,2室2厅1厨1卫,62.69㎡,,高楼层 (共27层),东南,140万,22333元/平米,2015年
成都玩家,2室2厅1厨2卫,83.81㎡,,高楼层 (共24层),东南,160万,19091元/平米,未知年建/
万科海悦汇城西区,2室2厅1厨1卫,62.69㎡,,高楼层 (共27层),东南,140万,22333元/平米,2015年
佳兆业君汇上品,3室2厅1厨2卫,115㎡,,中楼层 (共38层),东北,208万,18087元/平米,2013年
青南美湾,2室2厅1厨1卫,71.54㎡,,低楼层 (共24层),东南,140万,19570元/平米,未知年建/
南湖国际社区,3室2厅1厨2卫,142.46㎡,,中楼层 (共34层),东,280万,19655元/平米,2010年
利通出水芙蓉,2室1厅1厨1卫,80㎡,,高楼层 (共6层),南,130万,16250元/平米,2005年
万科海悦汇城东区,3室2厅1厨2卫,105.99㎡,,高楼层 (共50层),东南,190万,17927元/平米,2014年
佳兆业君汇上品,3室2厅1厨2卫,110.87㎡,,中楼层 (共33层),西,240万,21647元/平米,2013年
恒大名都,3室2厅1厨2卫,105㎡,,高楼层 (共32层),西,195万,18572元/平米,2012年
瑞升橡树林华府,2室2厅1厨1卫,81.14㎡,,高楼层 (共32层),东南,150万,18487元/平米,2015年
瑞升橡树林华府,3室2厅1厨1卫,87.82㎡,,低楼层 (共34层),东南,165万,18789元/平米,2015年
南阳锦城晶品,2室2厅1厨1卫,78.85㎡,,中楼层 (共24层),西,158万,20039元/平米,2012年
洛森堡,3室2厅1厨1卫,97.87㎡,,高楼层 (共34层),东南,180万,18392元/平米,2009年
兰桥尚舍,4室2厅1厨3卫,207.71㎡,,低楼层 (共5层),装修情况其他,495万,23832元/平米,2006年
金茂光明城市,3室2厅1厨2卫,89.47㎡,,高楼层 (共27层),南,187万,20901元/平米,2016年
宏达世纪锦城,2室1厅1厨1卫,77.19㎡,,中楼层 (共32层),南,160万,20729元/平米,2012年
佳兆业君汇上品,4室1厅1厨2卫,94.52㎡,,高楼层 (共33层),南,230万,24334元/平米,2013年
洛森堡,3室2厅1厨2卫,116.91㎡,,中楼层 (共34层),西南,189万,16167元/平米,2009年
洛森堡,3室2厅1厨2卫,116.1㎡,,高楼层 (共32层),西北,175万,15074元/平米,2009年
新鸿基悦城,3室2厅1厨2卫,156.6㎡,,高楼层 (共31层),南,313万,19988元/平米,2015年
雅居乐花园,3室2厅1厨2卫,116.85㎡,,中楼层 (共11层),东南,185万,15833元/平米,2008年
恒大名都,3室2厅1厨2卫,99.97㎡,,中楼层 (共32层),西北,190万,19006元/平米,2012年
南湖国际社区,4室2厅1厨3卫,177㎡,,中楼层 (共34层),南,300万,16950元/平米,2010年
麓山国际拉佩维尔,4室2厅1厨4卫,233.06㎡,,中楼层 (共5层),装修情况其他,600万,25745元/平米,2006年
麓山国际茵特拉肯B区,3室2厅1厨3卫,226.39㎡,,高楼层 (共29层),东南,415万,18332元/平米,2006年
雅居乐花园峰会南区,3室2厅1厨3卫,165.47㎡,,低楼层 (共2层),装修情况精装,450万,27196元/平米,未知年建
雅居乐花园,4室2厅1厨3卫,177.76㎡,,低楼层 (共30层),西南,240万,13502元/平米,2010年
万科海悦汇城东区,3室2厅1厨2卫,105㎡,,高楼层 (共50层),东南,188万,17905元/平米,2014年
万科海悦汇城西区,2室2厅1厨1卫,62.34㎡,,中楼层 (共35层),西南,135万,21656元/平米,2015年
华阳滨河花园,3室2厅1厨2卫,126.31㎡,,低楼层 (共6层),西北,177万,14014元/平米,2003年
宏达世纪锦城,3室2厅1厨1卫,98.9㎡,,中楼层 (共32层),东南,189.5万,19161元/平米,2012年
伯爵山,5室2厅1厨4卫,381.6㎡,,低楼层 (共3层),装修情况其他,500万,13103元/平米,2011年
成南锦秀,3室2厅1厨2卫,151.14㎡,,高楼层 (共6层),东,178万,11778元/平米,2007年
佳兆业君汇上品,4室2厅1厨2卫,135.42㎡,,高楼层 (共33层),东,260万,19200元/平米,2013年
南延线蔚蓝卡地亚,4室2厅1厨3卫,300㎡,,高楼层 (共8层),南 北,510万,17000元/平米,2015年
麓山国际长岛,5室2厅2厨5卫,438.98㎡,,低楼层 (共3层),装修情况毛坯,1300万,29615元/平米,2012年
南延线蔚蓝卡地亚,3室2厅1厨3卫,333㎡,,低楼层 (共3层),装修情况其他,800万,24025元/平米,2015年
成南领寓,1室1厅1厨1卫,53.9㎡,,低楼层 (共31层),东南,42万,7793元/平米,2008年
麓山国际拉佩维尔,4室2厅1厨2卫,214.05㎡,,低楼层 (共5层),装修情况精装,650万,30367元/平米,2006年
三利云锦,3室2厅1厨2卫,113.45㎡,,高楼层 (共39层),南,265万,23359元/平米,2013年
黄金海岸,4室2厅1厨2卫,199.66㎡,,高楼层 (共6层),南,260万,13023元/平米,2003年
欧香小镇,4室2厅1厨4卫,454.06㎡,,地下室 (共3层),装修情况其他,900万,19822元/平米,2014年
南延线蔚蓝卡地亚,4室2厅1厨3卫,274.19㎡,,高楼层 (共8层),南,800万,29177元/平米,2015年
兰桥尚舍,3室2厅1厨3卫,168㎡,,中楼层 (共5层),装修情况其他,400万,23810元/平米,2006年
麓湖生态城蓝花屿,4室3厅2厨3卫,362.01㎡,,低楼层 (共2层),装修情况其他,1500万,41436元/平米,2013年
欧香小镇,4室2厅1厨4卫,506.77㎡,,地下室 (共3层),装修情况其他,1500万,29600元/平米,2014年
美城悦荣府,5室2厅1厨3卫,335.08㎡,,低楼层 (共3层),装修情况其他,630万,18802元/平米,未知年建
戛纳湾滨江,1室1厅1厨1卫,46.09㎡,,中楼层 (共32层),南,90万,19528元/平米,2010年
麓山国际茵特拉肯B区,5室2厅2厨5卫,305㎡,,低楼层 (共29层),南,600万,19673元/平米,2006年
雅居乐铂雅苑,4室2厅1厨4卫,332.51㎡,,中楼层 (共25层),南,500万,15038元/平米,2014年
美城悦荣府,4室3厅1厨3卫,311.24㎡,,低楼层 (共3层),装修情况其他,720万,23134元/平米,未知年建/
麓山国际云堤曦岸,4室2厅1厨2卫,151.9㎡,,低楼层 (共32层),东南,362万,23832元/平米,2006年
六菱社区,3室2厅1厨2卫,123.33㎡,,高楼层 (共6层),西南,130万,10541元/平米,2000年
蜀郡,4室2厅1厨3卫,464.37㎡,,地下室 (共3层),装修情况其他,600万,12921元/平米,2010年
黄金海岸,3室2厅1厨2卫,187.42㎡,,低楼层 (共6层),北,300万,16007元/平米,2003年
府河音乐花园,6室2厅1厨3卫,311.25㎡,,中楼层 (共5层),南,380万,12209元/平米,2001年
锦官丽城亲水湾,3室2厅1厨2卫,131.89㎡,,高楼层 (共6层),北,218万,16529元/平米,未知年建/
麓山国际水晶岗28号院,5室2厅1厨4卫,302.79㎡,,低楼层 (共3层),装修情况其他,1200万,39632元/平米,2006年
南延线蔚蓝卡地亚,6室2厅1厨4卫,300.9㎡,,高楼层 (共8层),南,900万,29911元/平米,2015年
新鸿基悦城,5室3厅1厨4卫,387.16㎡,,高楼层 (共31层),东南 南 北,700万,18081元/平米,2012年
利通出水芙蓉,4室2厅1厨3卫,167.53㎡,,高楼层 (共6层),西北,300万,17908元/平米,2005年
三利宅院白云渡,5室2厅1厨4卫,323.77㎡,,地下室 (共3层),装修情况精装,710万,21930元/平米,2008年
南延线蔚蓝卡地亚,4室2厅1厨4卫,334.75㎡,,低楼层 (共3层),装修情况精装,650万,19418元/平米,2015年
麓山国际茵特拉肯B区,4室2厅1厨5卫,305㎡,,低楼层 (共29层),南,650万,21312元/平米,2006年
慕和南道,2室2厅1厨1卫,87.09㎡,,低楼层 (共18层),东 西,170万,19521元/平米,2010年
蓝岸丽景,3室2厅1厨2卫,127.92㎡,,中楼层 (共18层),东,230万,17980元/平米,2009年
佳兆业君汇上品,3室2厅1厨2卫,103㎡,,中楼层 (共33层),西,200万,19418元/平米,2013年
瑞升橡树林华府,3室2厅1厨1卫,91.95㎡,,低楼层 (共34层),东北,178万,19359元/平米,2015年
宏达世纪锦城,2室2厅1厨1卫,77.41㎡,,高楼层 (共32层),西南,160万,20670元/平米,2012年
南湖世纪,3室2厅1厨1卫,90.15㎡,,低楼层 (共30层),南,162万,17971元/平米,2016年
万科海悦汇城东区,2室2厅1厨1卫,60.32㎡,,低楼层 (共35层),西南,150万,24868元/平米,2014年
洛森堡,2室1厅1厨1卫,88㎡,,中楼层 (共34层),北,153万,17387元/平米,2009年
南湖国际社区,3室2厅1厨2卫,128.98㎡,,低楼层 (共34层),北,202万,15662元/平米,2010年
欣宇都市港湾,3室1厅1厨2卫,122.8㎡,,中楼层 (共11层),东 南,185万,15066元/平米,2010年
成都玩家,2室2厅1厨1卫,68.09㎡,,低楼层 (共24层),南,140万,20562元/平米,2016年
凯莱丽景雅筑,3室2厅1厨2卫,157.29㎡,,低楼层 (共6层),南,230万,14623元/平米,2007年
南湖国际社区,3室2厅1厨2卫,143.56㎡,,低楼层 (共34层),东南,270万,18808元/平米,2010年
顺江苑,2室2厅1厨1卫,92.17㎡,,高楼层 (共6层),东南,90万,9765元/平米,未知年建/
宏达世纪锦城,3室2厅1厨1卫,98.33㎡,,中楼层 (共39层),南,200万,20340元/平米,2012年
万科海悦汇城西区,3室1厅1厨2卫,105㎡,,高楼层 (共50层),南,195万,18572元/平米,2015年
欧香小镇,2室1厅1厨2卫,136.19㎡,,低楼层 (共31层),南,240万,17623元/平米,2014年
万科海悦汇城西区,2室1厅1厨1卫,60.29㎡,,高楼层 (共35层),西南,145万,24051元/平米,2015年
万科海悦汇城西区,2室2厅1厨1卫,62.33㎡,,中楼层 (共35层),东南,140万,22462元/平米,2015年
南湖国际社区,3室2厅1厨2卫,141㎡,,低楼层 (共34层),西,250万,17731元/平米,2010年
佳兆业君汇上品,3室2厅1厨2卫,108.52㎡,,中楼层 (共33层),北,200万,18430元/平米,2013年
南湖国际社区一期,3室2厅1厨2卫,114㎡,,低楼层 (共34层),北,183万,16053元/平米,2010年
戛纳湾金棕榈,3室2厅1厨2卫,120.47㎡,,中楼层 (共32层),南 北,215万,17847元/平米,2016年
麓山国际茵特拉肯A,3室2厅1厨1卫,133.57㎡,,低楼层 (共18层),东南,243万,18193元/平米,2016年
成南领寓,3室1厅1厨2卫,118.45㎡,,中楼层 (共31层),西,142万,11989元/平米,未知年建/
石油广都小区,3室2厅1厨1卫,110.47㎡,,高楼层 (共6层),南 北,120万,10863元/平米,2002年
天府美岸,4室2厅1厨2卫,116.39㎡,,高楼层 (共32层),东南,260万,22339元/平米,未知年建/
佳兆业君汇上品,3室2厅1厨2卫,120.41㎡,,中楼层 (共33层),东,195万,16195元/平米,2013年
凯莱丽景雅筑,4室2厅1厨2卫,157.29㎡,,中楼层 (共6层),南,263万,16721元/平米,2007年
雅居乐花园,4室2厅1厨2卫,156.04㎡,,高楼层 (共11层),南,210万,13459元/平米,2008年
阳光华苑,3室2厅1厨2卫,108.93㎡,,高楼层 (共5层),南,190万,17443元/平米,2008年
麓山国际拉佩维尔,4室2厅1厨2卫,168㎡,,低楼层 (共6层),南,450万,26786元/平米,2006年
蓝山美树,4室1厅1厨2卫,199㎡,,低楼层 (共4层),南,360万,18091元/平米,2009年
佳兆业君汇上品,4室2厅1厨2卫,147㎡,,高楼层 (共32层),东北,268万,18232元/平米,2013年
麓山国际SOLO公寓,1室0厅1厨1卫,33.45㎡,,中楼层 (共10层),西,50万,14948元/平米,2010年
洛森堡,2室2厅1厨1卫,83.75㎡,,低楼层 (共34层),东,158万,18866元/平米,2009年
雅居乐花园,3室2厅1厨2卫,123㎡,,中楼层 (共30层),东南,210万,17074元/平米,2010年
南湖国际社区一期,2室1厅1厨1卫,77.39㎡,,低楼层 (共34层),东南,140万,18091元/平米,2010年
南延线蔚蓝卡地亚,4室2厅1厨3卫,277.59㎡,,高楼层 (共8层),南,690万,24857元/平米,未知年建/
南湖国际社区,3室1厅1厨2卫,152㎡,,中楼层 (共34层),北,270万,17764元/平米,2010年
洛森堡,2室1厅1厨1卫,83.85㎡,,高楼层 (共34层),东南,138万,16458元/平米,2009年
雅居乐花园,3室2厅1厨2卫,121㎡,,高楼层 (共30层),南,200万,16529元/平米,2010年
万科海悦汇城西区,3室2厅1厨1卫,79.4㎡,,中楼层 (共27层),东 北,200万,25189元/平米,2015年
六菱社区,3室2厅1厨2卫,132.43㎡,,低楼层 (共11层),东北,198万,14952元/平米,未知年建/
心怡中丝园,2室2厅1厨1卫,75.76㎡,,低楼层 (共33层),西,158万,20856元/平米,2015年
南湖国际社区,3室1厅1厨2卫,131.9㎡,,中楼层 (共34层),西南,242万,18348元/平米,2010年
美城悦荣府,3室2厅1厨2卫,105.49㎡,,低楼层 (共34层),南,240万,22751元/平米,2017年
金茂光明城市,3室1厅1厨2卫,89.41㎡,,低楼层 (共33层),南,200万,22369元/平米,2016年
恒大名都,2室1厅1厨1卫,84㎡,,中楼层 (共32层),南,158万,18810元/平米,2012年
慕和南道,3室2厅1厨2卫,140.11㎡,,中楼层 (共26层),西,260万,18557元/平米,2010年
万科海悦汇城西区,3室1厅1厨2卫,105㎡,,低楼层 (共44层),南,220万,20953元/平米,2015年
麓山国际茵特拉肯B区,4室2厅1厨3卫,255㎡,,低楼层 (共27层),东南,493万,19334元/平米,2006年
绿水康城,5室2厅1厨3卫,245.2㎡,,低楼层 (共4层),装修情况其他,518万,21126元/平米,2003年
蜀郡,4室2厅1厨3卫,265.76㎡,,低楼层 (共3层),装修情况其他,680万,25587元/平米,2010年
伯爵山,6室2厅1厨4卫,334.59㎡,,低楼层 (共3层),装修情况其他,498万,14884元/平米,2011年
蜀郡,5室2厅1厨3卫,325.14㎡,,低楼层 (共3层),装修情况其他,492万,15132元/平米,2010年
南延线蔚蓝卡地亚,4室2厅1厨3卫,244.6㎡,,中楼层 (共8层),东南,550万,22486元/平米,2015年
洛森堡,3室2厅1厨1卫,93.51㎡,,中楼层 (共34层),东南,170万,18180元/平米,2009年
三利云锦,4室2厅1厨2卫,154.44㎡,,高楼层 (共39层),南,340万,22016元/平米,2013年
青南美湾,2室2厅1厨1卫,77.81㎡,,低楼层 (共18层),西南,146万,18764元/平米,未知年建/
青南美湾,2室1厅1厨1卫,89.06㎡,,中楼层 (共24层),南,155万,17404元/平米,未知年建/
雅居乐十里花巷,3室2厅1厨2卫,132.74㎡,,低楼层 (共31层),南,185万,13938元/平米,2016年
恒大天府半岛一期,2室2厅1厨1卫,94㎡,,低楼层 (共29层),东,166万,17660元/平米,2017年
金茂光明城市,4室2厅1厨3卫,179.15㎡,,低楼层 (共33层),南,350万,19537元/平米,2016年
雅居乐花园,4室2厅1厨2卫,157㎡,,低楼层 (共11层),西南 东北,200万,12739元/平米,2008年
万科海悦汇城西区,2室1厅1厨1卫,52.89㎡,,低楼层 (共35层),东北,142万,26849元/平米,2015年
佳兆业君汇上品,3室2厅1厨2卫,129.73㎡,,低楼层 (共25层),东北,245万,18886元/平米,2013年
戛纳湾滨江,1室1厅1厨1卫,66㎡,,高楼层 (共32层),东,120万,18182元/平米,2010年
南湖国际社区,3室2厅1厨2卫,124㎡,,高楼层 (共34层),东,230万,18549元/平米,2010年
戛纳湾滨江,1室1厅1厨1卫,46.04㎡,,高楼层 (共32层),东南,95万,20635元/平米,2010年
美城悦荣府,3室2厅1厨2卫,97.69㎡,,高楼层 (共34层),南,180万,18426元/平米,2017年
麓山国际茵特拉肯B区,3室2厅1厨2卫,163.83㎡,,低楼层 (共26层),南,500万,30520元/平米,2006年
瑞升橡树林华府,3室2厅1厨2卫,85.99㎡,,高楼层 (共34层),东南,160万,18607元/平米,未知年建/
南湖世纪,3室1厅1厨2卫,119.08㎡,,中楼层 (共32层),东,228万,19147元/平米,2016年
心怡紫晶城,3室2厅1厨2卫,131㎡,,中楼层 (共26层),东南,202万,15420元/平米,2011年
青南美湾,2室2厅1厨1卫,89.09㎡,,低楼层 (共24层),东南,150万,16837元/平米,未知年建/
南湖国际社区,3室2厅1厨2卫,125.65㎡,,低楼层 (共34层),南,196万,15599元/平米,2010年
欧香小镇,2室2厅1厨2卫,137.17㎡,,低楼层 (共31层),南,250万,18226元/平米,2014年
远大中央公园一期,4室2厅1厨2卫,141㎡,,高楼层 (共38层),西南,252万,17873元/平米,未知年建/
南湖国际社区,3室2厅1厨2卫,130㎡,,中楼层 (共34层),南,215万,16539元/平米,2010年
利通出水芙蓉,4室2厅1厨2卫,144㎡,,中楼层 (共5层),南,218万,15139元/平米,2005年
左岸花都,3室2厅1厨2卫,110.46㎡,,高楼层 (共6层),西北,198万,17926元/平米,2003年
心怡紫晶城,3室2厅1厨2卫,99.27㎡,,中楼层 (共26层),东,170万,17126元/平米,2011年
南湖国际社区一期,2室1厅1厨1卫,76.98㎡,,高楼层 (共34层),东,150万,19486元/平米,2010年
南湖国际社区,3室2厅1厨2卫,128.37㎡,,低楼层 (共34层),南,226万,17606元/平米,2010年
宏达世纪锦城,2室2厅1厨1卫,83.36㎡,,中楼层 (共32层),西南,175万,20994元/平米,2012年
万科海悦汇城东区,2室2厅1厨1卫,59.18㎡,,低楼层 (共34层),东南,135万,22812元/平米,2014年
雅居乐铂雅苑,7室3厅1厨7卫,344.97㎡,,低楼层 (共24层),南,615万,17828元/平米,2014年
府河音乐花园,4室2厅1厨4卫,273㎡,,中楼层 (共5层),西南,420万,15385元/平米,2001年
麓山国际云曦台,3室2厅1厨2卫,106㎡,,中楼层 (共22层),西南 西北,180万,16982元/平米,2015年
南湖国际社区,5室2厅1厨5卫,442.81㎡,,中楼层 (共30层),东,580万,13099元/平米,2010年
雅居乐花园,3室2厅1厨2卫,123㎡,,中楼层 (共30层),东南 南,165万,13415元/平米,2010年
雅居乐铂雅苑,4室2厅1厨4卫,288.6㎡,,低楼层 (共24层),南,400万,13861元/平米,2014年
麓山国际拉佩维尔,4室2厅1厨3卫,240.11㎡,,中楼层 (共5层),装修情况其他,480万,19991元/平米,2006年
南湖国际社区,4室2厅1厨3卫,276.13㎡,,中楼层 (共34层),东,480万,17384元/平米,2010年
左岸花都,3室2厅1厨2卫,135.11㎡,,中楼层 (共6层),南,243万,17986元/平米,2003年
华阳滨河花园,3室2厅1厨2卫,132.76㎡,,高楼层 (共6层),南,178万,13408元/平米,2003年
欧香小镇,3室2厅1厨3卫,202㎡,,高楼层 (共31层),南,295万,14604元/平米,2014年
麓山国际塞尔维蒙,3室2厅1厨2卫,163.81㎡,,低楼层 (共4层),装修情况其他,500万,30524元/平米,2008年
凯华丽景,3室2厅1厨2卫,141.89㎡,,高楼层 (共18层),南,223万,15717元/平米,2009年
景茂城果,2室1厅1厨1卫,52.08㎡,,高楼层 (共24层),北,106万,20354元/平米,2012年
景茂城果,1室0厅0厨0卫,31.07㎡,,低楼层 (共25层),东,39.2万,12601元/平米,2012年
景茂城果,1室0厅0厨0卫,37.3㎡,,低楼层 (共25层),东,47万,12601元/平米,2012年
南湖国际社区,5室3厅1厨3卫,163.55㎡,,高楼层 (共34层),南,268万,16387元/平米,2010年
锦官丽城亲水湾,3室2厅1厨2卫,144.68㎡,,中楼层 (共6层),南,248万,17142元/平米,2006年
南湖国际社区,3室2厅1厨3卫,164.68㎡,,低楼层 (共34层),南,290万,17610元/平米,2010年
戛纳湾滨江,1室1厅1厨1卫,66.01㎡,,高楼层 (共32层),西,120万,18180元/平米,2010年
洛森堡,2室1厅1厨1卫,88.24㎡,,低楼层 (共34层),东南,145万,16433元/平米,2009年
兰桥尚舍,4室2厅1厨3卫,265.77㎡,,低楼层 (共3层),装修情况毛坯,520万,19566元/平米,2006年
南延线蔚蓝卡地亚,5室2厅1厨4卫,393.16㎡,,低楼层 (共3层),装修情况其他,1000万,25435元/平米,2015年
南延线蔚蓝卡地亚,8室4厅1厨6卫,860.85㎡,,低楼层 (共3层),装修情况其他,2700万,31365元/平米,2015年
原乡,5室3厅1厨2卫,241.77㎡,,低楼层 (共3层),装修情况其他,460万,19027元/平米,2008年
凯华丽景,1室2厅1厨1卫,64.94㎡,,低楼层 (共20层),西,123万,18941元/平米,2009年
雅居乐花园,1室2厅1厨1卫,57㎡,,高楼层 (共11层),西南,85万,14913元/平米,2008年
麓山国际圆石滩,5室3厅2厨5卫,473.46㎡,,低楼层 (共3层),装修情况毛坯,1000万,21122元/平米,2005年
阳光华庭,3室2厅1厨2卫,132.81㎡,,低楼层 (共6层),东南 西北,150万,11295元/平米,2005年
南湖世纪,2室2厅1厨1卫,71.55㎡,,低楼层 (共30层),东南,127万,17750元/平米,2016年
中信城左岸,3室2厅1厨1卫,88.5㎡,,高楼层 (共33层),东南,178万,20113元/平米,未知年建/
佳兆业君汇上品,3室2厅1厨1卫,89.16㎡,,低楼层 (共33层),西南,160万,17946元/平米,2013年
丽都新城一期,3室2厅1厨2卫,131.12㎡,,高楼层 (共6层),西北,158万,12051元/平米,2010年
远大中央公园一期,4室2厅1厨2卫,140.25㎡,,低楼层 (共33层),西北,245万,17469元/平米,2016年
万科海悦汇城西区,2室1厅1厨1卫,58.71㎡,,中楼层 (共35层),北,145万,24698元/平米,2015年
新鸿基悦城,6室2厅1厨4卫,302.37㎡,,低楼层 (共31层),南,550万,18190元/平米,2011年
雅居乐花园香草山,5室2厅1厨4卫,273㎡,,低楼层 (共3层),装修情况其他,380万,13920元/平米,2011年
和泓半山二期,4室2厅2厨4卫,258.21㎡,,低楼层 (共3层),装修情况毛坯,350万,13555元/平米,2014年
洛森堡,3室1厅1厨2卫,117㎡,,高楼层 (共34层),南 北,220万,18804元/平米,2009年
雅居乐十年雅墅,5室2厅1厨5卫,300㎡,,低楼层 (共1层),装修情况精装,680万,22667元/平米,未知年建/
万科海悦汇城东区,3室2厅1厨2卫,98.79㎡,,高楼层 (共48层),西南,198万,20043元/平米,2014年
雅居乐铂雅苑,4室3厅1厨4卫,286㎡,,低楼层 (共24层),南,550万,19231元/平米,2014年
雅居乐铂雅苑,4室2厅1厨3卫,332.51㎡,,中楼层 (共25层),南,547万,16451元/平米,2014年
南湖国际社区一期,3室2厅1厨2卫,114㎡,,低楼层 (共34层),北,200万,17544元/平米,2010年
恒大名都,4室2厅1厨3卫,184.72㎡,,低楼层 (共31层),南,360万,19489元/平米,2013年
金南园,3室2厅1厨2卫,145.53㎡,,高楼层 (共6层),南,135万,9277元/平米,2004年
麓山国际塞尔维蒙,3室2厅1厨2卫,148㎡,,中楼层 (共4层),装修情况其他,365万,24663元/平米,2008年
华阳教师苑,4室3厅1厨2卫,159.84㎡,,高楼层 (共6层),东南,148万,9260元/平米,未知年建/
戛纳湾滨江,1室1厅1厨1卫,48.06㎡,,中楼层 (共32层),东,89万,18519元/平米,2010年
和谐苑,3室2厅1厨1卫,100.94㎡,,高楼层 (共6层),西,115万,11393元/平米,未知年建/
万科海悦汇城西区,2室2厅1厨1卫,60㎡,,低楼层 (共35层),北,135万,22500元/平米,2015年
翠拥天地,4室2厅1厨2卫,126.32㎡,,中楼层 (共5层),装修情况其他,300万,23750元/平米,2005年
万科海悦汇城东区,3室2厅1厨2卫,99.32㎡,,低楼层 (共50层),西北,200万,20137元/平米,2014年
远大中央公园一期,3室2厅1厨2卫,106.75㎡,,中楼层 (共33层),北,250万,23420元/平米,2016年
华阳滨河花园,2室2厅1厨1卫,88.67㎡,,低楼层 (共5层),东北,150万,16917元/平米,2003年
恒大名都,2室2厅1厨1卫,75.35㎡,,中楼层 (共32层),西,160万,21235元/平米,2012年
三利宅院白云渡,7室2厅1厨7卫,593.95㎡,,地下室 (共3层),装修情况其他,1500万,25255元/平米,2008年
蜀郡又一城,3室2厅1厨1卫,97.17㎡,,中楼层 (共31层),东南,200万,20583元/平米,2014年
双华麓港,3室2厅1厨2卫,117㎡,,低楼层 (共26层),东,249万,21283元/平米,2009年
双华麓港,3室2厅1厨2卫,115.66㎡,,中楼层 (共26层),南,200万,17293元/平米,2009年
洛森堡,4室2厅1厨2卫,114㎡,,高楼层 (共34层),南 北,190万,16667元/平米,2009年
南湖世纪,2室2厅1厨1卫,89.89㎡,,高楼层 (共33层),东南,161.8万,18000元/平米,2016年
万科海悦汇城西区,2室1厅1厨1卫,56.88㎡,,中楼层 (共35层),南,160万,28130元/平米,2015年
成都玩家,2室2厅1厨1卫,68.09㎡,,低楼层 (共24层),西,135万,19827元/平米,未知年建/
宏达世纪锦城,2室2厅1厨1卫,83.18㎡,,低楼层 (共32层),东南,205万,24646元/平米,2012年
宏信南樾,4室2厅1厨2卫,132.9㎡,,低楼层 (共26层),西南,200万,15049元/平米,2007年
南湖国际社区,2室2厅1厨1卫,76.35㎡,,低楼层 (共17层),东南,160万,20957元/平米,2010年
成都玩家,2室2厅1厨2卫,83.55㎡,,低楼层 (共36层),东北,200万,23938元/平米,未知年建/
南阳盛世二期,3室1厅1厨2卫,120.85㎡,,低楼层 (共31层),南,200万,16550元/平米,2011年
远大中央公园一期,3室2厅1厨2卫,108.83㎡,,高楼层 (共33层),东南,225万,20675元/平米,2016年
恒大名都,2室2厅1厨1卫,75㎡,,高楼层 (共32层),西,150万,20000元/平米,2012年
青南美湾,2室1厅1厨1卫,88.74㎡,,低楼层 (共24层),南,156万,17580元/平米,未知年建/
万科海悦汇城东区,2室2厅1厨1卫,59.03㎡,,低楼层 (共34层),东南,140万,23717元/平米,2014年
三利宅院白云渡,7室2厅1厨7卫,593.95㎡,,地下室 (共3层),装修情况其他,1500万,25255元/平米,2008年
建发浅水湾,5室2厅2厨4卫,523.08㎡,,低楼层 (共3层),装修情况其他,850万,16250元/平米,2012年
麓山国际云曦台,3室1厅1厨2卫,111.9㎡,,中楼层 (共22层),南 北,224万,20018元/平米,2015年
佳兆业君汇上品,3室2厅1厨2卫,129.73㎡,,高楼层 (共25层),东北,268万,20659元/平米,2013年
蓝山美树,4室2厅1厨2卫,162.01㎡,,高楼层 (共5层),南,280万,17283元/平米,未知年建/
南湖国际社区,3室2厅1厨2卫,134㎡,,高楼层 (共34层),西,215万,16045元/平米,2010年
万科海悦汇城东区,2室2厅1厨1卫,58.8㎡,,高楼层 (共35层),西南,135万,22960元/平米,2014年
南湖国际社区,4室2厅1厨3卫,177.5㎡,,低楼层 (共34层),西南,275万,15493元/平米,2010年
远大中央公园一期,3室2厅1厨2卫,97.68㎡,,低楼层 (共33层),南,180万,18428元/平米,2016年
和泓半山二期,4室2厅1厨3卫,286.71㎡,,低楼层 (共3层),装修情况精装,430万,14998元/平米,2014年
佳兆业君汇上品,3室2厅1厨2卫,128㎡,,高楼层 (共33层),西,232万,18125元/平米,2013年
雅居乐花园,4室2厅1厨2卫,142.63㎡,,中楼层 (共11层),东北,200万,14023元/平米,2008年
三利云锦,4室2厅1厨2卫,148.1㎡,,高楼层 (共37层),南,400万,27009元/平米,2013年
万科海悦汇城东区,4室2厅1厨2卫,123.97㎡,,中楼层 (共48层),东,218万,17585元/平米,2014年
三利云锦,4室2厅1厨2卫,148.1㎡,,高楼层 (共37层),南,400万,27009元/平米,2013年
欧香小镇,3室2厅1厨2卫,201.99㎡,,中楼层 (共31层),南,350万,17328元/平米,2014年
万科海悦汇城东区,4室2厅1厨2卫,123.97㎡,,中楼层 (共48层),东,218万,17585元/平米,2014年
雅居乐花园峰会北区,3室2厅1厨3卫,152.6㎡,,低楼层 (共3层),装修情况精装,420万,27523元/平米,2009年
双兴名邸四季春天,4室2厅1厨2卫,201.8㎡,,低楼层 (共3层),南,248万,12290元/平米,2006年
丽都新城三期,2室2厅1厨1卫,90.78㎡,,中楼层 (共6层),南,118万,12999元/平米,2010年
南湖国际社区,4室1厅1厨3卫,163㎡,,低楼层 (共34层),南,310万,19019元/平米,2010年
麓山国际茵特拉肯B区,4室2厅2厨3卫,252.63㎡,,低楼层 (共27层),东南,650万,25730元/平米,2006年
阳光华庭,5室2厅1厨3卫,215.99㎡,,高楼层 (共6层),南 北,280万,12964元/平米,2005年
南湖国际社区,4室2厅1厨3卫,177.5㎡,,中楼层 (共34层),西南,300万,16902元/平米,2010年
望江苑社区,4室2厅1厨3卫,185.39㎡,,高楼层 (共6层),东南,200万,10789元/平米,未知年建
望江苑社区,4室3厅1厨3卫,200.36㎡,,高楼层 (共6层),南,240万,11979元/平米,未知年建
南湖国际社区,5室1厅1厨5卫,442.3㎡,,低楼层 (共30层),东,530万,11983元/平米,2010年
戛纳湾滨江,3室2厅1厨2卫,109.37㎡,,中楼层 (共31层),南,220万,20116元/平米,2010年
三利麓山城翠薇谷,4室2厅1厨2卫,122.72㎡,,低楼层 (共11层),南,388万,31617元/平米,未知年建/
宏达世纪锦城,3室2厅1厨2卫,136.25㎡,,高楼层 (共39层),南 北,310万,22753元/平米,2012年
麓山印象,4室2厅1厨2卫,167.31㎡,,中楼层 (共9层),东南,237万,14166元/平米,2013年
南湖国际社区一期,3室2厅1厨2卫,134㎡,,中楼层 (共11层),南,280万,20896元/平米,2010年
三利云锦,4室2厅1厨2卫,148㎡,,低楼层 (共39层),南,358万,24190元/平米,2013年
麓山国际碧影溪,5室2厅1厨4卫,684.83㎡,,低楼层 (共3层),装修情况其他,2500万,36506元/平米,2005年
麓山国际圆石滩,5室3厅1厨4卫,394.16㎡,,低楼层 (共3层),装修情况其他,1400万,35519元/平米,2005年
双华麓港,3室3厅2厨3卫,86.54㎡,,中楼层 (共26层),东,298万,34435元/平米,2009年
麓山国际碧湖岸,6室6厅2厨4卫,473㎡,,低楼层 (共3层),装修情况其他,1800万,38055元/平米,2007年
佳兆业君汇上品,4室2厅1厨2卫,146.93㎡,,高楼层 (共32层),北,280万,19057元/平米,2013年
左岸花都,3室3厅1厨2卫,140.98㎡,,中楼层 (共6层),西南,230万,16315元/平米,2003年
南湖国际社区,1室1厅1厨1卫,56㎡,,中楼层 (共34层),东,115万,20536元/平米,2010年
南湖国际社区,2室1厅1厨1卫,65.35㎡,,中楼层 (共17层),东南,101万,15456元/平米,2010年
洛森堡,3室1厅1厨2卫,146.01㎡,,高楼层 (共34层),西南,219万,14999元/平米,2009年
南湖国际社区,3室2厅1厨2卫,145㎡,,低楼层 (共34层),东,232万,16000元/平米,2010年
中信城左岸,3室2厅1厨1卫,87.84㎡,,高楼层 (共33层),西北,152万,17305元/平米,2015年
远大中央公园一期,3室2厅1厨2卫,98.96㎡,,高楼层 (共33层),西北,180万,18190元/平米,2016年
中信城左岸,3室1厅1厨1卫,74㎡,,中楼层 (共33层),西北,139万,18784元/平米,未知年建/
麓山印象,3室2厅1厨2卫,118.07㎡,,低楼层 (共11层),南 北,175万,14822元/平米,2013年
洛森堡,3室1厅1厨2卫,146.01㎡,,高楼层 (共34层),西南,219万,14999元/平米,2009年
南湖国际社区,3室2厅1厨2卫,145㎡,,低楼层 (共34层),东,232万,16000元/平米,2010年
鑫苑鑫都汇,3室2厅1厨2卫,84.79㎡,,低楼层 (共26层),西,155万,18281元/平米,2016年
万科海悦汇城东区,3室2厅1厨2卫,104.62㎡,,低楼层 (共48层),西南,188万,17970元/平米,2014年
万科海悦汇城东区,2室2厅1厨1卫,59.18㎡,,高楼层 (共34层),东南,146万,24671元/平米,2014年
南湖世纪,4室2厅2厨2卫,124.2㎡,,高楼层 (共33层),东,262万,21096元/平米,2016年
物探小区,3室2厅1厨2卫,132.05㎡,,中楼层 (共7层),南,166.4万,12602元/平米,未知年建
麓山国际SOLO公寓,1室1厅1厨1卫,37.21㎡,,中楼层 (共10层),东,63.3万,16999元/平米,2010年
戛纳湾金棕榈,5室1厅1厨2卫,119.77㎡,,低楼层 (共32层),南,270万,22544元/平米,2016年
锦华苑,4室3厅1厨3卫,153.27㎡,,低楼层 (共6层),东南,154万,10048元/平米,2004年
南湖国际社区,3室2厅1厨2卫,131.32㎡,,中楼层 (共34层),北,240万,18276元/平米,2010年
麓山国际茵特拉肯A,4室2厅1厨2卫,156.11㎡,,高楼层 (共27层),东南,300万,19218元/平米,2016年
洛森堡,3室2厅1厨2卫,115㎡,,中楼层 (共28层),东北,181万,15740元/平米,2009年
南湖国际社区,2室2厅1厨1卫,83.85㎡,,低楼层 (共34层),西,152万,18128元/平米,2010年
南延线蔚蓝卡地亚,5室2厅1厨3卫,371㎡,,低楼层 (共3层),装修情况其他,700万,18868元/平米,2015年
恒大天府半岛二期,3室1厅1厨2卫,146.42㎡,,高楼层 (共18层),东南,260万,17758元/平米,2017年
南湖国际社区一期,2室1厅1厨1卫,77㎡,,中楼层 (共34层),西,158万,20520元/平米,2010年
雅居乐花园,3室1厅1厨2卫,121.9㎡,,中楼层 (共26层),南,200万,16407元/平米,2009年
华阳滨河花园,4室2厅1厨2卫,161㎡,,中楼层 (共6层),东,245万,15218元/平米,2003年
宏达世纪锦城,3室2厅1厨2卫,123.33㎡,,中楼层 (共32层),西南,240万,19460元/平米,2012年
景茂城果,2室2厅1厨1卫,66.99㎡,,高楼层 (共25层),东,145万,21646元/平米,2012年
雅居乐花园,1室1厅1厨1卫,50.59㎡,,中楼层 (共11层),西南,75万,14826元/平米,2008年
远大中央公园一期,2室2厅1厨1卫,80.63㎡,,高楼层 (共29层),东,145万,17984元/平米,2016年
南延线蔚蓝卡地亚,4室2厅1厨2卫,268.59㎡,,高楼层 (共8层),南,560万,20850元/平米,未知年建/
欧香小镇,4室2厅1厨4卫,455.03㎡,,地下室 (共3层),装修情况其他,820万,18021元/平米,2014年
绿水康城,5室2厅1厨3卫,245.2㎡,,低楼层 (共4层),装修情况其他,420万,17129元/平米,2003年
和泓半山二期,5室3厅1厨3卫,400.79㎡,,低楼层 (共3层),装修情况其他,700万,17466元/平米,2014年
和泓半山二期,5室3厅1厨3卫,400.79㎡,,低楼层 (共3层),装修情况其他,700万,17466元/平米,2014年
黄金海岸,3室2厅1厨1卫,130.74㎡,,高楼层 (共6层),北,220万,16828元/平米,2003年
蜀郡又一城,3室2厅1厨1卫,84.42㎡,,中楼层 (共31层),西南,170万,20138元/平米,2014年
雅居乐花园香草山,4室2厅1厨4卫,273.37㎡,,低楼层 (共3层),装修情况其他,420万,15364元/平米,2011年
佳兆业君汇上品,3室1厅1厨2卫,114.77㎡,,高楼层 (共38层),东北,225万,19605元/平米,2013年
麓山国际塞尔维蒙,4室2厅1厨3卫,190㎡,,高楼层 (共4层),装修情况其他,500万,26316元/平米,2008年
佳兆业君汇上品,3室2厅1厨2卫,109.64㎡,,低楼层 (共33层),东南,215万,19610元/平米,2013年
南湖国际社区,4室3厅1厨4卫,276.2㎡,,低楼层 (共33层),东,350万,12672元/平米,2010年
麓山国际圣芭芭拉,4室2厅1厨3卫,231.69㎡,,中楼层 (共5层),装修情况毛坯,450万,19423元/平米,2010年
蓝山溪谷,5室2厅1厨4卫,189㎡,,低楼层 (共3层),装修情况毛坯,380万,20106元/平米,2009年
华阳滨河花园,4室3厅1厨2卫,173㎡,,低楼层 (共6层),东 西,280万,16185元/平米,2003年
麓山国际拉佩维尔,4室2厅1厨2卫,154㎡,,中楼层 (共6层),南,396万,25715元/平米,2006年
青南美湾,4室2厅1厨2卫,122.29㎡,,中楼层 (共18层),东北,200万,16355元/平米,未知年建/
新鸿基悦城,3室1厅1厨2卫,137.84㎡,,中楼层 (共25层),东北,300万,21765元/平米,2011年
洛森堡,3室2厅1厨1卫,108㎡,,中楼层 (共34层),东南,172万,15926元/平米,2009年
南湖世纪,3室2厅1厨2卫,119.08㎡,,中楼层 (共32层),东,225万,18895元/平米,2016年
麓山国际云曦台,2室2厅1厨1卫,71.93㎡,,低楼层 (共22层),西南,146万,20298元/平米,2015年
麓山国际塞尔维蒙,7室2厅1厨3卫,146.25㎡,,中楼层 (共4层),装修情况其他,280万,19146元/平米,2008年
华阳滨河花园,4室3厅1厨3卫,168.3㎡,,高楼层 (共6层),东南,239万,14201元/平米,2003年
恒大天府半岛一期,2室2厅1厨1卫,94㎡,,高楼层 (共29层),西南,200万,21277元/平米,2017年
蜀郡,5室2厅1厨4卫,326.55㎡,,中楼层 (共5层),装修情况其他,500万,15312元/平米,2010年
锦官丽城亲水湾,4室3厅1厨3卫,164.79㎡,,高楼层 (共6层),南,260万,15778元/平米,未知年建/
锦华苑,3室2厅1厨1卫,118.68㎡,,中楼层 (共6层),南,125万,10533元/平米,2004年
成南领寓,1室1厅1厨1卫,38㎡,,中楼层 (共31层),东南,38万,10000元/平米,2008年
麓山国际圣芭芭拉,4室2厅1厨3卫,205.7㎡,,中楼层 (共5层),装修情况其他,418万,20321元/平米,2010年
南湖国际社区,3室2厅1厨2卫,124.44㎡,,高楼层 (共34层),西,238万,19126元/平米,2010年
恒大天府半岛一期,2室2厅1厨1卫,94㎡,,低楼层 (共29层),南,166万,17660元/平米,2017年
麓山国际拉佩维尔,4室2厅1厨3卫,217㎡,,低楼层 (共5层),装修情况其他,520万,23964元/平米,2006年
碧桂园海昌天澜,5室2厅1厨4卫,232.99㎡,,低楼层 (共3层),装修情况毛坯,380万,16310元/平米,2016年
万科海悦汇城东区,2室2厅1厨1卫,58㎡,,高楼层 (共34层),东北,135万,23276元/平米,2014年
麓湖生态城澜语溪岸,3室2厅1厨2卫,135.75㎡,,中楼层 (共15层),东,407万,29982元/平米,2015年
恒大名都,3室1厅1厨2卫,100.25㎡,,高楼层 (共31层),东,190万,18953元/平米,2012年
洛森堡,3室2厅1厨2卫,116.1㎡,,中楼层 (共32层),东南,185万,15935元/平米,2009年
金茂光明城市,3室2厅1厨2卫,119.59㎡,,中楼层 (共33层),南,250万,20905元/平米,2016年
麓山国际云堤曦岸,3室1厅1厨2卫,125.72㎡,,中楼层 (共32层),东,298万,23704元/平米,2006年
恒大天府半岛一期,2室2厅1厨1卫,94.15㎡,,中楼层 (共23层),西南,172万,18269元/平米,2017年
雅居乐花园,3室2厅1厨2卫,123㎡,,中楼层 (共30层),南,182万,14797元/平米,2010年
利通出水芙蓉,4室2厅1厨2卫,158.44㎡,,低楼层 (共6层),东南,300万,18935元/平米,2005年
戛纳湾滨江,2室2厅1厨1卫,89.39㎡,,中楼层 (共32层),南,160万,17900元/平米,2010年
洛森堡,3室2厅1厨2卫,117㎡,,高楼层 (共34层),东,210万,17949元/平米,2009年
南湖国际社区,3室2厅1厨3卫,121㎡,,高楼层 (共34层),西,240万,19835元/平米,2010年
麓山印象,3室2厅1厨2卫,117.91㎡,,中楼层 (共11层),南 北,190万,16114元/平米,2013年
鸿阁新座,2室2厅1厨1卫,59.29㎡,,低楼层 (共29层),西,135万,22770元/平米,未知年建/
戛纳湾滨江,3室2厅1厨2卫,89.09㎡,,中楼层 (共31层),东南,170万,19082元/平米,2010年
雅居乐花园,3室1厅1厨2卫,131.21㎡,,高楼层 (共18层),南 北,260万,19816元/平米,2009年
佳兆业君汇上品,3室2厅1厨2卫,89.16㎡,,中楼层 (共33层),南,185万,20750元/平米,2013年
家益欣城,3室2厅1厨2卫,127.06㎡,,低楼层 (共25层),北,220万,17315元/平米,2010年
宏达世纪锦城,3室2厅1厨2卫,95㎡,,低楼层 (共39层),东北,200万,21053元/平米,2012年
金南园,3室2厅1厨2卫,143.43㎡,,高楼层 (共6层),西南,155万,10807元/平米,2004年
三利宅院白云渡,5室3厅1厨4卫,303㎡,,地下室 (共3层),装修情况毛坯,600万,19802元/平米,2008年
慕和南道,4室2厅3厨2卫,183㎡,,低楼层 (共29层),东,280万,15301元/平米,2010年
复地御香山,5室2厅1厨4卫,430.98㎡,,低楼层 (共3层),装修情况其他,800万,18563元/平米,2016年
三利麓山城翠薇谷,1室1厅1厨1卫,57㎡,,高楼层 (共11层),东南,130万,22808元/平米,未知年建/
景茂城果,3室2厅1厨1卫,104.61㎡,,高楼层 (共18层),东,215万,20553元/平米,2012年
万科海悦汇城东区,2室2厅1厨1卫,58.81㎡,,中楼层 (共35层),西南,135万,22956元/平米,2014年
洛森堡,3室1厅1厨1卫,92㎡,,低楼层 (共34层),南,160万,17392元/平米,2009年
南湖国际社区,3室2厅1厨2卫,130㎡,,低楼层 (共34层),南,220万,16924元/平米,2010年
新鸿基悦城,3室2厅1厨2卫,155㎡,,低楼层 (共30层),西北,280万,18065元/平米,2012年
左岸花都,3室2厅1厨2卫,134.18㎡,,中楼层 (共6层),南,200万,14906元/平米,2003年
中信城左岸,3室2厅1厨1卫,88.37㎡,,中楼层 (共33层),西,165万,18672元/平米,未知年建/
慕和南道,3室2厅1厨1卫,92.8㎡,,低楼层 (共26层),北,180万,19397元/平米,2010年
万科海悦汇城东区,2室2厅1厨1卫,58.81㎡,,中楼层 (共35层),西南,135万,22956元/平米,2014年
洛森堡,3室1厅1厨1卫,92㎡,,低楼层 (共34层),南,160万,17392元/平米,2009年
南湖国际社区,3室2厅1厨2卫,130㎡,,低楼层 (共34层),南,220万,16924元/平米,2010年
新鸿基悦城,3室2厅1厨2卫,155㎡,,低楼层 (共30层),西北,280万,18065元/平米,2012年
南湖国际社区一期,2室1厅1厨1卫,77㎡,,低楼层 (共34层),南,136万,17663元/平米,2010年
南阳锦城,3室2厅1厨2卫,148.05㎡,,低楼层 (共6层),东 西,230万,15536元/平米,2008年
南湖国际社区,3室2厅1厨2卫,144.61㎡,,中楼层 (共34层),西南,254万,17565元/平米,2010年
慕和南道,3室1厅1厨2卫,144.86㎡,,中楼层 (共25层),东,280万,19330元/平米,2010年
佳兆业君汇上品,3室1厅1厨2卫,110㎡,,中楼层 (共33层),南,200万,18182元/平米,2013年
南湖国际社区,3室2厅1厨2卫,124.44㎡,,中楼层 (共34层),西,218万,17519元/平米,2010年
佳兆业君汇上品,3室2厅1厨2卫,115㎡,,高楼层 (共38层),东北,200万,17392元/平米,2013年
四川德鑫公交有限公司,2室2厅1厨1卫,93.19㎡,,高楼层 (共7层),南,86万,9229元/平米,1995年
佳兆业君汇上品,2室2厅1厨1卫,80.72㎡,,高楼层 (共38层),西南,152万,18831元/平米,2013年
青南美湾,2室2厅1厨1卫,74.67㎡,,高楼层 (共17层),东南,140万,18750元/平米,未知年建/
麓山国际云堤曦岸,4室2厅1厨2卫,120.59㎡,,中楼层 (共32层),东南,310万,25707元/平米,2006年
丽都新城三期,2室2厅1厨1卫,70.56㎡,,中楼层 (共6层),西,98万,13889元/平米,2005年
万科海悦汇城西区,2室2厅1厨1卫,52.88㎡,,高楼层 (共35层),东北,140万,26476元/平米,2015年
恒大天府半岛二期,3室2厅1厨2卫,130.15㎡,,中楼层 (共10层),东南,243万,18671元/平米,2017年
万科海悦汇城东区,3室2厅1厨2卫,104.89㎡,,低楼层 (共50层),西北,185万,17638元/平米,2014年
万科海悦汇城西区,2室1厅1厨1卫,61.83㎡,,低楼层 (共35层),东,140万,22643元/平米,2015年
黄金海岸,3室2厅1厨1卫,120.66㎡,,低楼层 (共6层),东,155万,12847元/平米,2003年
宏达世纪锦城,3室2厅1厨2卫,96㎡,,高楼层 (共39层),东南,240万,25000元/平米,2012年
洛森堡,2室2厅1厨1卫,75㎡,,低楼层 (共34层),南,155万,20667元/平米,2009年
世发名居,3室2厅1厨2卫,140.29㎡,,中楼层 (共7层),南,160万,11405元/平米,未知年建/
景茂城果,3室2厅1厨1卫,86.03㎡,,高楼层 (共24层),南,185万,21505元/平米,2012年
双华麓港,3室2厅1厨1卫,110.68㎡,,低楼层 (共18层),南 北,200万,18071元/平米,2009年
万科海悦汇城东区,3室2厅1厨2卫,104.02㎡,,低楼层 (共48层),西南,185万,17786元/平米,2014年
天府美岸,3室2厅1厨1卫,89.92㎡,,低楼层 (共32层),南,162万,18017元/平米,未知年建/
慕和南道,3室2厅1厨2卫,148.68㎡,,中楼层 (共25层),西,290万,19505元/平米,2010年
三利麓山城翠薇谷,3室2厅1厨2卫,126.52㎡,,中楼层 (共11层),南 北,240万,18970元/平米,2015年
欣宇都市港湾,3室2厅1厨2卫,130.82㎡,,低楼层 (共17层),南 北,185万,14142元/平米,2010年
新鸿基悦城,3室2厅1厨2卫,137.85㎡,,高楼层 (共27层),西北,260万,18862元/平米,2011年
慕和南道,所在楼层地下室 (共0层),房屋朝向南,,建筑面积30.36㎡,,12万,3953元/平米,未知年建
慕和南道,所在楼层地下室 (共0层),房屋朝向南,,建筑面积30.36㎡,,12.5万,4118元/平米,未知年建
金茂光明城市,4室2厅1厨2卫,138.05㎡,,高楼层 (共33层),南,255万,18472元/平米,2016年
南湖国际社区,所在楼层地下室 (共0层),房屋朝向西,,建筑面积32.42㎡,,10万,3085元/平米,未知年建
金茂光明城市,4室2厅1厨2卫,126.74㎡,,高楼层 (共33层),东南,260万,20515元/平米,2016年
家益欣城,3室2厅1厨2卫,166.39㎡,,高楼层 (共6层),南,249万,14965元/平米,2010年
蜀郡,5室2厅1厨4卫,263.66㎡,,低楼层 (共3层),装修情况其他,510万,19344元/平米,2010年
慕和南道,3室2厅1厨1卫,138.07㎡,,低楼层 (共26层),南,236万,17093元/平米,2010年
向阳名居,3室2厅1厨2卫,152.68㎡,,高楼层 (共6层),东南,170万,11135元/平米,2002年
万科海悦汇城西区,2室1厅1厨1卫,52.92㎡,,低楼层 (共35层),南,150万,28345元/平米,2015年
麓山国际帕萨迪纳3组,2室2厅1厨1卫,108.39㎡,,低楼层 (共9层),东,216万,19929元/平米,2008年
青南美湾,2室2厅1厨1卫,74.88㎡,,中楼层 (共17层),南,150万,20033元/平米,2015年
宏达世纪锦城,2室2厅1厨1卫,79.5㎡,,低楼层 (共32层),东北,162万,20378元/平米,2012年
万科海悦汇城东区,3室2厅1厨2卫,105㎡,,低楼层 (共50层),南,180万,17143元/平米,2014年
慕和南道,3室2厅1厨1卫,132.21㎡,,高楼层 (共25层),西,243万,18380元/平米,2010年
南湖国际社区,2室2厅1厨1卫,85㎡,,高楼层 (共34层),北,140万,16471元/平米,2010年
南湖世纪,3室2厅1厨2卫,98.87㎡,,高楼层 (共30层),北,198万,20027元/平米,2016年
恒大名都,3室2厅1厨2卫,109.16㎡,,低楼层 (共32层),东南,220万,20154元/平米,2012年
金茂光明城市,4室2厅1厨2卫,143.98㎡,,高楼层 (共33层),南,238万,16531元/平米,2016年
万科海悦汇城西区,2室2厅1厨1卫,59.73㎡,,低楼层 (共27层),南,140万,23439元/平米,2015年
三利云锦,4室2厅1厨2卫,163.07㎡,,中楼层 (共39层),南,400万,24530元/平米,2013年
楠域丽景,3室2厅1厨2卫,124.67㎡,,中楼层 (共18层),西南,200万,16043元/平米,2007年
锦官丽城亲水湾,3室2厅1厨2卫,122.98㎡,,中楼层 (共6层),南,200万,16263元/平米,2006年
蜀郡,4室2厅1厨5卫,303㎡,,地下室 (共3层),装修情况毛坯,580万,19142元/平米,2010年
雅居乐十年雅墅,3室2厅1厨3卫,278㎡,,低楼层 (共1层),装修情况其他,400万,14389元/平米,2016年
三利宅院白云渡,5室2厅1厨3卫,345.69㎡,,地下室 (共3层),装修情况其他,500万,14464元/平米,2008年
东华苑,3室2厅1厨2卫,140.72㎡,,高楼层 (共6层),东南,137万,9736元/平米,未知年建
慕和南道,4室2厅1厨2卫,153.21㎡,,低楼层 (共33层),北,248万,16187元/平米,2010年
碧桂园海昌天澜,4室2厅1厨4卫,255.81㎡,,低楼层 (共3层),装修情况毛坯,550万,21501元/平米,2016年
利通出水芙蓉,5室2厅1厨4卫,303㎡,,低楼层 (共3层),装修情况毛坯,450万,14852元/平米,2005年
雅居乐花园香草山,5室3厅1厨3卫,369.15㎡,,低楼层 (共3层),装修情况其他,550万,14900元/平米,2011年
南延线蔚蓝卡地亚,4室2厅2厨3卫,426.41㎡,,中楼层 (共7层),装修情况其他,760万,17824元/平米,未知年建/
心怡中丝园,4室2厅1厨5卫,222.91㎡,,中楼层 (共4层),装修情况其他,410万,18394元/平米,2015年
雅居乐花园峰会北区,5室2厅1厨4卫,201.91㎡,,低楼层 (共3层),装修情况其他,420万,20802元/平米,2009年
宏达世纪锦城,3室2厅1厨1卫,97.73㎡,,低楼层 (共39层),南,160万,16372元/平米,2012年
万科海悦汇城西区,2室2厅1厨1卫,60.29㎡,,中楼层 (共35层),西 北,140万,23222元/平米,2015年
心怡紫晶城,3室2厅1厨2卫,130.8㎡,,高楼层 (共31层),东,240万,18349元/平米,2011年
麓山国际帕萨迪纳3组,2室2厅1厨1卫,104.75㎡,,中楼层 (共9层),南,230万,21958元/平米,2008年
景茂城果,2室2厅1厨1卫,72.11㎡,,高楼层 (共18层),西,158万,21911元/平米,2012年
万科海悦汇城西区,2室1厅1厨1卫,58.96㎡,,高楼层 (共35层),东南,150万,25441元/平米,2015年
蜀郡,3室2厅1厨2卫,166㎡,,中楼层 (共4层),东,266万,16025元/平米,2010年
心怡紫晶城,3室2厅1厨2卫,134.48㎡,,低楼层 (共26层),东北,210万,15616元/平米,2011年
佳兆业君汇上品,3室2厅1厨2卫,130㎡,,低楼层 (共25层),东北,245万,18847元/平米,2013年
金南园,3室2厅1厨2卫,141㎡,,高楼层 (共6层),东南,245万,17376元/平米,2004年
万科海悦汇城西区,2室2厅1厨1卫,59.07㎡,,中楼层 (共35层),南,150万,25394元/平米,2015年
南阳盛世,3室2厅1厨2卫,127.03㎡,,低楼层 (共27层),东北,185万,14564元/平米,2011年
家益欣城,2室1厅1厨1卫,92.32㎡,,低楼层 (共25层),东,175万,18956元/平米,2010年
慕和南道,2室2厅1厨1卫,90.49㎡,,低楼层 (共26层),东南,175万,19340元/平米,2010年
南阳锦城,4室2厅1厨2卫,144.23㎡,,高楼层 (共6层),东,248万,17195元/平米,2008年
蜀郡,3室2厅1厨2卫,118.65㎡,,高楼层 (共18层),南,288万,24274元/平米,2010年
南阳锦城,3室2厅1厨2卫,135.72㎡,,低楼层 (共6层),南,182万,13410元/平米,2008年
金茂光明城市,3室2厅1厨2卫,86.84㎡,,低楼层 (共33层),北,170万,19577元/平米,2016年
青南美湾,2室1厅1厨1卫,77.81㎡,,低楼层 (共18层),南,135万,17350元/平米,未知年建/
南湖国际社区,3室2厅1厨2卫,129㎡,,低楼层 (共34层),南,230万,17830元/平米,2010年
金茂光明城市,3室2厅1厨1卫,89.64㎡,,中楼层 (共33层),东,180万,20081元/平米,2016年
鑫苑鑫都汇,2室2厅1厨1卫,64.33㎡,,高楼层 (共32层),西,120万,18654元/平米,2016年
黄金海岸,3室2厅1厨2卫,120.51㎡,,低楼层 (共6层),北,140万,11618元/平米,2003年
家益欣城,2室1厅1厨1卫,92.32㎡,,低楼层 (共25层),东,175万,18956元/平米,2010年
慕和南道,2室2厅1厨1卫,90.49㎡,,低楼层 (共26层),东南,175万,19340元/平米,2010年
南阳锦城,4室2厅1厨2卫,144.23㎡,,高楼层 (共6层),东,248万,17195元/平米,2008年
蜀郡,3室2厅1厨2卫,166㎡,,中楼层 (共4层),东,266万,16025元/平米,2010年
恒大名都,3室1厅1厨1卫,87.73㎡,,低楼层 (共32层),南,175万,19948元/平米,2012年
碧桂园海昌天澜,5室4厅1厨5卫,262㎡,,低楼层 (共3层),装修情况其他,450万,17176元/平米,2016年
正北上街131号,3室2厅1厨1卫,116.5㎡,,低楼层 (共6层),东,130万,11159元/平米,未知年建/
向阳名居,3室2厅1厨2卫,140.29㎡,,高楼层 (共6层),南,155万,11049元/平米,2002年
蜀郡,3室2厅1厨2卫,160.33㎡,,中楼层 (共4层),南,308万,19211元/平米,2010年
蜀郡,4室2厅1厨3卫,335.81㎡,,地下室 (共3层),装修情况其他,600万,17868元/平米,2010年
雅居乐花园香草山,3室2厅1厨2卫,316.18㎡,,低楼层 (共3层),装修情况其他,450万,14233元/平米,2011年
中信城左岸,2室1厅1厨1卫,70.98㎡,,高楼层 (共32层),东北,135万,19020元/平米,未知年建/
雅居乐花园峰会南区,4室2厅1厨4卫,245㎡,,低楼层 (共3层),装修情况其他,700万,28572元/平米,2008年
南延线蔚蓝卡地亚,6室2厅1厨5卫,370㎡,,低楼层 (共3层),装修情况其他,800万,21622元/平米,2015年
麓山国际长岛,6室3厅2厨6卫,454.96㎡,,低楼层 (共3层),装修情况其他,1850万,40663元/平米,2012年
南延线蔚蓝卡地亚,4室2厅1厨2卫,242.47㎡,,低楼层 (共8层),南,475万,19591元/平米,2015年
雅居乐花园,1室2厅1厨1卫,56㎡,,中楼层 (共11层),东南,73万,13036元/平米,2008年
雅居乐花园香草山,3室2厅1厨2卫,315.91㎡,,低楼层 (共3层),装修情况其他,450万,14245元/平米,2011年
南湖国际社区一期,所在楼层地下室 (共0层),房屋朝向东,,建筑面积27.67㎡,,12万,4337元/平米,未知年建
三利云锦,3室2厅1厨2卫,113.45㎡,,中楼层 (共39层),南,235万,20714元/平米,2013年
和泓半山一期,5室2厅1厨3卫,313.81㎡,,低楼层 (共3层),装修情况毛坯,415万,13225元/平米,2011年
复地御香山,4室2厅1厨3卫,350.79㎡,,低楼层 (共3层),装修情况其他,800万,22806元/平米,2013年
碧桂园海昌天澜,4室2厅1厨4卫,242㎡,,低楼层 (共3层),装修情况其他,400万,16529元/平米,2016年
麓山国际云曦台,3室2厅1厨1卫,97㎡,,低楼层 (共18层),南,170万,17526元/平米,2015年
丽都新城三期,3室2厅1厨2卫,155㎡,,高楼层 (共6层),东,205万,13226元/平米,2010年
三利麓山城翠薇谷,1室1厅1厨1卫,56.46㎡,,中楼层 (共11层),南,113万,20015元/平米,未知年建/
恒大名都,1室1厅1厨1卫,49.61㎡,,低楼层 (共32层),东南,90万,18142元/平米,2012年
宏信南樾,4室1厅1厨2卫,132.9㎡,,低楼层 (共26层),西南,210万,15802元/平米,2007年
黄金海岸,4室3厅1厨2卫,145.87㎡,,低楼层 (共6层),南,220万,15082元/平米,2003年
府河音乐花园,所在楼层低楼层 (共5层),房屋朝向东南,,建筑面积13.5㎡,,16万,11852元/平米,未知年建
南阳锦城,3室2厅1厨3卫,289.16㎡,,低楼层 (共6层),北,368万,12727元/平米,2008年
丽都新城三期,3室2厅1厨2卫,155㎡,,高楼层 (共6层),东,205万,13226元/平米,2010年
鸿阁新座,2室2厅1厨1卫,58.88㎡,,低楼层 (共29层),西,130万,22079元/平米,2013年
慕和南道,4室2厅1厨2卫,128.41㎡,,高楼层 (共26层),西,294万,22896元/平米,2010年
金茂光明城市,4室2厅1厨2卫,138.05㎡,,低楼层 (共33层),南,255万,18472元/平米,2016年
欧香小镇,5室3厅1厨3卫,451.39㎡,,地下室 (共3层),装修情况毛坯,900万,19939元/平米,2014年
南延线蔚蓝卡地亚,6室2厅1厨4卫,350㎡,,低楼层 (共3层),装修情况其他,825万,23572元/平米,2015年
南延线蔚蓝卡地亚,4室2厅1厨3卫,287.31㎡,,低楼层 (共3层),装修情况其他,700万,24364元/平米,2015年
碧桂园海昌天澜,4室2厅1厨4卫,233㎡,,低楼层 (共3层),装修情况其他,380万,16310元/平米,2016年
麓山国际圣安德鲁,4室2厅2厨3卫,315㎡,,低楼层 (共3层),装修情况其他,800万,25397元/平米,2014年
麓山国际香溪堤,5室2厅1厨5卫,357.37㎡,,低楼层 (共3层),装修情况其他,1000万,27983元/平米,2008年
翠拥天地,5室3厅1厨3卫,245㎡,,低楼层 (共4层),装修情况精装,410万,16735元/平米,2005年
南湖国际社区,7室3厅1厨5卫,389.8㎡,,高楼层 (共33层),东南,450万,11545元/平米,2010年
蜀郡,5室2厅1厨3卫,350.94㎡,,地下室 (共3层),装修情况其他,560万,15958元/平米,2010年
三利云锦,3室2厅1厨2卫,130.69㎡,,中楼层 (共37层),南,325万,24869元/平米,2013年
蜀郡,4室2厅1厨2卫,126㎡,,低楼层 (共18层),南,220万,17461元/平米,2010年
南延线蔚蓝卡地亚,5室2厅1厨4卫,349.63㎡,,低楼层 (共3层),装修情况其他,670万,19164元/平米,2015年
欣宇都市港湾,所在楼层地下室 (共0层),房屋朝向东南,,建筑面积26.55㎡,,10万,3767元/平米,2010年
广益小区,2室2厅1厨1卫,96.34㎡,,低楼层 (共6层),南,105万,10899元/平米,未知年建/
金茂光明城市,4室2厅1厨3卫,179.15㎡,,中楼层 (共33层),南,345万,19258元/平米,2016年
锦官丽城亲水湾,5室3厅1厨4卫,305.8㎡,,低楼层 (共1层),装修情况其他,550万,17986元/平米,2006年
复地御香山,8室9厅1厨1卫,425.58㎡,,低楼层 (共3层),装修情况其他,875万,20561元/平米,2016年
南湖国际社区,所在楼层地下室 (共0层),房屋朝向南,,建筑面积30.94㎡,,10万,3233元/平米,2010年
南阳盛世,2室2厅1厨1卫,87.18㎡,,高楼层 (共32层),东南 西南,136万,15600元/平米,2011年
麓山国际长岛,4室2厅1厨5卫,439.85㎡,,低楼层 (共3层),装修情况其他,1500万,34103元/平米,2012年
麓山国际圆石滩,5室3厅2厨5卫,423.12㎡,,低楼层 (共3层),装修情况其他,850万,20089元/平米,2005年
和贵南山上,5室2厅1厨4卫,525㎡,,低楼层 (共1层),装修情况其他,530万,10096元/平米,2014年
碧桂园海昌天澜,4室2厅1厨4卫,411.4㎡,,低楼层 (共3层),装修情况其他,600万,14585元/平米,2016年
金茂光明城市,所在楼层地下室 (共0层),房屋朝向东,,建筑面积27.59㎡,,13万,4712元/平米,2016年
新鸿基悦城,所在楼层地下室 (共0层),房屋朝向北,,建筑面积38.61㎡,,12万,3109元/平米,2017年
慕和南道,所在楼层地下室 (共0层),房屋朝向东,,建筑面积29.28㎡,,15万,5123元/平米,2010年
麓山国际圣芭芭拉,4室2厅2厨1卫,237.82㎡,,中楼层 (共5层),装修情况毛坯,450万,18922元/平米,2010年
新鸿基悦城,4室2厅1厨2卫,156.05㎡,,高楼层 (共31层),西南,370万,23711元/平米,2013年
复地御香山,8室9厅1厨1卫,418.38㎡,,低楼层 (共3层),装修情况其他,875万,20915元/平米,2016年
复地御香山,8室9厅1厨1卫,425.62㎡,,低楼层 (共3层),装修情况其他,875万,20559元/平米,2016年
复地御香山,8室9厅1厨1卫,418.42㎡,,低楼层 (共3层),装修情况其他,875万,20913元/平米,2016年
南延线蔚蓝卡地亚,4室2厅1厨4卫,420.94㎡,,低楼层 (共3层),装修情况其他,1000万,23757元/平米,2015年
南延线蔚蓝卡地亚,4室2厅1厨4卫,289㎡,,低楼层 (共3层),装修情况其他,680万,23530元/平米,2015年
麓山国际碧影溪,7室4厅2厨6卫,787.8㎡,,低楼层 (共3层),装修情况其他,1800万,22849元/平米,2005年
麓山国际碧湖岸,5室3厅2厨5卫,361.77㎡,,低楼层 (共3层),装修情况其他,980万,27090元/平米,2007年
复地御香山,4室3厅3厨2卫,450㎡,,低楼层 (共3层),装修情况其他,780万,17334元/平米,2013年
南湖国际社区一期,所在楼层地下室 (共0层),房屋朝向东,,建筑面积31.2㎡,,10.5万,3366元/平米,未知年建
南湖国际社区一期,所在楼层地下室 (共0层),房屋朝向南,,建筑面积31.2㎡,,9万,2885元/平米,未知年建
麓山国际圣安德鲁,4室2厅2厨3卫,381.52㎡,,低楼层 (共3层),装修情况其他,1000万,26211元/平米,2014年
洛森堡,所在楼层地下室 (共0层),房屋朝向东,,建筑面积34.25㎡,,13万,3796元/平米,2009年
慕和南道,所在楼层地下室 (共0层),房屋朝向南,,建筑面积36.07㎡,,16万,4436元/平米,未知年建
慕和南道,所在楼层地下室 (共0层),房屋朝向东 东南,,建筑面积23.32㎡,,11万,4717元/平米,未知年建
麓山国际长岛,5室2厅1厨3卫,451.37㎡,,低楼层 (共3层),装修情况其他,1880万,41651元/平米,2012年
雅居乐花园香草山,7室2厅1厨3卫,394㎡,,低楼层 (共5层),装修情况毛坯,480万,12183元/平米,2011年
麓山国际云曦台,2室2厅1厨1卫,76.5㎡,,中楼层 (共30层),东,145万,18955元/平米,2015年
金城花园跃层社区,3室2厅1厨2卫,127.27㎡,,中楼层 (共5层),南 北,115万,9036元/平米,2000年
成南领寓,1室0厅1厨1卫,42.98㎡,,中楼层 (共31层),西南,36万,8376元/平米,2008年
新鸿基悦城,4室2厅1厨2卫,192㎡,,高楼层 (共31层),南 东北,350万,18230元/平米,2012年
碧桂园海昌天澜,4室2厅1厨4卫,235㎡,,低楼层 (共3层),装修情况其他,450万,19149元/平米,2016年
南湖国际社区,4室2厅1厨3卫,234.94㎡,,低楼层 (共34层),西南,330万,14047元/平米,2010年
远光水印城,2室2厅1厨1卫,79.97㎡,,高楼层 (共35层),南,150万,18758元/平米,2009年
蜀郡,4室2厅1厨3卫,242㎡,,低楼层 (共3层),装修情况其他,520万,21488元/平米,2010年
复地御香山,7室2厅1厨5卫,399.16㎡,,低楼层 (共3层),装修情况其他,912万,22848元/平米,2013年
南湖国际社区,3室2厅1厨2卫,116.05㎡,,高楼层 (共34层),南,220万,18958元/平米,2010年
麓山国际SOLO公寓,1室1厅1厨1卫,29.08㎡,,低楼层 (共10层),南,47万,16163元/平米,2010年
和泓半山二期,4室2厅1厨3卫,298.7㎡,,低楼层 (共3层),装修情况毛坯,500万,16740元/平米,2014年
和泓半山二期,4室4厅1厨4卫,260㎡,,低楼层 (共3层),装修情况毛坯,340万,13077元/平米,2014年
金茂光明城市,3室3厅1厨1卫,135.84㎡,,低楼层 (共33层),西,300万,22085元/平米,2016年
和泓半山二期,3室2厅1厨4卫,257.8㎡,,低楼层 (共3层),装修情况毛坯,380万,14741元/平米,2014年
和泓半山二期,3室2厅1厨3卫,258.1㎡,,低楼层 (共3层),装修情况毛坯,350万,13561元/平米,2014年
和泓半山二期,3室2厅1厨3卫,258.22㎡,,低楼层 (共3层),装修情况毛坯,316万,12238元/平米,2014年
双峰嶺,2室2厅1厨1卫,86.2㎡,,中楼层 (共28层),南,129万,14966元/平米,2012年
金茂光明城市,2室2厅1厨1卫,64.14㎡,,中楼层 (共33层),南,140万,21828元/平米,2016年
麓山国际云堤曦岸,3室2厅1厨2卫,151.85㎡,,高楼层 (共32层),南,360万,23708元/平米,2006年
福泽花苑,2室2厅1厨1卫,89.36㎡,,高楼层 (共6层),南,107万,11975元/平米,未知年建
恒大名都,3室2厅1厨2卫,103.19㎡,,高楼层 (共31层),东,200万,19382元/平米,2012年
鑫苑鑫都汇,3室2厅1厨1卫,74.06㎡,,高楼层 (共26层),西,158万,21335元/平米,2016年
和泓半山二期,5室3厅1厨3卫,400.79㎡,,低楼层 (共3层),装修情况其他,601万,14996元/平米,2014年
美城悦荣府,5室3厅1厨5卫,303.62㎡,,低楼层 (共3层),装修情况其他,650万,21409元/平米,2017年
麓山国际水晶岗29号院,5室3厅2厨3卫,296.79㎡,,低楼层 (共3层),装修情况其他,1300万,43803元/平米,2006年
蓝山美树,5室2厅1厨2卫,142.07㎡,,中楼层 (共5层),南,258万,18161元/平米,2009年
成南领寓,1室0厅0厨1卫,42.36㎡,,高楼层 (共31层),南,39.8万,9396元/平米,2008年
麓山国际悦林湖,5室3厅2厨5卫,459.93㎡,,低楼层 (共3层),装修情况其他,1530万,33266元/平米,2010年
南湖国际社区,3室2厅1厨2卫,141.65㎡,,中楼层 (共34层),东 西,260万,18356元/平米,2010年
雅居乐花园香草山,4室2厅1厨4卫,317㎡,,低楼层 (共3层),装修情况毛坯,650万,20505元/平米,2011年
阳光华苑,3室2厅1厨2卫,130.9㎡,,高楼层 (共5层),南,270万,20627元/平米,2008年
雅居乐花园,3室2厅1厨2卫,111.24㎡,,低楼层 (共11层),南,170万,15283元/平米,2008年
慕和南道,3室2厅1厨2卫,140.73㎡,,低楼层 (共33层),南,280万,19897元/平米,2010年
和泓半山二期,4室2厅1厨3卫,287.04㎡,,低楼层 (共3层),装修情况毛坯,435万,15155元/平米,2014年
复地御香山,5室3厅2厨3卫,430.98㎡,,低楼层 (共3层),装修情况其他,800万,18563元/平米,2013年
戛纳湾畔,3室2厅1厨2卫,105.46㎡,,中楼层 (共14层),东南,169万,16026元/平米,2006年
欧香小镇,3室2厅1厨3卫,201.25㎡,,低楼层 (共31层),南,300万,14907元/平米,2014年
碧桂园海昌天澜,4室2厅1厨4卫,412.19㎡,,低楼层 (共3层),装修情况其他,550万,13344元/平米,2016年
和泓半山一期,5室2厅1厨3卫,317.12㎡,,低楼层 (共3层),装修情况其他,500万,15767元/平米,2011年
雅居乐花园香草山,4室2厅1厨3卫,394㎡,,低楼层 (共5层),装修情况其他,590万,14975元/平米,2011年
雅居乐花园香草山,6室2厅1厨7卫,393.5㎡,,低楼层 (共5层),装修情况毛坯,370万,9403元/平米,2011年
南延线蔚蓝卡地亚,4室2厅1厨4卫,348.31㎡,,低楼层 (共3层),装修情况精装,800万,22969元/平米,2015年
和泓半山二期,4室2厅1厨4卫,259㎡,,低楼层 (共3层),装修情况毛坯,340万,13128元/平米,2014年
雅居乐花园,4室2厅1厨2卫,163.6㎡,,低楼层 (共11层),南 北,230万,14059元/平米,2008年
雅居乐花园,4室2厅1厨3卫,203㎡,,高楼层 (共30层),东南,303万,14927元/平米,2010年
蜀郡,3室2厅1厨2卫,128.33㎡,,中楼层 (共4层),南,280万,21819元/平米,2010年
家益欣城,3室2厅1厨2卫,130.24㎡,,低楼层 (共6层),南,200万,15357元/平米,2010年
成南领寓,1室0厅1厨1卫,42.36㎡,,低楼层 (共31层),南 北,40万,9443元/平米,2008年
雅居乐花园香草山,4室2厅1厨4卫,317.6㎡,,低楼层 (共3层),装修情况其他,587万,18483元/平米,2011年
南阳盛世,3室2厅1厨2卫,135.6㎡,,低楼层 (共27层),南,200万,14750元/平米,2011年
欣宇都市港湾,2室2厅1厨1卫,78.98㎡,,中楼层 (共16层),西南,128万,16207元/平米,2010年
府河音乐花园,所在楼层中楼层 (共5层),房屋朝向南,,建筑面积13.5㎡,,13.5万,10000元/平米,未知年建
佳兆业君汇上品,3室2厅1厨2卫,115.63㎡,,中楼层 (共33层),东,245万,21189元/平米,2013年
金秋家园,3室2厅1厨2卫,129.11㎡,,低楼层 (共6层),西南,155万,12006元/平米,未知年建
南湖国际社区一期,3室2厅1厨2卫,133.81㎡,,低楼层 (共6层),南,214万,15993元/平米,2010年
蓝岸丽景,3室2厅1厨2卫,124.72㎡,,高楼层 (共18层),西,200万,16036元/平米,2009年
兰桥尚舍,4室2厅1厨3卫,206.35㎡,,低楼层 (共5层),装修情况精装,392万,18997元/平米,2006年
南湖国际社区,3室2厅1厨2卫,135㎡,,低楼层 (共34层),东,215万,15926元/平米,2010年
三利宅院白云渡,5室2厅1厨4卫,344.14㎡,,地下室 (共3层),装修情况其他,540万,15692元/平米,2008年
美城悦荣府,5室2厅1厨3卫,303.62㎡,,低楼层 (共3层),装修情况其他,600万,19762元/平米,2017年
南湖国际社区,3室2厅1厨3卫,234.99㎡,,中楼层 (共34层),西南,374万,15916元/平米,2010年
雅居乐铂雅苑,5室2厅1厨5卫,531.3㎡,,低楼层 (共24层),南 北,950万,17881元/平米,2014年
南阳盛世,4室2厅1厨2卫,192.23㎡,,高楼层 (共27层),南,300万,15607元/平米,2011年
三利宅院白云渡,5室2厅1厨4卫,450㎡,,地下室 (共3层),装修情况其他,980万,21778元/平米,2008年
三利宅院白云渡,5室2厅1厨4卫,450㎡,,地下室 (共3层),装修情况其他,980万,21778元/平米,2008年
黄金海岸,4室2厅1厨3卫,219.33㎡,,低楼层 (共5层),东北,400万,18238元/平米,2003年
麓山国际圣芭芭拉,5室6厅2厨4卫,352.8㎡,,低楼层 (共5层),装修情况其他,633.6万,17960元/平米,2010年
鸿阁新座,2室2厅1厨1卫,58.52㎡,,高楼层 (共29层),东,120万,20506元/平米,2013年
慕和南道,3室2厅1厨2卫,133.71㎡,,中楼层 (共26层),西,240万,17950元/平米,2010年
戛纳湾畔,1室1厅1厨1卫,44.51㎡,,中楼层 (共11层),西北,62万,13930元/平米,2006年
利通出水芙蓉,1室1厅1厨1卫,44.6㎡,,中楼层 (共6层),东,75万,16817元/平米,2005年
麓湖生态城蓝花屿,5室3厅2厨5卫,413.02㎡,,低楼层 (共2层),装修情况其他,1600万,38740元/平米,2013年
蓝山美树,5室3厅1厨3卫,201㎡,,低楼层 (共4层),北,480万,23881元/平米,2009年
蓝山美树,4室2厅1厨2卫,159.02㎡,,中楼层 (共5层),东南,380万,23897元/平米,2009年
伯爵山,4室3厅1厨4卫,251㎡,,低楼层 (共4层),装修情况其他,455万,18128元/平米,2011年
复地御香山,5室3厅2厨3卫,430.62㎡,,低楼层 (共3层),装修情况其他,850万,19739元/平米,2013年
碧桂园海昌天澜,5室3厅1厨4卫,245㎡,,低楼层 (共3层),装修情况其他,365万,14898元/平米,2016年
麓山国际圣芭芭拉,5室6厅2厨4卫,351.92㎡,,低楼层 (共5层),装修情况其他,650万,18471元/平米,2010年
利通出水芙蓉,3室1厅1厨1卫,79.86㎡,,高楼层 (共6层),南 北,139万,17406元/平米,2005年
和泓半山二期,4室2厅1厨3卫,288.19㎡,,低楼层 (共3层),装修情况毛坯,400万,13880元/平米,2014年
新鸿基悦城,所在楼层地下室 (共0层),房屋朝向南,,建筑面积38㎡,,12.5万,3290元/平米,未知年建
新鸿基悦城,所在楼层地下室 (共0层),房屋朝向南,,建筑面积38.61㎡,,12.5万,3238元/平米,未知年建
南湖国际社区一期,所在楼层地下室 (共0层),房屋朝向东,,建筑面积28.26㎡,,9万,3185元/平米,未知年建
麓山国际逸翠谷,3室2厅1厨3卫,194.36㎡,,低楼层 (共3层),装修情况其他,750万,38589元/平米,2005年
蜀郡,6室3厅1厨5卫,303㎡,,地下室 (共3层),装修情况其他,650万,21453元/平米,2010年
麓山国际橡树坡,6室3厅2厨6卫,892㎡,,低楼层 (共3层),装修情况其他,3200万,35875元/平米,未知年建
复地御香山,5室3厅1厨3卫,382.66㎡,,低楼层 (共3层),装修情况其他,800万,20907元/平米,2013年
麓山国际碧湖岸,5室3厅2厨4卫,464㎡,,低楼层 (共3层),装修情况其他,1200万,25863元/平米,2007年
麓山国际香溪堤,4室3厅2厨4卫,433㎡,,低楼层 (共3层),装修情况精装,1150万,26559元/平米,2008年
麓山国际翠云岭,5室4厅1厨4卫,357.28㎡,,低楼层 (共3层),装修情况其他,700万,19593元/平米,2010年
雅居乐花园香草山,8室3厅1厨8卫,430.75㎡,,低楼层 (共5层),南,590万,13698元/平米,2011年
和泓半山二期,4室3厅1厨3卫,260㎡,,低楼层 (共3层),装修情况毛坯,380万,14616元/平米,2014年
南延线蔚蓝卡地亚,5室2厅1厨4卫,287.35㎡,,低楼层 (共3层),装修情况精装,870万,30277元/平米,2015年
三利宅院白云渡,4室2厅1厨4卫,264㎡,,地下室 (共3层),装修情况其他,600万,22728元/平米,2008年
黄金海岸,4室3厅1厨4卫,244.99㎡,,中楼层 (共6层),南,330万,13470元/平米,2003年
麓山国际悦林湖,5室3厅2厨5卫,462.29㎡,,低楼层 (共3层),装修情况其他,2000万,43263元/平米,2010年
和泓半山二期,4室2厅1厨3卫,299.7㎡,,低楼层 (共3层),装修情况其他,500万,16684元/平米,2014年
碧桂园海昌天澜,4室1厅1厨4卫,415.15㎡,,低楼层 (共3层),装修情况其他,580万,13971元/平米,2016年
和泓半山二期,3室2厅1厨2卫,259.91㎡,,低楼层 (共3层),装修情况其他,350万,13467元/平米,2014年
雅居乐花园香草山,4室2厅1厨4卫,229㎡,,中楼层 (共5层),装修情况其他,380万,16594元/平米,2011年
三利宅院白云渡,4室2厅1厨4卫,264㎡,,地下室 (共3层),装修情况其他,600万,22728元/平米,2008年
南湖国际社区,4室2厅1厨3卫,163.07㎡,,低楼层 (共34层),西,250万,15331元/平米,2010年
和泓半山一期,5室2厅1厨4卫,313.81㎡,,低楼层 (共3层),装修情况其他,480万,15296元/平米,2011年
欧香小镇,4室2厅2厨7卫,518.54㎡,,地下室 (共3层),装修情况其他,1480万,28542元/平米,2014年
雅居乐花园香草山,4室2厅1厨4卫,273.37㎡,,低楼层 (共3层),装修情况其他,350万,12804元/平米,2011年
翠拥天地,4室2厅1厨2卫,126.44㎡,,中楼层 (共5层),装修情况其他,180万,14237元/平米,2005年
蓝山溪谷,4室2厅1厨3卫,220.6㎡,,低楼层 (共3层),装修情况其他,450万,20399元/平米,2009年
戛纳湾滨江,1室1厅1厨1卫,46.2㎡,,中楼层 (共32层),南 西南,83万,17966元/平米,2010年
麓山国际圣芭芭拉,5室2厅2厨3卫,224.59㎡,,中楼层 (共5层),装修情况其他,600万,26716元/平米,2010年
翠拥天地,3室3厅1厨3卫,310.85㎡,,低楼层 (共4层),装修情况其他,500万,16085元/平米,2005年
利通出水芙蓉,4室2厅1厨3卫,167.99㎡,,高楼层 (共6层),东,252万,15001元/平米,2005年
和泓半山二期,3室2厅2厨2卫,259.88㎡,,低楼层 (共3层),装修情况其他,390万,15007元/平米,2014年
麓山国际香溪堤,5室3厅2厨5卫,468.5㎡,,低楼层 (共3层),装修情况其他,1450万,30950元/平米,2008年
碧桂园海昌天澜,4室2厅1厨5卫,233㎡,,低楼层 (共3层),装修情况其他,380万,16310元/平米,2016年
佳兆业君汇上品,4室2厅1厨3卫,139㎡,,中楼层 (共39层),东北,330万,23742元/平米,2013年
三利麓山城阅庐,4室2厅1厨3卫,318.78㎡,,低楼层 (共3层),装修情况其他,638万,20014元/平米,未知年建
翠拥天地,5室3厅1厨3卫,253.87㎡,,低楼层 (共4层),装修情况其他,500万,19696元/平米,2005年
地源吾舍,2室2厅1厨1卫,84.13㎡,,低楼层 (共18层),南,125万,14858元/平米,2002年
宏达世纪锦城,2室1厅1厨1卫,77.74㎡,,高楼层 (共32层),南,151万,19424元/平米,2012年
欣宇都市港湾,所在楼层地下室 (共0层),房屋朝向南,,建筑面积31.78㎡,,13万,4091元/平米,2010年
万科海悦汇城西区,所在楼层地下室 (共0层),房屋朝向南,,建筑面积24㎡,,5万,2084元/平米,未知年建
家益欣城,3室2厅1厨2卫,147.22㎡,,高楼层 (共6层),南 北,180万,12227元/平米,2010年
慕和南道,2室1厅1厨1卫,81.77㎡,,低楼层 (共15层),南,150万,18345元/平米,2010年
远光水印城,3室2厅2厨2卫,120.54㎡,,低楼层 (共33层),东北,218万,18086元/平米,2009年
欣宇都市港湾,2室1厅1厨1卫,76.01㎡,,高楼层 (共16层),北,125万,16446元/平米,2010年
原乡,5室2厅1厨4卫,282.02㎡,,低楼层 (共3层),装修情况其他,530万,18793元/平米,2008年
麓山国际圣安德鲁,5室2厅2厨4卫,345.5㎡,,低楼层 (共2层),装修情况其他,1200万,34733元/平米,2014年
麓山国际香溪堤,4室2厅2厨3卫,364.97㎡,,低楼层 (共3层),装修情况其他,1100万,30140元/平米,2008年
麓山国际翠云岭,4室2厅1厨4卫,332.72㎡,,低楼层 (共3层),装修情况其他,1200万,36067元/平米,2010年
麓山国际碧影溪,7室4厅2厨6卫,824㎡,,低楼层 (共3层),装修情况其他,3600万,43690元/平米,2005年
佳兆业君汇上品,7室2厅1厨5卫,169.22㎡,,高楼层 (共32层),东南,370万,21866元/平米,2013年
麓山国际拉佩维尔,4室2厅1厨4卫,233.56㎡,,中楼层 (共5层),装修情况其他,606万,25947元/平米,2006年
欧香小镇,4室5厅1厨5卫,536.99㎡,,地下室 (共3层),装修情况其他,1850万,34452元/平米,2014年
南湖国际社区,2室2厅1厨1卫,85㎡,,低楼层 (共34层),东北,137万,16118元/平米,2010年
伯爵山,5室2厅1厨4卫,381.6㎡,,低楼层 (共4层),装修情况其他,700万,18344元/平米,2011年
府河音乐花园,所在楼层地下室 (共4层),房屋朝向南,,建筑面积13.5㎡,,14.8万,10963元/平米,2001年
南湖国际社区一期,2室1厅1厨1卫,77.43㎡,,高楼层 (共34层),东,128万,16532元/平米,2010年
洛森堡,3室2厅1厨2卫,111.24㎡,,低楼层 (共34层),南 北,200万,17980元/平米,2009年
利通出水芙蓉,1室1厅1厨1卫,41㎡,,中楼层 (共6层),东,75万,18293元/平米,2005年
家益欣城,所在楼层地下室 (共1层),房屋朝向东,,建筑面积21.79㎡,,8万,3672元/平米,未知年建
家益欣城,所在楼层地下室 (共1层),房屋朝向南,,建筑面积40.12㎡,,15万,3739元/平米,未知年建
佳兆业君汇上品,所在楼层地下室 (共0层),房屋朝向西,,建筑面积29.6㎡,,10万,3379元/平米,未知年建
恒大天府半岛一期,所在楼层地下室 (共0层),房屋朝向南,,建筑面积35.69㎡,,16万,4484元/平米,未知年建
南湖国际社区,所在楼层地下室 (共0层),房屋朝向南,,建筑面积31.63㎡,,10万,3162元/平米,未知年建
佳兆业君汇上品,所在楼层地下室 (共0层),房屋朝向西南,,建筑面积29.6㎡,,10.5万,3548元/平米,未知年建
利通出水芙蓉,3室2厅1厨2卫,116.23㎡,,高楼层 (共6层),东南,185万,15917元/平米,2005年
左岸花都,2室2厅1厨1卫,100㎡,,低楼层 (共6层),西,156万,15600元/平米,2003年
宏达世纪锦城,3室2厅1厨1卫,98.8㎡,,高楼层 (共32层),南,200万,20243元/平米,2012年
凯莱丽景雅筑,4室2厅1厨2卫,139.79㎡,,低楼层 (共6层),东,240万,17169元/平米,2007年
利通出水芙蓉,所在楼层低楼层 (共1层),房屋朝向南,,建筑面积19.75㎡,,25万,12659元/平米,2004年
麓山国际茵特拉肯B区,3室2厅1厨2卫,162.27㎡,,中楼层 (共29层),南,350万,21569元/平米,2006年
三利宅院白云渡,4室2厅1厨3卫,263.2㎡,,地下室 (共3层),装修情况其他,555万,21087元/平米,2008年
府河音乐花园,所在楼层高楼层 (共5层),房屋朝向东,,建筑面积13.5㎡,,13万,9630元/平米,未知年建
伯爵山,5室2厅1厨5卫,320.09㎡,,低楼层 (共4层),装修情况其他,700万,21869元/平米,2011年
南湖国际社区一期,所在楼层地下室 (共0层),房屋朝向东南,,建筑面积22㎡,,9.8万,4455元/平米,未知年建
府河音乐花园,所在楼层中楼层 (共5层),房屋朝向西,,建筑面积13.5㎡,,12万,8889元/平米,未知年建
万科海悦汇城西区,2室2厅1厨1卫,59.02㎡,,高楼层 (共35层),东,150万,25416元/平米,2015年
远光水印城,所在楼层地下室 (共0层),房屋朝向西南,,建筑面积14.92㎡,,10万,6703元/平米,未知年建
御景台,3室2厅1厨2卫,125.6㎡,,低楼层 (共16层),东南 西北,230万,18313元/平米,2005年
万科海悦汇城西区,2室2厅1厨1卫,60.29㎡,,高楼层 (共35层),东南,140万,23222元/平米,2015年
和顺苑,4室2厅1厨2卫,161.15㎡,,高楼层 (共6层),东南,175万,10860元/平米,未知年建/
远光水印城,所在楼层地下室 (共0层),房屋朝向东,,建筑面积14㎡,,10万,7143元/平米,未知年建
府河音乐花园,5室2厅1厨4卫,269.28㎡,,中楼层 (共5层),南,405万,15041元/平米,2001年
石油广都小区,3室2厅1厨2卫,110㎡,,高楼层 (共6层),南,120万,10910元/平米,2002年
利通出水芙蓉,所在楼层低楼层 (共1层),房屋朝向南,,建筑面积19.75㎡,,25万,12659元/平米,2004年
南湖国际社区一期,所在楼层地下室 (共0层),房屋朝向东,,建筑面积28.26㎡,,9万,3185元/平米,未知年建
家益欣城,2室2厅1厨1卫,92.34㎡,,中楼层 (共24层),东,147万,15920元/平米,2010年
宏达世纪锦城,所在楼层地下室 (共0层),房屋朝向南 西,,建筑面积33.54㎡,,8万,2386元/平米,未知年建
南湖国际社区,3室2厅1厨2卫,121.14㎡,,低楼层 (共34层),东,210万,17336元/平米,2010年
蜀郡又一城,4室2厅1厨2卫,130.23㎡,,低楼层 (共31层),北,230万,17662元/平米,2014年
华阳滨河花园,4室2厅1厨2卫,157.39㎡,,低楼层 (共6层),南,280万,17791元/平米,2003年
和泓半山二期,3室2厅1厨3卫,258.22㎡,,低楼层 (共2层),装修情况毛坯,360万,13942元/平米,2014年
复地御香山,4室2厅1厨4卫,201.12㎡,,低楼层 (共3层),装修情况其他,600万,29833元/平米,2013年
益州国际,2室2厅1厨1卫,73.95㎡,,中楼层 (共28层),东南,125万,16904元/平米,2014年
麓山国际云堤曦岸,3室2厅1厨2卫,118.8㎡,,高楼层 (共32层),东南,258万,21718元/平米,2006年
美城悦荣府,2室2厅1厨1卫,65.38㎡,,高楼层 (共34层),北,129.6万,19823元/平米,2017年
南阳盛世,2室1厅1厨1卫,83.41㎡,,中楼层 (共29层),东,130万,15586元/平米,2011年
戛纳湾金棕榈,3室2厅1厨2卫,119.53㎡,,低楼层 (共32层),南 北,240万,20079元/平米,2016年
丽都新城二期,3室2厅1厨2卫,127.14㎡,,高楼层 (共6层),西南,155万,12192元/平米,未知年建
慕和南道,2室2厅1厨1卫,86.16㎡,,高楼层 (共15层),南,160万,18571元/平米,2010年
雅居乐花园香草山,7室2厅1厨7卫,431.25㎡,,低楼层 (共4层),装修情况其他,480万,11131元/平米,2011年
兰桥尚舍,4室2厅1厨2卫,159.12㎡,,中楼层 (共5层),装修情况其他,325万,20425元/平米,2006年
万科海悦汇城西区,2室1厅1厨1卫,61.83㎡,,高楼层 (共35层),东南,142万,22967元/平米,2015年
金茂光明城市,3室2厅1厨2卫,113.39㎡,,高楼层 (共27层),北,230万,20284元/平米,2016年
南湖国际社区,3室2厅1厨2卫,121.62㎡,,中楼层 (共34层),西,200万,16445元/平米,2010年
麓山国际茵特拉肯A,2室2厅1厨1卫,91.22㎡,,高楼层 (共11层),南,200万,21926元/平米,2016年
万科海悦汇城东区,3室2厅1厨2卫,105㎡,,中楼层 (共50层),东北,190万,18096元/平米,2014年
洛森堡,4室2厅1厨2卫,146㎡,,高楼层 (共34层),东南,240万,16439元/平米,2009年
佳兆业君汇上品,4室1厅1厨2卫,138㎡,,高楼层 (共33层),东,260万,18841元/平米,2013年
麓山国际茵特拉肯A,3室2厅1厨2卫,128㎡,,中楼层 (共18层),南,225万,17579元/平米,2016年
万科海悦汇城西区,2室2厅1厨1卫,60.32㎡,,高楼层 (共35层),东南,168万,27852元/平米,2015年
万科海悦汇城东区,4室2厅1厨2卫,123.42㎡,,中楼层 (共50层),南,270万,21877元/平米,2014年
华阳中学宿舍,2室2厅1厨1卫,87.63㎡,,中楼层 (共6层),北,89万,10157元/平米,未知年建/
益州国际,2室2厅1厨1卫,74.13㎡,,低楼层 (共28层),北,130万,17537元/平米,2014年
家益欣城,3室2厅1厨2卫,166.33㎡,,高楼层 (共6层),北,300万,18037元/平米,2010年
成南锦秀,2室2厅1厨1卫,64.44㎡,,中楼层 (共16层),东,110万,17071元/平米,2010年
万科海悦汇城东区,2室1厅1厨1卫,60.32㎡,,高楼层 (共34层),东南,137万,22713元/平米,2014年
南阳盛世,2室1厅1厨1卫,77.15㎡,,中楼层 (共30层),西 西北,138万,17888元/平米,2011年
南湖国际社区,2室2厅1厨1卫,86㎡,,低楼层 (共34层),北,155万,18024元/平米,2010年
南湖国际社区,2室2厅1厨1卫,85㎡,,中楼层 (共34层),西,155万,18236元/平米,2010年
南湖国际社区,3室2厅1厨2卫,123.68㎡,,低楼层 (共34层),北,210万,16980元/平米,2010年
万科海悦汇城西区,2室1厅1厨1卫,56.88㎡,,中楼层 (共35层),东,132万,23207元/平米,2015年
戛纳湾滨江,1室1厅1厨1卫,46.09㎡,,低楼层 (共32层),南 西南,93万,20178元/平米,2010年
世发名居,4室2厅1厨4卫,178.86㎡,,中楼层 (共4层),南,232万,12972元/平米,未知年建/
南湖国际社区一期,3室2厅1厨2卫,114.05㎡,,低楼层 (共34层),东,193万,16923元/平米,2010年
南湖国际社区,4室2厅1厨3卫,160.98㎡,,中楼层 (共34层),东,325万,20189元/平米,2010年
万科海悦汇城西区,2室1厅1厨1卫,62.54㎡,,低楼层 (共35层),东南,142万,22706元/平米,2015年
万科海悦汇城西区,2室1厅1厨1卫,56.9㎡,,中楼层 (共35层),南,150万,26363元/平米,2015年
明珠怡园,2室2厅1厨1卫,97.09㎡,,高楼层 (共6层),南,155万,15965元/平米,2006年
南湖国际社区一期,3室1厅1厨2卫,114.68㎡,,高楼层 (共34层),东,230万,20056元/平米,2010年
物探小区,3室2厅1厨2卫,128㎡,,中楼层 (共7层),东,145万,11329元/平米,未知年建
成南领寓,2室1厅1厨1卫,98.7㎡,,高楼层 (共31层),南,110万,11145元/平米,2008年
洛森堡,2室1厅1厨1卫,64.89㎡,,高楼层 (共28层),东南,125万,19264元/平米,2009年
洛森堡,所在楼层地下室 (共0层),房屋朝向东南,,建筑面积36.11㎡,,6.8万,1884元/平米,未知年建
南湖国际社区,所在楼层地下室 (共0层),房屋朝向东南,,建筑面积31.63㎡,,9万,2846元/平米,未知年建
慕和南道,2室2厅1厨1卫,88.42㎡,,低楼层 (共32层),东南 南,200万,22620元/平米,2010年
慕和南道,所在楼层地下室 (共0层),房屋朝向东,,建筑面积29.14㎡,,11.5万,3947元/平米,2010年
三利云锦,3室2厅1厨2卫,130.69㎡,,高楼层 (共37层),南,325万,24869元/平米,2013年
洛森堡,所在楼层地下室 (共0层),房屋朝向南,,建筑面积37.68㎡,,14万,3716元/平米,2009年
万科海悦汇城西区,所在楼层地下室 (共0层),房屋朝向南,,建筑面积51.8㎡,,12万,2317元/平米,未知年建
万科海悦汇城西区,所在楼层地下室 (共0层),房屋朝向东南,,建筑面积42.36㎡,,15万,3542元/平米,未知年建
新鸿基悦城,所在楼层地下室 (共0层),房屋朝向东,,建筑面积38.61㎡,,15万,3886元/平米,未知年建
新鸿基悦城,所在楼层地下室 (共0层),房屋朝向东,,建筑面积38.61㎡,,12万,3109元/平米,未知年建
南湖国际社区,所在楼层地下室 (共0层),房屋朝向东,,建筑面积30.94㎡,,10万,3233元/平米,未知年建
南湖国际社区,所在楼层地下室 (共0层),房屋朝向东,,建筑面积31.63㎡,,10万,3162元/平米,未知年建
家益欣城,所在楼层地下室 (共1层),房屋朝向东,,建筑面积30.86㎡,,12万,3889元/平米,未知年建
瑞升橡树林华府,2室1厅1厨1卫,64.29㎡,,高楼层 (共26层),北,127万,19755元/平米,未知年建/
慕和南道,4室2厅1厨2卫,159.97㎡,,低楼层 (共33层),南 北,300万,18754元/平米,2010年
鑫苑鑫都汇,2室2厅1厨1卫,64.33㎡,,低楼层 (共32层),西,126万,19587元/平米,2016年
碧桂园海昌天澜,4室2厅1厨5卫,266.4㎡,,低楼层 (共3层),装修情况毛坯,420万,15766元/平米,2016年
蜀郡又一城,所在楼层地下室 (共0层),房屋朝向南,,建筑面积34.31㎡,,11万,3207元/平米,未知年建
麓山国际茵特拉肯A,4室1厅1厨2卫,199.32㎡,,低楼层 (共18层),南,330万,16557元/平米,2016年
锦官丽城亲水湾,4室2厅1厨2卫,197.32㎡,,中楼层 (共4层),装修情况其他,430万,21793元/平米,2006年
南湖国际社区,3室2厅1厨2卫,124.44㎡,,低楼层 (共34层),西,240万,19287元/平米,2010年
恒大名都,2室1厅1厨1卫,76.53㎡,,高楼层 (共31层),西,160万,20907元/平米,2012年
府河音乐花园,3室2厅1厨2卫,131.2㎡,,高楼层 (共6层),南,170万,12958元/平米,2001年
万科海悦汇城西区,2室1厅1厨1卫,52.93㎡,,中楼层 (共35层),东南,145万,27395元/平米,2015年
和泓半山二期,4室2厅1厨4卫,298.11㎡,,低楼层 (共4层),装修情况其他,400万,13418元/平米,2014年
成南领寓,1室1厅0厨1卫,48.07㎡,,低楼层 (共31层),西,53万,11026元/平米,2008年
永泰雅居,3室1厅1厨2卫,114.19㎡,,低楼层 (共6层),东,172万,15063元/平米,2003年
南湖国际社区,所在楼层地下室 (共0层),房屋朝向东,,建筑面积42.82㎡,,11万,2569元/平米,未知年建
南湖国际社区,3室2厅1厨2卫,141.65㎡,,低楼层 (共34层),东南,240万,16944元/平米,2010年
成都玩家,3室1厅1厨2卫,87.5㎡,,中楼层 (共36层),西南,210万,24000元/平米,2016年
永泰雅居,3室1厅1厨2卫,114.19㎡,,低楼层 (共6层),东,172万,15063元/平米,2003年
南湖国际社区,所在楼层地下室 (共0层),房屋朝向西,,建筑面积46.55㎡,,11万,2364元/平米,未知年建
南湖国际社区一期,所在楼层地下室 (共0层),房屋朝向东,,建筑面积31.2㎡,,10万,3206元/平米,未知年建
蜀郡,6室3厅1厨3卫,391.71㎡,,地下室 (共3层),装修情况其他,700万,17871元/平米,2010年
麓湖生态城蓝花屿,5室2厅2厨4卫,438.68㎡,,低楼层 (共2层),装修情况其他,1200万,27355元/平米,2013年
万科海悦汇城东区,2室2厅1厨1卫,60.51㎡,,中楼层 (共35层),东南,150万,24790元/平米,2014年
蜀郡,3室2厅1厨2卫,148㎡,,中楼层 (共4层),南,280万,18919元/平米,2010年
万科海悦汇城西区,2室1厅1厨1卫,62.54㎡,,低楼层 (共35层),西南,145万,23186元/平米,2015年
华阳滨河花园,4室3厅1厨2卫,173㎡,,中楼层 (共6层),西南,223万,12891元/平米,2003年
金茂光明城市,3室2厅1厨2卫,121.35㎡,,中楼层 (共33层),南,225万,18542元/平米,2016年
雅居乐花园,1室1厅1厨1卫,56.18㎡,,中楼层 (共11层),西,83万,14774元/平米,2008年
园丁嘉园,2室2厅1厨1卫,72.68㎡,,高楼层 (共6层),东南,70万,9632元/平米,未知年建/
南阳盛世,3室2厅1厨2卫,116.63㎡,,高楼层 (共29层),东,195万,16720元/平米,2011年
南湖国际社区,所在楼层地下室 (共0层),房屋朝向东,,建筑面积30㎡,,9.5万,3167元/平米,未知年建
和泓半山二期,4室2厅1厨4卫,298.31㎡,,低楼层 (共3层),装修情况毛坯,400万,13409元/平米,2014年
和泓半山二期,4室3厅1厨3卫,287.57㎡,,低楼层 (共4层),装修情况毛坯,600万,20865元/平米,2014年
南延线蔚蓝卡地亚,4室2厅1厨2卫,270㎡,,低楼层 (共3层),装修情况精装,700万,25926元/平米,2015年
蜀郡又一城,所在楼层地下室 (共0层),房屋朝向东,,建筑面积34.31㎡,,11万,3207元/平米,未知年建
恒大名都,3室2厅1厨1卫,87.18㎡,,中楼层 (共32层),东,160万,18353元/平米,2012年
雅居乐花园,3室1厅1厨2卫,126.88㎡,,低楼层 (共18层),南,180万,14187元/平米,2009年
恒大名都,3室2厅1厨2卫,105㎡,,低楼层 (共31层),东,200万,19048元/平米,2012年
恒大名都,3室2厅1厨2卫,124㎡,,高楼层 (共32层),西南,240万,19355元/平米,2012年
麓山国际茵特拉肯B区,3室2厅1厨2卫,171.07㎡,,中楼层 (共27层),南,400万,23383元/平米,2006年
心怡紫晶城,3室2厅1厨2卫,133.44㎡,,中楼层 (共26层),东南,200万,14989元/平米,2011年
欧香小镇,3室2厅1厨2卫,202㎡,,中楼层 (共31层),南,300万,14852元/平米,2014年
南湖国际社区,3室2厅1厨2卫,123.67㎡,,高楼层 (共34层),北,195万,15768元/平米,2010年
恒大天府半岛一期,2室2厅1厨1卫,89.93㎡,,低楼层 (共29层),东,165万,18348元/平米,2017年
麓山国际帕萨迪纳1组,2室2厅1厨1卫,98㎡,,中楼层 (共5层),南,270万,27552元/平米,2006年
成南锦秀,1室1厅1厨1卫,55.44㎡,,低楼层 (共16层),南,102万,18399元/平米,2007年
景茂城果,所在楼层地下室 (共0层),房屋朝向南,,建筑面积31.14㎡,,8万,2570元/平米,未知年建
南湖国际社区,3室2厅1厨2卫,129.12㎡,,中楼层 (共34层),北,260万,20137元/平米,2010年
洛森堡,4室2厅1厨2卫,113㎡,,低楼层 (共34层),南,195万,17257元/平米,2009年
蓝山溪谷,5室3厅1厨4卫,184.21㎡,,低楼层 (共3层),装修情况其他,380万,20629元/平米,2009年
恒大名都,3室2厅1厨2卫,105㎡,,中楼层 (共32层),西南,195万,18572元/平米,2012年
南延线蔚蓝卡地亚,5室2厅1厨4卫,473㎡,,低楼层 (共3层),装修情况其他,1300万,27485元/平米,2015年
左岸花都,3室2厅1厨2卫,135㎡,,低楼层 (共6层),南,243万,18000元/平米,2003年
建发浅水湾,7室3厅1厨3卫,582.44㎡,,低楼层 (共3层),装修情况其他,1160万,19917元/平米,2012年
雅居乐花园,6室3厅1厨6卫,356.93㎡,,高楼层 (共30层),南 北,380万,10647元/平米,2010年
麓山国际香溪堤,4室3厅2厨5卫,399.06㎡,,低楼层 (共3层),装修情况其他,1650万,41348元/平米,2008年
洛森堡,3室2厅1厨1卫,91.66㎡,,中楼层 (共32层),南,170万,18547元/平米,2009年
麓山国际翠云岭,4室2厅1厨4卫,357.28㎡,,低楼层 (共3层),装修情况其他,1400万,39185元/平米,2010年
麓山国际翠云岭,4室2厅1厨4卫,330.72㎡,,低楼层 (共3层),装修情况其他,880万,26609元/平米,2010年
麓山国际茵特拉肯B区,4室2厅1厨5卫,255㎡,,中楼层 (共27层),南 北,510万,20000元/平米,2006年
恒大名都,3室1厅1厨2卫,129㎡,,中楼层 (共31层),西南,219.3万,17000元/平米,2012年
蜀郡又一城,3室2厅1厨1卫,90.96㎡,,低楼层 (共31层),西,182万,20000元/平米,2014年
南湖国际社区一期,所在楼层地下室 (共0层),房屋朝向东,,建筑面积27.67㎡,,8.8万,3181元/平米,未知年建
麓山国际云曦台,3室1厅1厨2卫,99.24㎡,,中楼层 (共30层),南,180万,18138元/平米,2015年
麓山国际云曦台,3室2厅1厨1卫,100.41㎡,,低楼层 (共24层),南,170万,16931元/平米,2015年
雅居乐花园,4室2厅1厨2卫,154.49㎡,,低楼层 (共11层),北,200万,12946元/平米,2008年
恒大名都,1室1厅1厨1卫,50.79㎡,,高楼层 (共31层),东,90万,17721元/平米,2012年
万科海悦汇城东区,3室2厅1厨2卫,105.47㎡,,高楼层 (共50层),南 北,190万,18015元/平米,2014年
府河音乐花园,所在楼层高楼层 (共4层),房屋朝向东,,建筑面积13.5㎡,,13.5万,10000元/平米,未知年建
南湖国际社区一期,所在楼层地下室 (共0层),房屋朝向东南,,建筑面积29㎡,,11.1万,3828元/平米,未知年建
麓山国际圣芭芭拉,5室3厅2厨3卫,383.37㎡,,低楼层 (共5层),装修情况其他,620万,16173元/平米,2010年
万科海悦汇城西区,2室2厅1厨1卫,62.54㎡,,低楼层 (共35层),西北,150万,23985元/平米,2015年
麓山国际云堤曦岸,4室2厅1厨2卫,172㎡,,中楼层 (共32层),南,455万,26454元/平米,2006年
麓山国际圣芭芭拉,4室3厅1厨3卫,236㎡,,中楼层 (共5层),装修情况其他,650万,27543元/平米,2010年
洛森堡,2室2厅1厨1卫,87㎡,,高楼层 (共34层),南,150万,17242元/平米,2009年
新鸿基悦城,4室2厅1厨2卫,167.42㎡,,中楼层 (共30层),北,299万,17860元/平米,2012年
家益欣城,所在楼层地下室 (共1层),房屋朝向南,,建筑面积32.15㎡,,9.2万,2862元/平米,未知年建
心怡紫晶城,4室2厅1厨2卫,154.04㎡,,低楼层 (共31层),东南,320万,20774元/平米,2011年
万科海悦汇城东区,2室1厅1厨1卫,59.23㎡,,高楼层 (共34层),西,130万,21949元/平米,2014年
雅居乐花园,3室2厅1厨2卫,131.51㎡,,中楼层 (共11层),东南,230万,17490元/平米,2008年
家益欣城,3室2厅1厨2卫,127.47㎡,,低楼层 (共25层),东,200万,15690元/平米,2010年
万科海悦汇城西区,2室2厅1厨1卫,62.34㎡,,高楼层 (共35层),东,140万,22458元/平米,2015年
府河音乐花园,3室2厅1厨2卫,122.87㎡,,中楼层 (共6层),南,160万,13022元/平米,2001年
双兴名邸四季春天,4室2厅1厨2卫,144.46㎡,,中楼层 (共6层),南,180万,12461元/平米,2006年
雅居乐花园峰会北区,3室2厅1厨4卫,152.6㎡,,低楼层 (共3层),装修情况其他,400万,26213元/平米,2009年
洛森堡,所在楼层地下室 (共0层),房屋朝向南,,建筑面积34.25㎡,,12万,3504元/平米,2009年
万科海悦汇城东区,2室1厅1厨1卫,60.41㎡,,中楼层 (共34层),西北,140万,23175元/平米,2014年
万科海悦汇城东区,3室2厅1厨2卫,105㎡,,高楼层 (共50层),东北,190万,18096元/平米,2014年
万科海悦汇城东区,2室2厅1厨1卫,58㎡,,中楼层 (共34层),西北,140万,24138元/平米,2014年
恒大天府半岛一期,3室2厅1厨2卫,141㎡,,中楼层 (共33层),东南,265万,18795元/平米,2017年
万科海悦汇城西区,2室1厅1厨1卫,60.03㎡,,高楼层 (共35层),东南,130万,21656元/平米,2015年
洛森堡,2室2厅1厨1卫,80㎡,,高楼层 (共34层),北,155万,19375元/平米,2009年
心怡紫晶城,3室2厅1厨2卫,131㎡,,中楼层 (共31层),东南,220万,16794元/平米,2011年
南湖国际社区,3室2厅1厨2卫,165.48㎡,,高楼层 (共34层),东,300万,18130元/平米,2010年
景茂城果,1室1厅1厨1卫,52.5㎡,,高楼层 (共24层),南,105万,20000元/平米,2012年
麓山国际茵特拉肯B区,4室2厅1厨3卫,253.52㎡,,低楼层 (共29层),东南,550万,21695元/平米,2006年
建发浅水湾,5室3厅1厨4卫,536.06㎡,,低楼层 (共3层),装修情况毛坯,1500万,27982元/平米,2012年
复地御香山,6室2厅1厨4卫,450㎡,,低楼层 (共3层),装修情况其他,1600万,35556元/平米,未知年建
麓山国际圆石滩,4室2厅2厨3卫,311.69㎡,,低楼层 (共3层),装修情况其他,950万,30480元/平米,2005年
万科海悦汇城东区,3室1厅1厨2卫,105㎡,,中楼层 (共50层),东北,190万,18096元/平米,2014年
成都玩家,2室1厅1厨1卫,58.03㎡,,低楼层 (共36层),南,130万,22403元/平米,2016年
益州国际,2室2厅1厨1卫,70.36㎡,,高楼层 (共28层),东南,125万,17766元/平米,2014年
万科海悦汇城东区,2室1厅1厨1卫,58.7㎡,,低楼层 (共34层),东南 东北,138万,23510元/平米,2014年
雅居乐花园,3室2厅1厨1卫,117㎡,,高楼层 (共11层),东南,180万,15385元/平米,2008年
